dataset_id,provider,official_url,free,license_or_terms,coverage_start,coverage_end,native_frequency,publication_delay,revision_policy,historical_vintages_available,causal_available_at,schema,format,quality,gaps,survivorship_status,corporate_actions,timezone,calendar,download_method,reproducibility,free_fallback,classification,rejection_reason
DS001,State Street Global Advisors — SPDR S&P 500 ETF Trust,https://www.ssga.com/us/en/intermediary/etfs/spdr-sp-500-etf-trust-spy,true,"Review provider terms before automated download; store retrieval code, URLs and hashes, not restricted raw redistribution.",1993-01-22,current_or_provider_archive,event/daily fund record,after declaration/payment schedule,fund records may be restated for corrections,no,"Use the actual provider release/publication timestamp; if unavailable, lag conservatively to the next SPY session.","Provider-specific; normalize to observation_time, release_time, value, vintage, source_version.",CSV/XLSX/JSON/HTML/provider file as documented,medium_after_repair,Official distributions and fund identity; does not by itself provide a complete adjusted OHLC history.,not_applicable_or_documented; point-in-time membership required for any cross-section.,SPY price sources must expose or permit reconstruction of distributions/splits; otherwise not execution-grade.,Provider timezone; normalize release timestamps to America/New_York without changing historical DST.,Map observations to NYSE/SPY sessions with explicit holiday and non-session rules.,"Versioned adapter with raw-byte SHA-256, HTTP metadata and retrieval timestamp.",deterministic_after_snapshot,See data_acquisition_plan.md; never substitute silently.,usable_after_repair,
DS002,Stooq — SPY.US daily OHLCV,https://stooq.com/q/d/?s=spy.us,true,"Review provider terms before automated download; store retrieval code, URLs and hashes, not restricted raw redistribution.",1993-01-29,current_or_provider_archive,daily,end of day,vendor may correct history,no,"Use the actual provider release/publication timestamp; if unavailable, lag conservatively to the next SPY session.","Provider-specific; normalize to observation_time, release_time, value, vintage, source_version.",CSV/XLSX/JSON/HTML/provider file as documented,medium_after_repair,Free OHLCV; adjustment semantics and terms must be snapshotted and cross-checked.,not_applicable_or_documented; point-in-time membership required for any cross-section.,SPY price sources must expose or permit reconstruction of distributions/splits; otherwise not execution-grade.,Provider timezone; normalize release timestamps to America/New_York without changing historical DST.,Map observations to NYSE/SPY sessions with explicit holiday and non-session rules.,"Versioned adapter with raw-byte SHA-256, HTTP metadata and retrieval timestamp.",deterministic_after_snapshot,See data_acquisition_plan.md; never substitute silently.,usable_after_repair,
DS003,Yahoo Finance — SPY chart/history endpoint,https://finance.yahoo.com/quote/SPY/history/,true,"Review provider terms before automated download; store retrieval code, URLs and hashes, not restricted raw redistribution.",1993-01-29,current_or_provider_archive,daily,end of day,vendor can revise/correct,no,"Use the actual provider release/publication timestamp; if unavailable, lag conservatively to the next SPY session.","Provider-specific; normalize to observation_time, release_time, value, vintage, source_version.",CSV/XLSX/JSON/HTML/provider file as documented,medium_after_repair,Free public display/API behavior is unofficial for research automation; use only with terms review and a second source.,not_applicable_or_documented; point-in-time membership required for any cross-section.,SPY price sources must expose or permit reconstruction of distributions/splits; otherwise not execution-grade.,Provider timezone; normalize release timestamps to America/New_York without changing historical DST.,Map observations to NYSE/SPY sessions with explicit holiday and non-session rules.,"Versioned adapter with raw-byte SHA-256, HTTP metadata and retrieval timestamp.",deterministic_after_snapshot,See data_acquisition_plan.md; never substitute silently.,usable_after_repair,
DS004,Cboe — VIX historical data,https://www.cboe.com/tradable_products/vix/vix_historical_data/,true,"Review provider terms before automated download; store retrieval code, URLs and hashes, not restricted raw redistribution.",1990-01-02,current_or_provider_archive,daily,after close,Cboe may correct history,no,"Use the actual provider release/publication timestamp; if unavailable, lag conservatively to the next SPY session.","Provider-specific; normalize to observation_time, release_time, value, vintage, source_version.",CSV/XLSX/JSON/HTML/provider file as documented,high,Official VIX daily archive.,not_applicable_or_documented; point-in-time membership required for any cross-section.,SPY price sources must expose or permit reconstruction of distributions/splits; otherwise not execution-grade.,Provider timezone; normalize release timestamps to America/New_York without changing historical DST.,Map observations to NYSE/SPY sessions with explicit holiday and non-session rules.,"Versioned adapter with raw-byte SHA-256, HTTP metadata and retrieval timestamp.",deterministic_after_snapshot,See data_acquisition_plan.md; never substitute silently.,usable_now,
DS005,Cboe — VXO historical data,https://www.cboe.com/tradable_products/vix/vix_historical_data/,true,"Review provider terms before automated download; store retrieval code, URLs and hashes, not restricted raw redistribution.",1986-01-02,current_or_provider_archive,daily,after close,may be corrected,no,"Use the actual provider release/publication timestamp; if unavailable, lag conservatively to the next SPY session.","Provider-specific; normalize to observation_time, release_time, value, vintage, source_version.",CSV/XLSX/JSON/HTML/provider file as documented,high,Official legacy volatility index archive.,not_applicable_or_documented; point-in-time membership required for any cross-section.,SPY price sources must expose or permit reconstruction of distributions/splits; otherwise not execution-grade.,Provider timezone; normalize release timestamps to America/New_York without changing historical DST.,Map observations to NYSE/SPY sessions with explicit holiday and non-session rules.,"Versioned adapter with raw-byte SHA-256, HTTP metadata and retrieval timestamp.",deterministic_after_snapshot,See data_acquisition_plan.md; never substitute silently.,usable_now,
DS006,Cboe — SKEW historical data,https://www.cboe.com/us/indices/dashboard/skew/,true,"Review provider terms before automated download; store retrieval code, URLs and hashes, not restricted raw redistribution.",1990-01-02,current_or_provider_archive,daily,after close,may be corrected,no,"Use the actual provider release/publication timestamp; if unavailable, lag conservatively to the next SPY session.","Provider-specific; normalize to observation_time, release_time, value, vintage, source_version.",CSV/XLSX/JSON/HTML/provider file as documented,high,Official tail-skew index values; historical dissemination status must be checked for early backfills.,not_applicable_or_documented; point-in-time membership required for any cross-section.,SPY price sources must expose or permit reconstruction of distributions/splits; otherwise not execution-grade.,Provider timezone; normalize release timestamps to America/New_York without changing historical DST.,Map observations to NYSE/SPY sessions with explicit holiday and non-session rules.,"Versioned adapter with raw-byte SHA-256, HTTP metadata and retrieval timestamp.",deterministic_after_snapshot,See data_acquisition_plan.md; never substitute silently.,usable_now,
DS007,Cboe — VVIX historical data,https://www.cboe.com/us/indices/dashboard/vvix/,true,"Review provider terms before automated download; store retrieval code, URLs and hashes, not restricted raw redistribution.",2007-01-03,current_or_provider_archive,daily,after close,may be corrected,no,"Use the actual provider release/publication timestamp; if unavailable, lag conservatively to the next SPY session.","Provider-specific; normalize to observation_time, release_time, value, vintage, source_version.",CSV/XLSX/JSON/HTML/provider file as documented,high,Official volatility-of-volatility index archive.,not_applicable_or_documented; point-in-time membership required for any cross-section.,SPY price sources must expose or permit reconstruction of distributions/splits; otherwise not execution-grade.,Provider timezone; normalize release timestamps to America/New_York without changing historical DST.,Map observations to NYSE/SPY sessions with explicit holiday and non-session rules.,"Versioned adapter with raw-byte SHA-256, HTTP metadata and retrieval timestamp.",deterministic_after_snapshot,See data_acquisition_plan.md; never substitute silently.,usable_now,
DS008,Cboe — VIX9D index history,https://www.cboe.com/us/indices/dashboard/vix9d/,true,"Review provider terms before automated download; store retrieval code, URLs and hashes, not restricted raw redistribution.",2011-01-03,current_or_provider_archive,daily,after close,may be corrected,no,"Use the actual provider release/publication timestamp; if unavailable, lag conservatively to the next SPY session.","Provider-specific; normalize to observation_time, release_time, value, vintage, source_version.",CSV/XLSX/JSON/HTML/provider file as documented,high,Post-train-start index; candidate availability begins only when causally disseminated.,not_applicable_or_documented; point-in-time membership required for any cross-section.,SPY price sources must expose or permit reconstruction of distributions/splits; otherwise not execution-grade.,Provider timezone; normalize release timestamps to America/New_York without changing historical DST.,Map observations to NYSE/SPY sessions with explicit holiday and non-session rules.,"Versioned adapter with raw-byte SHA-256, HTTP metadata and retrieval timestamp.",deterministic_after_snapshot,See data_acquisition_plan.md; never substitute silently.,usable_now,
DS009,Cboe — VIX3M index history,https://www.cboe.com/us/indices/dashboard/vix3m/,true,"Review provider terms before automated download; store retrieval code, URLs and hashes, not restricted raw redistribution.",2007-12-04,current_or_provider_archive,daily,after close,may be corrected,no,"Use the actual provider release/publication timestamp; if unavailable, lag conservatively to the next SPY session.","Provider-specific; normalize to observation_time, release_time, value, vintage, source_version.",CSV/XLSX/JSON/HTML/provider file as documented,high,Official medium-term implied-volatility index.,not_applicable_or_documented; point-in-time membership required for any cross-section.,SPY price sources must expose or permit reconstruction of distributions/splits; otherwise not execution-grade.,Provider timezone; normalize release timestamps to America/New_York without changing historical DST.,Map observations to NYSE/SPY sessions with explicit holiday and non-session rules.,"Versioned adapter with raw-byte SHA-256, HTTP metadata and retrieval timestamp.",deterministic_after_snapshot,See data_acquisition_plan.md; never substitute silently.,usable_now,
DS010,Cboe — VIX6M index history,https://www.cboe.com/us/indices/dashboard/vix6m/,true,"Review provider terms before automated download; store retrieval code, URLs and hashes, not restricted raw redistribution.",2008-01-03,current_or_provider_archive,daily,after close,may be corrected,no,"Use the actual provider release/publication timestamp; if unavailable, lag conservatively to the next SPY session.","Provider-specific; normalize to observation_time, release_time, value, vintage, source_version.",CSV/XLSX/JSON/HTML/provider file as documented,high,Official six-month implied-volatility index.,not_applicable_or_documented; point-in-time membership required for any cross-section.,SPY price sources must expose or permit reconstruction of distributions/splits; otherwise not execution-grade.,Provider timezone; normalize release timestamps to America/New_York without changing historical DST.,Map observations to NYSE/SPY sessions with explicit holiday and non-session rules.,"Versioned adapter with raw-byte SHA-256, HTTP metadata and retrieval timestamp.",deterministic_after_snapshot,See data_acquisition_plan.md; never substitute silently.,usable_now,
DS011,Cboe Futures Exchange — historical VIX futures data,https://www.cboe.com/us/futures/market_statistics/historical_data/,true,"Review provider terms before automated download; store retrieval code, URLs and hashes, not restricted raw redistribution.",2004-03-26,current_or_provider_archive,daily settlement,after settlement publication,contract corrections possible,no,"Use the actual provider release/publication timestamp; if unavailable, lag conservatively to the next SPY session.","Provider-specific; normalize to observation_time, release_time, value, vintage, source_version.",CSV/XLSX/JSON/HTML/provider file as documented,medium_after_repair,Official contract files; must build continuous curves without lookahead and preserve roll mapping.,not_applicable_or_documented; point-in-time membership required for any cross-section.,SPY price sources must expose or permit reconstruction of distributions/splits; otherwise not execution-grade.,Provider timezone; normalize release timestamps to America/New_York without changing historical DST.,Map observations to NYSE/SPY sessions with explicit holiday and non-session rules.,"Versioned adapter with raw-byte SHA-256, HTTP metadata and retrieval timestamp.",deterministic_after_snapshot,See data_acquisition_plan.md; never substitute silently.,usable_after_repair,
DS012,Cboe — historical put/call ratios,https://www.cboe.com/us/options/market_statistics/historical_data/,true,"Review provider terms before automated download; store retrieval code, URLs and hashes, not restricted raw redistribution.",2006-11-01,current_or_provider_archive,daily,after market statistics final,may be corrected,no,"Use the actual provider release/publication timestamp; if unavailable, lag conservatively to the next SPY session.","Provider-specific; normalize to observation_time, release_time, value, vintage, source_version.",CSV/XLSX/JSON/HTML/provider file as documented,medium_after_repair,Official archived aggregate ratios; availability and category definitions change over time.,not_applicable_or_documented; point-in-time membership required for any cross-section.,SPY price sources must expose or permit reconstruction of distributions/splits; otherwise not execution-grade.,Provider timezone; normalize release timestamps to America/New_York without changing historical DST.,Map observations to NYSE/SPY sessions with explicit holiday and non-session rules.,"Versioned adapter with raw-byte SHA-256, HTTP metadata and retrieval timestamp.",deterministic_after_snapshot,See data_acquisition_plan.md; never substitute silently.,usable_after_repair,
DS013,Cboe — daily options market statistics,https://www.cboe.com/us/options/market_statistics/daily/,true,"Review provider terms before automated download; store retrieval code, URLs and hashes, not restricted raw redistribution.",2006-01-01,current_or_provider_archive,daily,after final daily bulletin,may be corrected,no,"Use the actual provider release/publication timestamp; if unavailable, lag conservatively to the next SPY session.","Provider-specific; normalize to observation_time, release_time, value, vintage, source_version.",CSV/XLSX/JSON/HTML/provider file as documented,medium_after_repair,Official daily totals; archive ingestion and publication timestamp require repair.,not_applicable_or_documented; point-in-time membership required for any cross-section.,SPY price sources must expose or permit reconstruction of distributions/splits; otherwise not execution-grade.,Provider timezone; normalize release timestamps to America/New_York without changing historical DST.,Map observations to NYSE/SPY sessions with explicit holiday and non-session rules.,"Versioned adapter with raw-byte SHA-256, HTTP metadata and retrieval timestamp.",deterministic_after_snapshot,See data_acquisition_plan.md; never substitute silently.,usable_after_repair,
DS014,CFTC — historical compressed legacy COT,https://www.cftc.gov/MarketReports/CommitmentsofTraders/HistoricalCompressed/index.htm,true,"Review provider terms before automated download; store retrieval code, URLs and hashes, not restricted raw redistribution.",1986-01-07,current_or_provider_archive,weekly,Friday release for Tuesday positions,official corrections possible,no,"Use the actual provider release/publication timestamp; if unavailable, lag conservatively to the next SPY session.","Provider-specific; normalize to observation_time, release_time, value, vintage, source_version.",CSV/XLSX/JSON/HTML/provider file as documented,high,"Use release date, not Tuesday observation date, for causal availability.",not_applicable_or_documented; point-in-time membership required for any cross-section.,SPY price sources must expose or permit reconstruction of distributions/splits; otherwise not execution-grade.,Provider timezone; normalize release timestamps to America/New_York without changing historical DST.,Map observations to NYSE/SPY sessions with explicit holiday and non-session rules.,"Versioned adapter with raw-byte SHA-256, HTTP metadata and retrieval timestamp.",deterministic_after_snapshot,See data_acquisition_plan.md; never substitute silently.,usable_now,
DS015,CFTC — Traders in Financial Futures historical data,https://www.cftc.gov/MarketReports/CommitmentsofTraders/HistoricalCompressed/index.htm,true,"Review provider terms before automated download; store retrieval code, URLs and hashes, not restricted raw redistribution.",2009-06-16,current_or_provider_archive,weekly,Friday release,official corrections possible,no,"Use the actual provider release/publication timestamp; if unavailable, lag conservatively to the next SPY session.","Provider-specific; normalize to observation_time, release_time, value, vintage, source_version.",CSV/XLSX/JSON/HTML/provider file as documented,high,Financial-futures positioning with explicit release lag.,not_applicable_or_documented; point-in-time membership required for any cross-section.,SPY price sources must expose or permit reconstruction of distributions/splits; otherwise not execution-grade.,Provider timezone; normalize release timestamps to America/New_York without changing historical DST.,Map observations to NYSE/SPY sessions with explicit holiday and non-session rules.,"Versioned adapter with raw-byte SHA-256, HTTP metadata and retrieval timestamp.",deterministic_after_snapshot,See data_acquisition_plan.md; never substitute silently.,usable_now,
DS016,Federal Reserve / FRED — 10-Year Treasury Constant Maturity Rate,https://fred.stlouisfed.org/series/DGS10,true,"Review provider terms before automated download; store retrieval code, URLs and hashes, not restricted raw redistribution.",1962-01-02,current_or_provider_archive,daily business day,published same/next business day,occasional corrections,yes_via_ALFRED,"Use the actual provider release/publication timestamp; if unavailable, lag conservatively to the next SPY session.","Provider-specific; normalize to observation_time, release_time, value, vintage, source_version.",CSV/XLSX/JSON/HTML/provider file as documented,high,Daily yield; use release metadata/as-of rule.,not_applicable_or_documented; point-in-time membership required for any cross-section.,SPY price sources must expose or permit reconstruction of distributions/splits; otherwise not execution-grade.,Provider timezone; normalize release timestamps to America/New_York without changing historical DST.,Map observations to NYSE/SPY sessions with explicit holiday and non-session rules.,"Versioned adapter with raw-byte SHA-256, HTTP metadata and retrieval timestamp.",deterministic_after_snapshot,See data_acquisition_plan.md; never substitute silently.,usable_now,
DS017,Federal Reserve / FRED — 2-Year Treasury Constant Maturity Rate,https://fred.stlouisfed.org/series/DGS2,true,"Review provider terms before automated download; store retrieval code, URLs and hashes, not restricted raw redistribution.",1976-06-01,current_or_provider_archive,daily business day,published same/next business day,occasional corrections,yes_via_ALFRED,"Use the actual provider release/publication timestamp; if unavailable, lag conservatively to the next SPY session.","Provider-specific; normalize to observation_time, release_time, value, vintage, source_version.",CSV/XLSX/JSON/HTML/provider file as documented,high,Daily yield.,not_applicable_or_documented; point-in-time membership required for any cross-section.,SPY price sources must expose or permit reconstruction of distributions/splits; otherwise not execution-grade.,Provider timezone; normalize release timestamps to America/New_York without changing historical DST.,Map observations to NYSE/SPY sessions with explicit holiday and non-session rules.,"Versioned adapter with raw-byte SHA-256, HTTP metadata and retrieval timestamp.",deterministic_after_snapshot,See data_acquisition_plan.md; never substitute silently.,usable_now,
DS018,Federal Reserve / FRED — 3-Month Treasury Constant Maturity Rate,https://fred.stlouisfed.org/series/DGS3MO,true,"Review provider terms before automated download; store retrieval code, URLs and hashes, not restricted raw redistribution.",1981-09-01,current_or_provider_archive,daily business day,published same/next business day,occasional corrections,yes_via_ALFRED,"Use the actual provider release/publication timestamp; if unavailable, lag conservatively to the next SPY session.","Provider-specific; normalize to observation_time, release_time, value, vintage, source_version.",CSV/XLSX/JSON/HTML/provider file as documented,high,Daily yield.,not_applicable_or_documented; point-in-time membership required for any cross-section.,SPY price sources must expose or permit reconstruction of distributions/splits; otherwise not execution-grade.,Provider timezone; normalize release timestamps to America/New_York without changing historical DST.,Map observations to NYSE/SPY sessions with explicit holiday and non-session rules.,"Versioned adapter with raw-byte SHA-256, HTTP metadata and retrieval timestamp.",deterministic_after_snapshot,See data_acquisition_plan.md; never substitute silently.,usable_now,
DS019,FRED — 10-Year minus 2-Year Treasury spread,https://fred.stlouisfed.org/series/T10Y2Y,true,"Review provider terms before automated download; store retrieval code, URLs and hashes, not restricted raw redistribution.",1976-06-01,current_or_provider_archive,daily,after component publication,derived/revised with components,yes_via_ALFRED,"Use the actual provider release/publication timestamp; if unavailable, lag conservatively to the next SPY session.","Provider-specific; normalize to observation_time, release_time, value, vintage, source_version.",CSV/XLSX/JSON/HTML/provider file as documented,high,Prefer deriving from source yields to control timestamps.,not_applicable_or_documented; point-in-time membership required for any cross-section.,SPY price sources must expose or permit reconstruction of distributions/splits; otherwise not execution-grade.,Provider timezone; normalize release timestamps to America/New_York without changing historical DST.,Map observations to NYSE/SPY sessions with explicit holiday and non-session rules.,"Versioned adapter with raw-byte SHA-256, HTTP metadata and retrieval timestamp.",deterministic_after_snapshot,See data_acquisition_plan.md; never substitute silently.,usable_now,
DS020,FRED — 10-Year minus 3-Month Treasury spread,https://fred.stlouisfed.org/series/T10Y3M,true,"Review provider terms before automated download; store retrieval code, URLs and hashes, not restricted raw redistribution.",1982-01-04,current_or_provider_archive,daily,after component publication,derived/revised with components,yes_via_ALFRED,"Use the actual provider release/publication timestamp; if unavailable, lag conservatively to the next SPY session.","Provider-specific; normalize to observation_time, release_time, value, vintage, source_version.",CSV/XLSX/JSON/HTML/provider file as documented,high,Prefer deriving from source yields.,not_applicable_or_documented; point-in-time membership required for any cross-section.,SPY price sources must expose or permit reconstruction of distributions/splits; otherwise not execution-grade.,Provider timezone; normalize release timestamps to America/New_York without changing historical DST.,Map observations to NYSE/SPY sessions with explicit holiday and non-session rules.,"Versioned adapter with raw-byte SHA-256, HTTP metadata and retrieval timestamp.",deterministic_after_snapshot,See data_acquisition_plan.md; never substitute silently.,usable_now,
DS021,Federal Reserve / FRED — Effective Federal Funds Rate,https://fred.stlouisfed.org/series/DFF,true,"Review provider terms before automated download; store retrieval code, URLs and hashes, not restricted raw redistribution.",1954-07-01,current_or_provider_archive,daily,next business day,occasional corrections,yes_via_ALFRED,"Use the actual provider release/publication timestamp; if unavailable, lag conservatively to the next SPY session.","Provider-specific; normalize to observation_time, release_time, value, vintage, source_version.",CSV/XLSX/JSON/HTML/provider file as documented,high,Policy-rate state with release lag.,not_applicable_or_documented; point-in-time membership required for any cross-section.,SPY price sources must expose or permit reconstruction of distributions/splits; otherwise not execution-grade.,Provider timezone; normalize release timestamps to America/New_York without changing historical DST.,Map observations to NYSE/SPY sessions with explicit holiday and non-session rules.,"Versioned adapter with raw-byte SHA-256, HTTP metadata and retrieval timestamp.",deterministic_after_snapshot,See data_acquisition_plan.md; never substitute silently.,usable_now,
DS022,FRED — Moody Baa minus 10-Year Treasury spread,https://fred.stlouisfed.org/series/BAA10YM,true,"Review provider terms before automated download; store retrieval code, URLs and hashes, not restricted raw redistribution.",1986-01-01,current_or_provider_archive,monthly,after month end,components may revise,yes_via_ALFRED,"Use the actual provider release/publication timestamp; if unavailable, lag conservatively to the next SPY session.","Provider-specific; normalize to observation_time, release_time, value, vintage, source_version.",CSV/XLSX/JSON/HTML/provider file as documented,high,Slow credit-spread proxy.,not_applicable_or_documented; point-in-time membership required for any cross-section.,SPY price sources must expose or permit reconstruction of distributions/splits; otherwise not execution-grade.,Provider timezone; normalize release timestamps to America/New_York without changing historical DST.,Map observations to NYSE/SPY sessions with explicit holiday and non-session rules.,"Versioned adapter with raw-byte SHA-256, HTTP metadata and retrieval timestamp.",deterministic_after_snapshot,See data_acquisition_plan.md; never substitute silently.,usable_now,
DS023,ICE BofA US Corporate Index OAS via FRED,https://fred.stlouisfed.org/series/BAMLC0A0CM,true,"Review provider terms before automated download; store retrieval code, URLs and hashes, not restricted raw redistribution.",1996-12-31,current_or_provider_archive,daily,after close/provider release,provider may revise,limited,"Use the actual provider release/publication timestamp; if unavailable, lag conservatively to the next SPY session.","Provider-specific; normalize to observation_time, release_time, value, vintage, source_version.",CSV/XLSX/JSON/HTML/provider file as documented,high,Daily investment-grade OAS; terms prohibit redistributing raw data in package.,not_applicable_or_documented; point-in-time membership required for any cross-section.,SPY price sources must expose or permit reconstruction of distributions/splits; otherwise not execution-grade.,Provider timezone; normalize release timestamps to America/New_York without changing historical DST.,Map observations to NYSE/SPY sessions with explicit holiday and non-session rules.,"Versioned adapter with raw-byte SHA-256, HTTP metadata and retrieval timestamp.",deterministic_after_snapshot,See data_acquisition_plan.md; never substitute silently.,usable_now,
DS024,ICE BofA US High Yield Index OAS via FRED,https://fred.stlouisfed.org/series/BAMLH0A0HYM2,true,"Review provider terms before automated download; store retrieval code, URLs and hashes, not restricted raw redistribution.",1996-12-31,current_or_provider_archive,daily,after close/provider release,provider may revise,limited,"Use the actual provider release/publication timestamp; if unavailable, lag conservatively to the next SPY session.","Provider-specific; normalize to observation_time, release_time, value, vintage, source_version.",CSV/XLSX/JSON/HTML/provider file as documented,high,Daily high-yield OAS.,not_applicable_or_documented; point-in-time membership required for any cross-section.,SPY price sources must expose or permit reconstruction of distributions/splits; otherwise not execution-grade.,Provider timezone; normalize release timestamps to America/New_York without changing historical DST.,Map observations to NYSE/SPY sessions with explicit holiday and non-session rules.,"Versioned adapter with raw-byte SHA-256, HTTP metadata and retrieval timestamp.",deterministic_after_snapshot,See data_acquisition_plan.md; never substitute silently.,usable_now,
DS025,Chicago Fed — National Financial Conditions Index,https://www.chicagofed.org/research/data/nfci/current-data,true,"Review provider terms before automated download; store retrieval code, URLs and hashes, not restricted raw redistribution.",1971-01-08,current_or_provider_archive,weekly,Wednesday release,full history can revise,no_complete_vintages,"Use the actual provider release/publication timestamp; if unavailable, lag conservatively to the next SPY session.","Provider-specific; normalize to observation_time, release_time, value, vintage, source_version.",CSV/XLSX/JSON/HTML/provider file as documented,medium_after_repair,Must either archive releases or test latest-vintage sensitivity; not point-in-time perfect.,not_applicable_or_documented; point-in-time membership required for any cross-section.,SPY price sources must expose or permit reconstruction of distributions/splits; otherwise not execution-grade.,Provider timezone; normalize release timestamps to America/New_York without changing historical DST.,Map observations to NYSE/SPY sessions with explicit holiday and non-session rules.,"Versioned adapter with raw-byte SHA-256, HTTP metadata and retrieval timestamp.",deterministic_after_snapshot,See data_acquisition_plan.md; never substitute silently.,usable_after_repair,
DS026,Chicago Fed — Adjusted National Financial Conditions Index,https://www.chicagofed.org/research/data/nfci/current-data,true,"Review provider terms before automated download; store retrieval code, URLs and hashes, not restricted raw redistribution.",1971-01-08,current_or_provider_archive,weekly,Wednesday release,full history can revise,no_complete_vintages,"Use the actual provider release/publication timestamp; if unavailable, lag conservatively to the next SPY session.","Provider-specific; normalize to observation_time, release_time, value, vintage, source_version.",CSV/XLSX/JSON/HTML/provider file as documented,medium_after_repair,Same revision caveat as NFCI.,not_applicable_or_documented; point-in-time membership required for any cross-section.,SPY price sources must expose or permit reconstruction of distributions/splits; otherwise not execution-grade.,Provider timezone; normalize release timestamps to America/New_York without changing historical DST.,Map observations to NYSE/SPY sessions with explicit holiday and non-session rules.,"Versioned adapter with raw-byte SHA-256, HTTP metadata and retrieval timestamp.",deterministic_after_snapshot,See data_acquisition_plan.md; never substitute silently.,usable_after_repair,
DS027,St. Louis Fed Financial Stress Index,https://fred.stlouisfed.org/series/STLFSI4,true,"Review provider terms before automated download; store retrieval code, URLs and hashes, not restricted raw redistribution.",1993-12-31,current_or_provider_archive,weekly,weekly release,methodology/history can revise,partial,"Use the actual provider release/publication timestamp; if unavailable, lag conservatively to the next SPY session.","Provider-specific; normalize to observation_time, release_time, value, vintage, source_version.",CSV/XLSX/JSON/HTML/provider file as documented,medium_after_repair,Use archived vintages where possible and sensitivity analysis.,not_applicable_or_documented; point-in-time membership required for any cross-section.,SPY price sources must expose or permit reconstruction of distributions/splits; otherwise not execution-grade.,Provider timezone; normalize release timestamps to America/New_York without changing historical DST.,Map observations to NYSE/SPY sessions with explicit holiday and non-session rules.,"Versioned adapter with raw-byte SHA-256, HTTP metadata and retrieval timestamp.",deterministic_after_snapshot,See data_acquisition_plan.md; never substitute silently.,usable_after_repair,
DS028,Office of Financial Research — Financial Stress Index,https://www.financialresearch.gov/financial-stress-index/,true,"Review provider terms before automated download; store retrieval code, URLs and hashes, not restricted raw redistribution.",2000-01-03,current_or_provider_archive,daily,following business day,methodology updates documented,download archives,"Use the actual provider release/publication timestamp; if unavailable, lag conservatively to the next SPY session.","Provider-specific; normalize to observation_time, release_time, value, vintage, source_version.",CSV/XLSX/JSON/HTML/provider file as documented,high,Official daily stress index; preserve vintage/method version.,not_applicable_or_documented; point-in-time membership required for any cross-section.,SPY price sources must expose or permit reconstruction of distributions/splits; otherwise not execution-grade.,Provider timezone; normalize release timestamps to America/New_York without changing historical DST.,Map observations to NYSE/SPY sessions with explicit holiday and non-session rules.,"Versioned adapter with raw-byte SHA-256, HTTP metadata and retrieval timestamp.",deterministic_after_snapshot,See data_acquisition_plan.md; never substitute silently.,usable_now,
DS029,Federal Reserve Bank of St. Louis — ALFRED,https://alfred.stlouisfed.org/,true,"Review provider terms before automated download; store retrieval code, URLs and hashes, not restricted raw redistribution.",varies,current_or_provider_archive,vintage/release based,series-specific,retains revisions,yes,"Use the actual provider release/publication timestamp; if unavailable, lag conservatively to the next SPY session.","Provider-specific; normalize to observation_time, release_time, value, vintage, source_version.",CSV/XLSX/JSON/HTML/provider file as documented,high,Core point-in-time macro source.,not_applicable_or_documented; point-in-time membership required for any cross-section.,SPY price sources must expose or permit reconstruction of distributions/splits; otherwise not execution-grade.,Provider timezone; normalize release timestamps to America/New_York without changing historical DST.,Map observations to NYSE/SPY sessions with explicit holiday and non-session rules.,"Versioned adapter with raw-byte SHA-256, HTTP metadata and retrieval timestamp.",deterministic_after_snapshot,See data_acquisition_plan.md; never substitute silently.,usable_now,
DS030,Philadelphia Fed — Real-Time Data Set for Macroeconomists,https://www.philadelphiafed.org/surveys-and-data/real-time-data-research/real-time-data-set-for-macroeconomists,true,"Review provider terms before automated download; store retrieval code, URLs and hashes, not restricted raw redistribution.",1947-01-01,current_or_provider_archive,monthly/quarterly vintages,release-specific,explicit vintages,yes,"Use the actual provider release/publication timestamp; if unavailable, lag conservatively to the next SPY session.","Provider-specific; normalize to observation_time, release_time, value, vintage, source_version.",CSV/XLSX/JSON/HTML/provider file as documented,high,Official vintage macro panel.,not_applicable_or_documented; point-in-time membership required for any cross-section.,SPY price sources must expose or permit reconstruction of distributions/splits; otherwise not execution-grade.,Provider timezone; normalize release timestamps to America/New_York without changing historical DST.,Map observations to NYSE/SPY sessions with explicit holiday and non-session rules.,"Versioned adapter with raw-byte SHA-256, HTTP metadata and retrieval timestamp.",deterministic_after_snapshot,See data_acquisition_plan.md; never substitute silently.,usable_now,
DS031,Philadelphia Fed — Aruoba-Diebold-Scotti Business Conditions Index,https://www.philadelphiafed.org/surveys-and-data/real-time-data-research/ads,true,"Review provider terms before automated download; store retrieval code, URLs and hashes, not restricted raw redistribution.",1960-03-01,current_or_provider_archive,daily index updated weekly,after release,history revised as data arrive,vintage files available in part,"Use the actual provider release/publication timestamp; if unavailable, lag conservatively to the next SPY session.","Provider-specific; normalize to observation_time, release_time, value, vintage, source_version.",CSV/XLSX/JSON/HTML/provider file as documented,medium_after_repair,Use only archived real-time vintages or model version snapshots.,not_applicable_or_documented; point-in-time membership required for any cross-section.,SPY price sources must expose or permit reconstruction of distributions/splits; otherwise not execution-grade.,Provider timezone; normalize release timestamps to America/New_York without changing historical DST.,Map observations to NYSE/SPY sessions with explicit holiday and non-session rules.,"Versioned adapter with raw-byte SHA-256, HTTP metadata and retrieval timestamp.",deterministic_after_snapshot,See data_acquisition_plan.md; never substitute silently.,usable_after_repair,
DS032,Chicago Fed — CFNAI real-time/vintage data,https://www.chicagofed.org/research/data/cfnai/current-data,true,"Review provider terms before automated download; store retrieval code, URLs and hashes, not restricted raw redistribution.",1967-03-01,current_or_provider_archive,monthly,scheduled release,revisions material,yes/archive,"Use the actual provider release/publication timestamp; if unavailable, lag conservatively to the next SPY session.","Provider-specific; normalize to observation_time, release_time, value, vintage, source_version.",CSV/XLSX/JSON/HTML/provider file as documented,high,Use release date and vintage.,not_applicable_or_documented; point-in-time membership required for any cross-section.,SPY price sources must expose or permit reconstruction of distributions/splits; otherwise not execution-grade.,Provider timezone; normalize release timestamps to America/New_York without changing historical DST.,Map observations to NYSE/SPY sessions with explicit holiday and non-session rules.,"Versioned adapter with raw-byte SHA-256, HTTP metadata and retrieval timestamp.",deterministic_after_snapshot,See data_acquisition_plan.md; never substitute silently.,usable_now,
DS033,BLS CPI via ALFRED,https://alfred.stlouisfed.org/series?seid=CPIAUCSL,true,"Review provider terms before automated download; store retrieval code, URLs and hashes, not restricted raw redistribution.",1947-01-01,current_or_provider_archive,monthly,BLS release calendar,seasonal factors revise,yes,"Use the actual provider release/publication timestamp; if unavailable, lag conservatively to the next SPY session.","Provider-specific; normalize to observation_time, release_time, value, vintage, source_version.",CSV/XLSX/JSON/HTML/provider file as documented,high,Point-in-time inflation.,not_applicable_or_documented; point-in-time membership required for any cross-section.,SPY price sources must expose or permit reconstruction of distributions/splits; otherwise not execution-grade.,Provider timezone; normalize release timestamps to America/New_York without changing historical DST.,Map observations to NYSE/SPY sessions with explicit holiday and non-session rules.,"Versioned adapter with raw-byte SHA-256, HTTP metadata and retrieval timestamp.",deterministic_after_snapshot,See data_acquisition_plan.md; never substitute silently.,usable_now,
DS034,BEA PCE price index via ALFRED,https://alfred.stlouisfed.org/series?seid=PCEPI,true,"Review provider terms before automated download; store retrieval code, URLs and hashes, not restricted raw redistribution.",1959-01-01,current_or_provider_archive,monthly,BEA release calendar,revisions material,yes,"Use the actual provider release/publication timestamp; if unavailable, lag conservatively to the next SPY session.","Provider-specific; normalize to observation_time, release_time, value, vintage, source_version.",CSV/XLSX/JSON/HTML/provider file as documented,high,Point-in-time inflation.,not_applicable_or_documented; point-in-time membership required for any cross-section.,SPY price sources must expose or permit reconstruction of distributions/splits; otherwise not execution-grade.,Provider timezone; normalize release timestamps to America/New_York without changing historical DST.,Map observations to NYSE/SPY sessions with explicit holiday and non-session rules.,"Versioned adapter with raw-byte SHA-256, HTTP metadata and retrieval timestamp.",deterministic_after_snapshot,See data_acquisition_plan.md; never substitute silently.,usable_now,
DS035,BLS unemployment rate via ALFRED,https://alfred.stlouisfed.org/series?seid=UNRATE,true,"Review provider terms before automated download; store retrieval code, URLs and hashes, not restricted raw redistribution.",1948-01-01,current_or_provider_archive,monthly,employment report release,revisions,yes,"Use the actual provider release/publication timestamp; if unavailable, lag conservatively to the next SPY session.","Provider-specific; normalize to observation_time, release_time, value, vintage, source_version.",CSV/XLSX/JSON/HTML/provider file as documented,high,Use first release only.,not_applicable_or_documented; point-in-time membership required for any cross-section.,SPY price sources must expose or permit reconstruction of distributions/splits; otherwise not execution-grade.,Provider timezone; normalize release timestamps to America/New_York without changing historical DST.,Map observations to NYSE/SPY sessions with explicit holiday and non-session rules.,"Versioned adapter with raw-byte SHA-256, HTTP metadata and retrieval timestamp.",deterministic_after_snapshot,See data_acquisition_plan.md; never substitute silently.,usable_now,
DS036,Federal Reserve industrial production via ALFRED,https://alfred.stlouisfed.org/series?seid=INDPRO,true,"Review provider terms before automated download; store retrieval code, URLs and hashes, not restricted raw redistribution.",1919-01-01,current_or_provider_archive,monthly,scheduled release,revisions material,yes,"Use the actual provider release/publication timestamp; if unavailable, lag conservatively to the next SPY session.","Provider-specific; normalize to observation_time, release_time, value, vintage, source_version.",CSV/XLSX/JSON/HTML/provider file as documented,high,Use first release/vintage.,not_applicable_or_documented; point-in-time membership required for any cross-section.,SPY price sources must expose or permit reconstruction of distributions/splits; otherwise not execution-grade.,Provider timezone; normalize release timestamps to America/New_York without changing historical DST.,Map observations to NYSE/SPY sessions with explicit holiday and non-session rules.,"Versioned adapter with raw-byte SHA-256, HTTP metadata and retrieval timestamp.",deterministic_after_snapshot,See data_acquisition_plan.md; never substitute silently.,usable_now,
DS037,Census retail sales via ALFRED,https://alfred.stlouisfed.org/series?seid=RSAFS,true,"Review provider terms before automated download; store retrieval code, URLs and hashes, not restricted raw redistribution.",1992-01-01,current_or_provider_archive,monthly,scheduled release,revisions,yes,"Use the actual provider release/publication timestamp; if unavailable, lag conservatively to the next SPY session.","Provider-specific; normalize to observation_time, release_time, value, vintage, source_version.",CSV/XLSX/JSON/HTML/provider file as documented,high,Use release/vintage.,not_applicable_or_documented; point-in-time membership required for any cross-section.,SPY price sources must expose or permit reconstruction of distributions/splits; otherwise not execution-grade.,Provider timezone; normalize release timestamps to America/New_York without changing historical DST.,Map observations to NYSE/SPY sessions with explicit holiday and non-session rules.,"Versioned adapter with raw-byte SHA-256, HTTP metadata and retrieval timestamp.",deterministic_after_snapshot,See data_acquisition_plan.md; never substitute silently.,usable_now,
DS038,Federal Reserve total assets via ALFRED,https://alfred.stlouisfed.org/series?seid=WALCL,true,"Review provider terms before automated download; store retrieval code, URLs and hashes, not restricted raw redistribution.",2002-12-18,current_or_provider_archive,weekly,Thursday H.4.1 release,revisions/corrections,yes,"Use the actual provider release/publication timestamp; if unavailable, lag conservatively to the next SPY session.","Provider-specific; normalize to observation_time, release_time, value, vintage, source_version.",CSV/XLSX/JSON/HTML/provider file as documented,high,Liquidity proxy with publication lag.,not_applicable_or_documented; point-in-time membership required for any cross-section.,SPY price sources must expose or permit reconstruction of distributions/splits; otherwise not execution-grade.,Provider timezone; normalize release timestamps to America/New_York without changing historical DST.,Map observations to NYSE/SPY sessions with explicit holiday and non-session rules.,"Versioned adapter with raw-byte SHA-256, HTTP metadata and retrieval timestamp.",deterministic_after_snapshot,See data_acquisition_plan.md; never substitute silently.,usable_now,
DS039,M2 money stock via ALFRED,https://alfred.stlouisfed.org/series?seid=M2SL,true,"Review provider terms before automated download; store retrieval code, URLs and hashes, not restricted raw redistribution.",1959-01-01,current_or_provider_archive,monthly,scheduled release,definitions/revisions,yes,"Use the actual provider release/publication timestamp; if unavailable, lag conservatively to the next SPY session.","Provider-specific; normalize to observation_time, release_time, value, vintage, source_version.",CSV/XLSX/JSON/HTML/provider file as documented,high,Use real-time vintage.,not_applicable_or_documented; point-in-time membership required for any cross-section.,SPY price sources must expose or permit reconstruction of distributions/splits; otherwise not execution-grade.,Provider timezone; normalize release timestamps to America/New_York without changing historical DST.,Map observations to NYSE/SPY sessions with explicit holiday and non-session rules.,"Versioned adapter with raw-byte SHA-256, HTTP metadata and retrieval timestamp.",deterministic_after_snapshot,See data_acquisition_plan.md; never substitute silently.,usable_now,
DS040,FRED — 10-Year Breakeven Inflation Rate,https://fred.stlouisfed.org/series/T10YIE,true,"Review provider terms before automated download; store retrieval code, URLs and hashes, not restricted raw redistribution.",2003-01-02,current_or_provider_archive,daily,after market data publication,may revise,yes_via_ALFRED,"Use the actual provider release/publication timestamp; if unavailable, lag conservatively to the next SPY session.","Provider-specific; normalize to observation_time, release_time, value, vintage, source_version.",CSV/XLSX/JSON/HTML/provider file as documented,high,Daily inflation-expectation proxy.,not_applicable_or_documented; point-in-time membership required for any cross-section.,SPY price sources must expose or permit reconstruction of distributions/splits; otherwise not execution-grade.,Provider timezone; normalize release timestamps to America/New_York without changing historical DST.,Map observations to NYSE/SPY sessions with explicit holiday and non-session rules.,"Versioned adapter with raw-byte SHA-256, HTTP metadata and retrieval timestamp.",deterministic_after_snapshot,See data_acquisition_plan.md; never substitute silently.,usable_now,
DS041,FINRA — Margin Statistics,https://www.finra.org/rules-guidance/key-topics/margin-accounts/margin-statistics,true,"Review provider terms before automated download; store retrieval code, URLs and hashes, not restricted raw redistribution.",1997-01-01,current_or_provider_archive,monthly,several weeks after month end,official corrections possible,archives,"Use the actual provider release/publication timestamp; if unavailable, lag conservatively to the next SPY session.","Provider-specific; normalize to observation_time, release_time, value, vintage, source_version.",CSV/XLSX/JSON/HTML/provider file as documented,high,"Use publication month/date, not reference month end.",not_applicable_or_documented; point-in-time membership required for any cross-section.,SPY price sources must expose or permit reconstruction of distributions/splits; otherwise not execution-grade.,Provider timezone; normalize release timestamps to America/New_York without changing historical DST.,Map observations to NYSE/SPY sessions with explicit holiday and non-session rules.,"Versioned adapter with raw-byte SHA-256, HTTP metadata and retrieval timestamp.",deterministic_after_snapshot,See data_acquisition_plan.md; never substitute silently.,usable_now,
DS042,AAII — Investor Sentiment Survey history,https://www.aaii.com/sentimentsurvey/sent_results,true,"Review provider terms before automated download; store retrieval code, URLs and hashes, not restricted raw redistribution.",1987-07-24,current_or_provider_archive,weekly,Thursday publication,historical files/format can change,no,"Use the actual provider release/publication timestamp; if unavailable, lag conservatively to the next SPY session.","Provider-specific; normalize to observation_time, release_time, value, vintage, source_version.",CSV/XLSX/JSON/HTML/provider file as documented,medium_after_repair,Free access may require manual archival/terms review.,not_applicable_or_documented; point-in-time membership required for any cross-section.,SPY price sources must expose or permit reconstruction of distributions/splits; otherwise not execution-grade.,Provider timezone; normalize release timestamps to America/New_York without changing historical DST.,Map observations to NYSE/SPY sessions with explicit holiday and non-session rules.,"Versioned adapter with raw-byte SHA-256, HTTP metadata and retrieval timestamp.",deterministic_after_snapshot,See data_acquisition_plan.md; never substitute silently.,usable_after_repair,
DS043,NAAIM Exposure Index,https://www.naaim.org/programs/naaim-exposure-index/,true,"Review provider terms before automated download; store retrieval code, URLs and hashes, not restricted raw redistribution.",2006-07-05,current_or_provider_archive,weekly,Wednesday publication,method/sample changes,no,"Use the actual provider release/publication timestamp; if unavailable, lag conservatively to the next SPY session.","Provider-specific; normalize to observation_time, release_time, value, vintage, source_version.",CSV/XLSX/JSON/HTML/provider file as documented,medium_after_repair,Archive and metadata repair required.,not_applicable_or_documented; point-in-time membership required for any cross-section.,SPY price sources must expose or permit reconstruction of distributions/splits; otherwise not execution-grade.,Provider timezone; normalize release timestamps to America/New_York without changing historical DST.,Map observations to NYSE/SPY sessions with explicit holiday and non-session rules.,"Versioned adapter with raw-byte SHA-256, HTTP metadata and retrieval timestamp.",deterministic_after_snapshot,See data_acquisition_plan.md; never substitute silently.,usable_after_repair,
DS044,Jeffrey Wurgler — investor sentiment data,https://pages.stern.nyu.edu/~jwurgler/,true,"Review provider terms before automated download; store retrieval code, URLs and hashes, not restricted raw redistribution.",1965-07-01,current_or_provider_archive,monthly,author update; historical series,author may update construction,no,"Use the actual provider release/publication timestamp; if unavailable, lag conservatively to the next SPY session.","Provider-specific; normalize to observation_time, release_time, value, vintage, source_version.",CSV/XLSX/JSON/HTML/provider file as documented,high,Academic author dataset; slow regime feature.,not_applicable_or_documented; point-in-time membership required for any cross-section.,SPY price sources must expose or permit reconstruction of distributions/splits; otherwise not execution-grade.,Provider timezone; normalize release timestamps to America/New_York without changing historical DST.,Map observations to NYSE/SPY sessions with explicit holiday and non-session rules.,"Versioned adapter with raw-byte SHA-256, HTTP metadata and retrieval timestamp.",deterministic_after_snapshot,See data_acquisition_plan.md; never substitute silently.,usable_now,
DS045,FRED / Baker-Bloom-Davis — U.S. Daily Economic Policy Uncertainty Index,https://fred.stlouisfed.org/series/USEPUINDXD,true,"Review provider terms before automated download; store retrieval code, URLs and hashes, not restricted raw redistribution.",1985-01-01,current_or_provider_archive,"daily, seven days per week",after source publication/FRED observation,method updates and source corrections possible,limited_via_FRED_release_metadata,"Use the actual provider release/publication timestamp; if unavailable, lag conservatively to the next SPY session.","Provider-specific; normalize to observation_time, release_time, value, vintage, source_version.",CSV/XLSX/JSON/HTML/provider file as documented,high,Free daily series; archive raw retrievals and map non-trading-day observations causally to the next SPY decision.,not_applicable_or_documented; point-in-time membership required for any cross-section.,SPY price sources must expose or permit reconstruction of distributions/splits; otherwise not execution-grade.,Provider timezone; normalize release timestamps to America/New_York without changing historical DST.,Map observations to NYSE/SPY sessions with explicit holiday and non-session rules.,"Versioned adapter with raw-byte SHA-256, HTTP metadata and retrieval timestamp.",deterministic_after_snapshot,See data_acquisition_plan.md; never substitute silently.,usable_now,
DS046,FINRA — Daily Short Sale Volume Files,https://www.finra.org/finra-data/browse-catalog/short-sale-volume-data/daily-short-sale-volume-files,true,"Review provider terms before automated download; store retrieval code, URLs and hashes, not restricted raw redistribution.",2009-08-03,current_or_provider_archive,daily,after FINRA publication,official corrections possible,daily files/archive,"Use the actual provider release/publication timestamp; if unavailable, lag conservatively to the next SPY session.","Provider-specific; normalize to observation_time, release_time, value, vintage, source_version.",CSV/XLSX/JSON/HTML/provider file as documented,not_runnable,"Regulation SHO short-sale volume is venue-flow data, not consolidated market short volume and not short interest; never interpret it as positioning without this qualification.",not_applicable_or_documented; point-in-time membership required for any cross-section.,SPY price sources must expose or permit reconstruction of distributions/splits; otherwise not execution-grade.,Provider timezone; normalize release timestamps to America/New_York without changing historical DST.,Map observations to NYSE/SPY sessions with explicit holiday and non-session rules.,"Versioned adapter with raw-byte SHA-256, HTTP metadata and retrieval timestamp.",not_execution_grade,See data_acquisition_plan.md; never substitute silently.,proxy_only,"Regulation SHO short-sale volume is venue-flow data, not consolidated market short volume and not short interest; never interpret it as positioning without this qualification."
DS047,Kenneth French Data Library — market factor/returns,https://mba.tuck.dartmouth.edu/pages/faculty/ken.french/data_library.html,true,"Review provider terms before automated download; store retrieval code, URLs and hashes, not restricted raw redistribution.",1926-07-01,current_or_provider_archive,daily/monthly,after period end,research library revisions possible,no,"Use the actual provider release/publication timestamp; if unavailable, lag conservatively to the next SPY session.","Provider-specific; normalize to observation_time, release_time, value, vintage, source_version.",CSV/XLSX/JSON/HTML/provider file as documented,high,"Use for research cross-checks, not SPY execution pricing.",not_applicable_or_documented; point-in-time membership required for any cross-section.,SPY price sources must expose or permit reconstruction of distributions/splits; otherwise not execution-grade.,Provider timezone; normalize release timestamps to America/New_York without changing historical DST.,Map observations to NYSE/SPY sessions with explicit holiday and non-session rules.,"Versioned adapter with raw-byte SHA-256, HTTP metadata and retrieval timestamp.",deterministic_after_snapshot,See data_acquisition_plan.md; never substitute silently.,usable_now,
DS048,Amit Goyal — equity premium predictor data,https://sites.google.com/view/agoyal145/,true,"Review provider terms before automated download; store retrieval code, URLs and hashes, not restricted raw redistribution.",1871-01-01,current_or_provider_archive,monthly/annual,varies by component,research updates/revisions,no_complete_vintages,"Use the actual provider release/publication timestamp; if unavailable, lag conservatively to the next SPY session.","Provider-specific; normalize to observation_time, release_time, value, vintage, source_version.",CSV/XLSX/JSON/HTML/provider file as documented,high,Use only components reconstructable point-in-time; library itself is not a full vintage database.,not_applicable_or_documented; point-in-time membership required for any cross-section.,SPY price sources must expose or permit reconstruction of distributions/splits; otherwise not execution-grade.,Provider timezone; normalize release timestamps to America/New_York without changing historical DST.,Map observations to NYSE/SPY sessions with explicit holiday and non-session rules.,"Versioned adapter with raw-byte SHA-256, HTTP metadata and retrieval timestamp.",deterministic_after_snapshot,See data_acquisition_plan.md; never substitute silently.,usable_now,
DS049,Robert Shiller — U.S. stock-market data,http://www.econ.yale.edu/~shiller/data.htm,true,"Review provider terms before automated download; store retrieval code, URLs and hashes, not restricted raw redistribution.",1871-01-01,current_or_provider_archive,monthly,monthly,historical revisions possible,no,"Use the actual provider release/publication timestamp; if unavailable, lag conservatively to the next SPY session.","Provider-specific; normalize to observation_time, release_time, value, vintage, source_version.",CSV/XLSX/JSON/HTML/provider file as documented,high,Long monthly context; not SPY daily execution data.,not_applicable_or_documented; point-in-time membership required for any cross-section.,SPY price sources must expose or permit reconstruction of distributions/splits; otherwise not execution-grade.,Provider timezone; normalize release timestamps to America/New_York without changing historical DST.,Map observations to NYSE/SPY sessions with explicit holiday and non-session rules.,"Versioned adapter with raw-byte SHA-256, HTTP metadata and retrieval timestamp.",deterministic_after_snapshot,See data_acquisition_plan.md; never substitute silently.,usable_now,
DS050,FRED — Nominal Broad U.S. Dollar Index,https://fred.stlouisfed.org/series/DTWEXBGS,true,"Review provider terms before automated download; store retrieval code, URLs and hashes, not restricted raw redistribution.",2006-01-02,current_or_provider_archive,daily,following publication,occasional revisions,yes_via_ALFRED,"Use the actual provider release/publication timestamp; if unavailable, lag conservatively to the next SPY session.","Provider-specific; normalize to observation_time, release_time, value, vintage, source_version.",CSV/XLSX/JSON/HTML/provider file as documented,high,Cross-asset predictor.,not_applicable_or_documented; point-in-time membership required for any cross-section.,SPY price sources must expose or permit reconstruction of distributions/splits; otherwise not execution-grade.,Provider timezone; normalize release timestamps to America/New_York without changing historical DST.,Map observations to NYSE/SPY sessions with explicit holiday and non-session rules.,"Versioned adapter with raw-byte SHA-256, HTTP metadata and retrieval timestamp.",deterministic_after_snapshot,See data_acquisition_plan.md; never substitute silently.,usable_now,
DS051,EIA/FRED — WTI spot price,https://fred.stlouisfed.org/series/DCOILWTICO,true,"Review provider terms before automated download; store retrieval code, URLs and hashes, not restricted raw redistribution.",1986-01-02,current_or_provider_archive,daily,provider publication lag,revisions/corrections,yes_via_ALFRED,"Use the actual provider release/publication timestamp; if unavailable, lag conservatively to the next SPY session.","Provider-specific; normalize to observation_time, release_time, value, vintage, source_version.",CSV/XLSX/JSON/HTML/provider file as documented,high,Commodity predictor; missing holidays.,not_applicable_or_documented; point-in-time membership required for any cross-section.,SPY price sources must expose or permit reconstruction of distributions/splits; otherwise not execution-grade.,Provider timezone; normalize release timestamps to America/New_York without changing historical DST.,Map observations to NYSE/SPY sessions with explicit holiday and non-session rules.,"Versioned adapter with raw-byte SHA-256, HTTP metadata and retrieval timestamp.",deterministic_after_snapshot,See data_acquisition_plan.md; never substitute silently.,usable_now,
DS052,LBMA/FRED — London gold price,https://fred.stlouisfed.org/series/GOLDAMGBD228NLBM,true,"Review provider terms before automated download; store retrieval code, URLs and hashes, not restricted raw redistribution.",1968-04-01,current_or_provider_archive,daily fixing,after fixing/publication,corrections possible,yes_via_ALFRED,"Use the actual provider release/publication timestamp; if unavailable, lag conservatively to the next SPY session.","Provider-specific; normalize to observation_time, release_time, value, vintage, source_version.",CSV/XLSX/JSON/HTML/provider file as documented,high,Time-zone handling required.,not_applicable_or_documented; point-in-time membership required for any cross-section.,SPY price sources must expose or permit reconstruction of distributions/splits; otherwise not execution-grade.,Provider timezone; normalize release timestamps to America/New_York without changing historical DST.,Map observations to NYSE/SPY sessions with explicit holiday and non-session rules.,"Versioned adapter with raw-byte SHA-256, HTTP metadata and retrieval timestamp.",deterministic_after_snapshot,See data_acquisition_plan.md; never substitute silently.,usable_now,
DS053,Stooq — HYG.US daily OHLCV,https://stooq.com/q/d/?s=hyg.us,true,"Review provider terms before automated download; store retrieval code, URLs and hashes, not restricted raw redistribution.",2007-04-04,current_or_provider_archive,daily,end of day,vendor may correct history,no,"Use the actual provider release/publication timestamp; if unavailable, lag conservatively to the next SPY session.","Provider-specific; normalize to observation_time, release_time, value, vintage, source_version.",CSV/XLSX/JSON/HTML/provider file as documented,medium_after_repair,Cross-asset predictor only. Audit split/dividend semantics; build a causal price or total-return index from event-dated actions rather than using retrospectively adjusted history blindly.,not_applicable_or_documented; point-in-time membership required for any cross-section.,SPY price sources must expose or permit reconstruction of distributions/splits; otherwise not execution-grade.,Provider timezone; normalize release timestamps to America/New_York without changing historical DST.,Map observations to NYSE/SPY sessions with explicit holiday and non-session rules.,"Versioned adapter with raw-byte SHA-256, HTTP metadata and retrieval timestamp.",deterministic_after_snapshot,See data_acquisition_plan.md; never substitute silently.,usable_after_repair,
DS054,Stooq — LQD.US daily OHLCV,https://stooq.com/q/d/?s=lqd.us,true,"Review provider terms before automated download; store retrieval code, URLs and hashes, not restricted raw redistribution.",2002-07-22,current_or_provider_archive,daily,end of day,vendor may correct history,no,"Use the actual provider release/publication timestamp; if unavailable, lag conservatively to the next SPY session.","Provider-specific; normalize to observation_time, release_time, value, vintage, source_version.",CSV/XLSX/JSON/HTML/provider file as documented,medium_after_repair,Cross-asset predictor only. Audit split/dividend semantics and reconcile with issuer records.,not_applicable_or_documented; point-in-time membership required for any cross-section.,SPY price sources must expose or permit reconstruction of distributions/splits; otherwise not execution-grade.,Provider timezone; normalize release timestamps to America/New_York without changing historical DST.,Map observations to NYSE/SPY sessions with explicit holiday and non-session rules.,"Versioned adapter with raw-byte SHA-256, HTTP metadata and retrieval timestamp.",deterministic_after_snapshot,See data_acquisition_plan.md; never substitute silently.,usable_after_repair,
DS055,Stooq — TLT.US daily OHLCV,https://stooq.com/q/d/?s=tlt.us,true,"Review provider terms before automated download; store retrieval code, URLs and hashes, not restricted raw redistribution.",2002-07-22,current_or_provider_archive,daily,end of day,vendor may correct history,no,"Use the actual provider release/publication timestamp; if unavailable, lag conservatively to the next SPY session.","Provider-specific; normalize to observation_time, release_time, value, vintage, source_version.",CSV/XLSX/JSON/HTML/provider file as documented,medium_after_repair,Cross-asset predictor only. Audit split/dividend semantics and reconcile with issuer records.,not_applicable_or_documented; point-in-time membership required for any cross-section.,SPY price sources must expose or permit reconstruction of distributions/splits; otherwise not execution-grade.,Provider timezone; normalize release timestamps to America/New_York without changing historical DST.,Map observations to NYSE/SPY sessions with explicit holiday and non-session rules.,"Versioned adapter with raw-byte SHA-256, HTTP metadata and retrieval timestamp.",deterministic_after_snapshot,See data_acquisition_plan.md; never substitute silently.,usable_after_repair,
DS056,Stooq — pre-2011 Select Sector SPDR daily OHLCV set,https://stooq.com/q/d/?s=xly.us,true,"Review provider terms before automated download; store retrieval code, URLs and hashes, not restricted raw redistribution.",1998-12-22,current_or_provider_archive,daily,end of day,vendor may correct history,no,"Use the actual provider release/publication timestamp; if unavailable, lag conservatively to the next SPY session.","Provider-specific; normalize to observation_time, release_time, value, vintage, source_version.",CSV/XLSX/JSON/HTML/provider file as documented,medium_after_repair,"Nine pre-2011 sector ETFs (XLB/XLE/XLF/XLI/XLK/XLP/XLU/XLV/XLY); audit each symbol, calendar, distributions and survivorship. Do not backfill later-created sectors.",not_applicable_or_documented; point-in-time membership required for any cross-section.,SPY price sources must expose or permit reconstruction of distributions/splits; otherwise not execution-grade.,Provider timezone; normalize release timestamps to America/New_York without changing historical DST.,Map observations to NYSE/SPY sessions with explicit holiday and non-session rules.,"Versioned adapter with raw-byte SHA-256, HTTP metadata and retrieval timestamp.",deterministic_after_snapshot,See data_acquisition_plan.md; never substitute silently.,usable_after_repair,
DS057,CME DataMine — E-mini S&P 500 historical data,https://datamine.cmegroup.com/,false,"Review provider terms before automated download; store retrieval code, URLs and hashes, not restricted raw redistribution.",1997-09-09,current_or_provider_archive,tick/daily,vendor,vendor corrections,yes_by_purchase,"Use the actual provider release/publication timestamp; if unavailable, lag conservatively to the next SPY session.","Provider-specific; normalize to observation_time, release_time, value, vintage, source_version.",CSV/XLSX/JSON/HTML/provider file as documented,not_runnable,High-quality but violates zero incremental data cost.,not_applicable_or_documented; point-in-time membership required for any cross-section.,SPY price sources must expose or permit reconstruction of distributions/splits; otherwise not execution-grade.,Provider timezone; normalize release timestamps to America/New_York without changing historical DST.,Map observations to NYSE/SPY sessions with explicit holiday and non-session rules.,"Versioned adapter with raw-byte SHA-256, HTTP metadata and retrieval timestamp.",not_execution_grade,See data_acquisition_plan.md; never substitute silently.,not_free,High-quality but violates zero incremental data cost.
DS058,Nasdaq Data Link — continuous ES futures,https://data.nasdaq.com/,true,"Review provider terms before automated download; store retrieval code, URLs and hashes, not restricted raw redistribution.",varies,current_or_provider_archive,daily,vendor,vendor-generated continuous history,no,"Use the actual provider release/publication timestamp; if unavailable, lag conservatively to the next SPY session.","Provider-specific; normalize to observation_time, release_time, value, vintage, source_version.",CSV/XLSX/JSON/HTML/provider file as documented,not_runnable,"Free status, roll construction and licensing not verified as a stable zero-cost source.",not_applicable_or_documented; point-in-time membership required for any cross-section.,SPY price sources must expose or permit reconstruction of distributions/splits; otherwise not execution-grade.,Provider timezone; normalize release timestamps to America/New_York without changing historical DST.,Map observations to NYSE/SPY sessions with explicit holiday and non-session rules.,"Versioned adapter with raw-byte SHA-256, HTTP metadata and retrieval timestamp.",not_execution_grade,See data_acquisition_plan.md; never substitute silently.,rejected_unverifiable,"Free status, roll construction and licensing not verified as a stable zero-cost source."
DS059,CRSP U.S. Stock Database,https://www.crsp.org/,false,"Review provider terms before automated download; store retrieval code, URLs and hashes, not restricted raw redistribution.",1925-12-31,current_or_provider_archive,daily/monthly,vendor,research updates,point_in_time,"Use the actual provider release/publication timestamp; if unavailable, lag conservatively to the next SPY session.","Provider-specific; normalize to observation_time, release_time, value, vintage, source_version.",CSV/XLSX/JSON/HTML/provider file as documented,not_runnable,Excellent survivorship/corporate-action data but paid.,not_applicable_or_documented; point-in-time membership required for any cross-section.,SPY price sources must expose or permit reconstruction of distributions/splits; otherwise not execution-grade.,Provider timezone; normalize release timestamps to America/New_York without changing historical DST.,Map observations to NYSE/SPY sessions with explicit holiday and non-session rules.,"Versioned adapter with raw-byte SHA-256, HTTP metadata and retrieval timestamp.",not_execution_grade,See data_acquisition_plan.md; never substitute silently.,not_free,Excellent survivorship/corporate-action data but paid.
DS060,S&P Compustat,https://www.spglobal.com/marketintelligence/en/solutions/compustat,false,"Review provider terms before automated download; store retrieval code, URLs and hashes, not restricted raw redistribution.",1950-01-01,current_or_provider_archive,quarterly/annual,vendor,restatements/vintages,vendor,"Use the actual provider release/publication timestamp; if unavailable, lag conservatively to the next SPY session.","Provider-specific; normalize to observation_time, release_time, value, vintage, source_version.",CSV/XLSX/JSON/HTML/provider file as documented,not_runnable,Paid fundamentals and index membership.,not_applicable_or_documented; point-in-time membership required for any cross-section.,SPY price sources must expose or permit reconstruction of distributions/splits; otherwise not execution-grade.,Provider timezone; normalize release timestamps to America/New_York without changing historical DST.,Map observations to NYSE/SPY sessions with explicit holiday and non-session rules.,"Versioned adapter with raw-byte SHA-256, HTTP metadata and retrieval timestamp.",not_execution_grade,See data_acquisition_plan.md; never substitute silently.,not_free,Paid fundamentals and index membership.
DS061,OptionMetrics IvyDB US,https://optionmetrics.com/data-products/ivydb-us/,false,"Review provider terms before automated download; store retrieval code, URLs and hashes, not restricted raw redistribution.",1996-01-01,current_or_provider_archive,daily,vendor,vendor corrections,vendor,"Use the actual provider release/publication timestamp; if unavailable, lag conservatively to the next SPY session.","Provider-specific; normalize to observation_time, release_time, value, vintage, source_version.",CSV/XLSX/JSON/HTML/provider file as documented,not_runnable,Exact options surfaces/volume are paid.,not_applicable_or_documented; point-in-time membership required for any cross-section.,SPY price sources must expose or permit reconstruction of distributions/splits; otherwise not execution-grade.,Provider timezone; normalize release timestamps to America/New_York without changing historical DST.,Map observations to NYSE/SPY sessions with explicit holiday and non-session rules.,"Versioned adapter with raw-byte SHA-256, HTTP metadata and retrieval timestamp.",not_execution_grade,See data_acquisition_plan.md; never substitute silently.,not_free,Exact options surfaces/volume are paid.
DS062,S&P Dow Jones Indices — historical index constituents,https://www.spglobal.com/spdji/,false,"Review provider terms before automated download; store retrieval code, URLs and hashes, not restricted raw redistribution.",varies,current_or_provider_archive,event/daily,vendor,official maintenance,vendor,"Use the actual provider release/publication timestamp; if unavailable, lag conservatively to the next SPY session.","Provider-specific; normalize to observation_time, release_time, value, vintage, source_version.",CSV/XLSX/JSON/HTML/provider file as documented,not_runnable,Official history normally licensed; unavailable at zero incremental cost.,not_applicable_or_documented; point-in-time membership required for any cross-section.,SPY price sources must expose or permit reconstruction of distributions/splits; otherwise not execution-grade.,Provider timezone; normalize release timestamps to America/New_York without changing historical DST.,Map observations to NYSE/SPY sessions with explicit holiday and non-session rules.,"Versioned adapter with raw-byte SHA-256, HTTP metadata and retrieval timestamp.",not_execution_grade,See data_acquisition_plan.md; never substitute silently.,not_free,Official history normally licensed; unavailable at zero incremental cost.
DS063,Norgate Data survivorship-bias-free U.S. equities,https://norgatedata.com/,false,"Review provider terms before automated download; store retrieval code, URLs and hashes, not restricted raw redistribution.",varies,current_or_provider_archive,daily,vendor,vendor corrections,vendor,"Use the actual provider release/publication timestamp; if unavailable, lag conservatively to the next SPY session.","Provider-specific; normalize to observation_time, release_time, value, vintage, source_version.",CSV/XLSX/JSON/HTML/provider file as documented,not_runnable,Paid point-in-time membership/price data.,not_applicable_or_documented; point-in-time membership required for any cross-section.,SPY price sources must expose or permit reconstruction of distributions/splits; otherwise not execution-grade.,Provider timezone; normalize release timestamps to America/New_York without changing historical DST.,Map observations to NYSE/SPY sessions with explicit holiday and non-session rules.,"Versioned adapter with raw-byte SHA-256, HTTP metadata and retrieval timestamp.",not_execution_grade,See data_acquisition_plan.md; never substitute silently.,not_free,Paid point-in-time membership/price data.
DS064,Bloomberg Terminal/Data License,https://www.bloomberg.com/professional/,false,"Review provider terms before automated download; store retrieval code, URLs and hashes, not restricted raw redistribution.",varies,current_or_provider_archive,multi-frequency,vendor,vendor,vendor,"Use the actual provider release/publication timestamp; if unavailable, lag conservatively to the next SPY session.","Provider-specific; normalize to observation_time, release_time, value, vintage, source_version.",CSV/XLSX/JSON/HTML/provider file as documented,not_runnable,Paid.,not_applicable_or_documented; point-in-time membership required for any cross-section.,SPY price sources must expose or permit reconstruction of distributions/splits; otherwise not execution-grade.,Provider timezone; normalize release timestamps to America/New_York without changing historical DST.,Map observations to NYSE/SPY sessions with explicit holiday and non-session rules.,"Versioned adapter with raw-byte SHA-256, HTTP metadata and retrieval timestamp.",not_execution_grade,See data_acquisition_plan.md; never substitute silently.,not_free,Paid.
DS065,LSEG/Refinitiv Workspace,https://www.lseg.com/en/data-analytics,false,"Review provider terms before automated download; store retrieval code, URLs and hashes, not restricted raw redistribution.",varies,current_or_provider_archive,multi-frequency,vendor,vendor,vendor,"Use the actual provider release/publication timestamp; if unavailable, lag conservatively to the next SPY session.","Provider-specific; normalize to observation_time, release_time, value, vintage, source_version.",CSV/XLSX/JSON/HTML/provider file as documented,not_runnable,Paid.,not_applicable_or_documented; point-in-time membership required for any cross-section.,SPY price sources must expose or permit reconstruction of distributions/splits; otherwise not execution-grade.,Provider timezone; normalize release timestamps to America/New_York without changing historical DST.,Map observations to NYSE/SPY sessions with explicit holiday and non-session rules.,"Versioned adapter with raw-byte SHA-256, HTTP metadata and retrieval timestamp.",not_execution_grade,See data_acquisition_plan.md; never substitute silently.,not_free,Paid.
DS066,FactSet,https://www.factset.com/,false,"Review provider terms before automated download; store retrieval code, URLs and hashes, not restricted raw redistribution.",varies,current_or_provider_archive,multi-frequency,vendor,vendor,vendor,"Use the actual provider release/publication timestamp; if unavailable, lag conservatively to the next SPY session.","Provider-specific; normalize to observation_time, release_time, value, vintage, source_version.",CSV/XLSX/JSON/HTML/provider file as documented,not_runnable,Paid.,not_applicable_or_documented; point-in-time membership required for any cross-section.,SPY price sources must expose or permit reconstruction of distributions/splits; otherwise not execution-grade.,Provider timezone; normalize release timestamps to America/New_York without changing historical DST.,Map observations to NYSE/SPY sessions with explicit holiday and non-session rules.,"Versioned adapter with raw-byte SHA-256, HTTP metadata and retrieval timestamp.",not_execution_grade,See data_acquisition_plan.md; never substitute silently.,not_free,Paid.
DS067,Wikipedia — current S&P 500 constituent list,https://en.wikipedia.org/wiki/List_of_S%26P_500_companies,true,"Review provider terms before automated download; store retrieval code, URLs and hashes, not restricted raw redistribution.",current,current_or_provider_archive,current snapshot,immediate,community-edited,partial changes table,"Use the actual provider release/publication timestamp; if unavailable, lag conservatively to the next SPY session.","Provider-specific; normalize to observation_time, release_time, value, vintage, source_version.",CSV/XLSX/JSON/HTML/provider file as documented,not_runnable,Current list cannot be backfilled as historical membership.,not_applicable_or_documented; point-in-time membership required for any cross-section.,SPY price sources must expose or permit reconstruction of distributions/splits; otherwise not execution-grade.,Provider timezone; normalize release timestamps to America/New_York without changing historical DST.,Map observations to NYSE/SPY sessions with explicit holiday and non-session rules.,"Versioned adapter with raw-byte SHA-256, HTTP metadata and retrieval timestamp.",not_execution_grade,See data_acquisition_plan.md; never substitute silently.,rejected_bias,Current list cannot be backfilled as historical membership.
DS068,Google Trends,https://trends.google.com/trends/,true,"Review provider terms before automated download; store retrieval code, URLs and hashes, not restricted raw redistribution.",2004-01-01,current_or_provider_archive,sampled daily/weekly,query-time,sampling/rescaling revisions,no stable vintages,"Use the actual provider release/publication timestamp; if unavailable, lag conservatively to the next SPY session.","Provider-specific; normalize to observation_time, release_time, value, vintage, source_version.",CSV/XLSX/JSON/HTML/provider file as documented,not_runnable,Historical queries are sampled/rescaled and not fully reproducible without archived pulls.,not_applicable_or_documented; point-in-time membership required for any cross-section.,SPY price sources must expose or permit reconstruction of distributions/splits; otherwise not execution-grade.,Provider timezone; normalize release timestamps to America/New_York without changing historical DST.,Map observations to NYSE/SPY sessions with explicit holiday and non-session rules.,"Versioned adapter with raw-byte SHA-256, HTTP metadata and retrieval timestamp.",not_execution_grade,See data_acquisition_plan.md; never substitute silently.,rejected_unverifiable,Historical queries are sampled/rescaled and not fully reproducible without archived pulls.
DS069,StockCharts market breadth symbols/history,https://stockcharts.com/,false,"Review provider terms before automated download; store retrieval code, URLs and hashes, not restricted raw redistribution.",varies,current_or_provider_archive,daily,vendor,vendor,no,"Use the actual provider release/publication timestamp; if unavailable, lag conservatively to the next SPY session.","Provider-specific; normalize to observation_time, release_time, value, vintage, source_version.",CSV/XLSX/JSON/HTML/provider file as documented,not_runnable,Bulk history/redistribution requires subscription or is not reproducibly free.,not_applicable_or_documented; point-in-time membership required for any cross-section.,SPY price sources must expose or permit reconstruction of distributions/splits; otherwise not execution-grade.,Provider timezone; normalize release timestamps to America/New_York without changing historical DST.,Map observations to NYSE/SPY sessions with explicit holiday and non-session rules.,"Versioned adapter with raw-byte SHA-256, HTTP metadata and retrieval timestamp.",not_execution_grade,See data_acquisition_plan.md; never substitute silently.,not_free,Bulk history/redistribution requires subscription or is not reproducibly free.
DS070,Nasdaq current market activity/advancers-decliners,https://www.nasdaq.com/market-activity/stocks/screener,true,"Review provider terms before automated download; store retrieval code, URLs and hashes, not restricted raw redistribution.",current,current_or_provider_archive,intraday/daily,current,no stable full archive,no,"Use the actual provider release/publication timestamp; if unavailable, lag conservatively to the next SPY session.","Provider-specific; normalize to observation_time, release_time, value, vintage, source_version.",CSV/XLSX/JSON/HTML/provider file as documented,not_runnable,Current breadth display does not provide a verified continuous historical archive.,not_applicable_or_documented; point-in-time membership required for any cross-section.,SPY price sources must expose or permit reconstruction of distributions/splits; otherwise not execution-grade.,Provider timezone; normalize release timestamps to America/New_York without changing historical DST.,Map observations to NYSE/SPY sessions with explicit holiday and non-session rules.,"Versioned adapter with raw-byte SHA-256, HTTP metadata and retrieval timestamp.",not_execution_grade,See data_acquisition_plan.md; never substitute silently.,proxy_only,Current breadth display does not provide a verified continuous historical archive.
DS071,Unicorn Data Services breadth archive through 2020,https://unicorn.us.com/advdec/,true,"Review provider terms before automated download; store retrieval code, URLs and hashes, not restricted raw redistribution.",1965-01-01,current_or_provider_archive,daily,archive,definition/vendor caveats,no,"Use the actual provider release/publication timestamp; if unavailable, lag conservatively to the next SPY session.","Provider-specific; normalize to observation_time, release_time, value, vintage, source_version.",CSV/XLSX/JSON/HTML/provider file as documented,not_runnable,Third-party exchange breadth proxy; history ends around 2020 and definitions require audit.,not_applicable_or_documented; point-in-time membership required for any cross-section.,SPY price sources must expose or permit reconstruction of distributions/splits; otherwise not execution-grade.,Provider timezone; normalize release timestamps to America/New_York without changing historical DST.,Map observations to NYSE/SPY sessions with explicit holiday and non-session rules.,"Versioned adapter with raw-byte SHA-256, HTTP metadata and retrieval timestamp.",not_execution_grade,See data_acquisition_plan.md; never substitute silently.,proxy_only,Third-party exchange breadth proxy; history ends around 2020 and definitions require audit.
DS072,FRED — S&P 500 price index,https://fred.stlouisfed.org/series/SP500,true,"Review provider terms before automated download; store retrieval code, URLs and hashes, not restricted raw redistribution.",2015-01-02,current_or_provider_archive,daily,after close,provider corrections,limited,"Use the actual provider release/publication timestamp; if unavailable, lag conservatively to the next SPY session.","Provider-specific; normalize to observation_time, release_time, value, vintage, source_version.",CSV/XLSX/JSON/HTML/provider file as documented,not_runnable,"Official FRED series is too short for train and is price-only, not SPY total return.",not_applicable_or_documented; point-in-time membership required for any cross-section.,SPY price sources must expose or permit reconstruction of distributions/splits; otherwise not execution-grade.,Provider timezone; normalize release timestamps to America/New_York without changing historical DST.,Map observations to NYSE/SPY sessions with explicit holiday and non-session rules.,"Versioned adapter with raw-byte SHA-256, HTTP metadata and retrieval timestamp.",not_execution_grade,See data_acquisition_plan.md; never substitute silently.,proxy_only,"Official FRED series is too short for train and is price-only, not SPY total return."
DS073,Alpha Vantage TIME_SERIES_DAILY_ADJUSTED,https://www.alphavantage.co/documentation/,false,"Review provider terms before automated download; store retrieval code, URLs and hashes, not restricted raw redistribution.",varies,current_or_provider_archive,daily,end of day,vendor corrections,no,"Use the actual provider release/publication timestamp; if unavailable, lag conservatively to the next SPY session.","Provider-specific; normalize to observation_time, release_time, value, vintage, source_version.",CSV/XLSX/JSON/HTML/provider file as documented,not_runnable,Full adjusted daily endpoint is premium under current documentation.,not_applicable_or_documented; point-in-time membership required for any cross-section.,SPY price sources must expose or permit reconstruction of distributions/splits; otherwise not execution-grade.,Provider timezone; normalize release timestamps to America/New_York without changing historical DST.,Map observations to NYSE/SPY sessions with explicit holiday and non-session rules.,"Versioned adapter with raw-byte SHA-256, HTTP metadata and retrieval timestamp.",not_execution_grade,See data_acquisition_plan.md; never substitute silently.,not_free,Full adjusted daily endpoint is premium under current documentation.
