rank,family_id,family_name,evidence_track,primary_source_count,evidence_quality,daily_causality,free_data_feasibility,direct_plus_minus_one_fit,complexity,principal_failure_modes,priority_tier,reason_for_rank,candidate_count,top_candidate_ids
1,price_trend_sma,Price versus simple moving average,pre_2011_evidence,19,high,high,high,high,1,whipsaw in sideways markets; sharp rebound after short state,A,Direct symmetric price-state signal with long historical evidence.,6,"[""STRAT0001"", ""STRAT0002"", ""STRAT0003""]"
2,time_series_momentum,Own-return time-series momentum,post_2010_research,14,high,high,high,high,1,momentum crashes; horizon instability,A,Strong directional mechanism but publication after the train boundary.,6,"[""STRAT0007"", ""STRAT0008"", ""STRAT0009""]"
3,short_horizon_reversal,Short-horizon return reversal,pre_2011_evidence,11,high,high,high,high,1,overnight correction before next open; high turnover,A,Direct contrarian sign with substantial liquidity-based evidence.,6,"[""STRAT0013"", ""STRAT0014"", ""STRAT0015""]"
4,vix_term_structure,VIX term-structure risk state,pre_2011_evidence,18,medium_high,medium_high,high,high,2,short history; backfilled dissemination; crisis whipsaw,A,Causal option-market stress state with explicit bullish/bearish sign.,6,"[""STRAT0019"", ""STRAT0020"", ""STRAT0021""]"
5,simple_rule_ensemble,Fixed equal-weight simple-rule ensemble,pre_2011_evidence,28,high,high,high,high,3,correlated votes; hidden effective multiplicity,A,Forecast-combination evidence supports fixed votes without validation weighting.,6,"[""STRAT0025"", ""STRAT0026"", ""STRAT0027""]"
6,trend_ensemble,Multi-horizon trend vote,post_2010_research,36,high,high,high,high,2,correlated horizons; rebound losses,A,Reduces single-horizon dependence while remaining interpretable.,6,"[""STRAT0031"", ""STRAT0032"", ""STRAT0033""]"
7,dual_ma_cross,Fast/slow moving-average crossover,pre_2011_evidence,19,high,high,high,high,1,lag and whipsaw,A,Classic symmetric trend rule.,6,"[""STRAT0037"", ""STRAT0038"", ""STRAT0039""]"
8,price_breakout,Prior-range price breakout,pre_2011_evidence,19,high,high,high,high,1,false breakouts; sparse switches,A,Classic directional support/resistance rule.,6,"[""STRAT0043"", ""STRAT0044"", ""STRAT0045""]"
9,volume_conditioned_reversal,Volume-gated reversal,pre_2011_evidence,17,medium_high,high,high,high,2,volume definition changes; overnight recovery,B,Economic liquidity mechanism improves interpretability of reversal.,6,"[""STRAT0049"", ""STRAT0050"", ""STRAT0051""]"
10,variance_risk_premium_proxy,Free variance-risk-premium proxy,pre_2011_evidence,14,high,medium,medium_high,medium,2,proxy error; sign/decomposition ambiguity,B,"Strong literature, but free VIX-squared minus realized variance is not exact VRP.",6,"[""STRAT0055"", ""STRAT0056"", ""STRAT0057""]"
11,vix_extreme_reversal,VIX extreme panic reversal,pre_2011_evidence,16,medium_high,high,medium_high,high,2,extreme thresholds; short side weak,B,Extreme fear may precede rebound; opposing sign is separately tested.,6,"[""STRAT0061"", ""STRAT0062"", ""STRAT0063""]"
12,vix_level_change,VIX level/change continuation,pre_2011_evidence,4,medium_high,high,high,high,1,contemporaneous versus predictive confusion,B,Simple causal stress-change signal.,6,"[""STRAT0067"", ""STRAT0068"", ""STRAT0069""]"
13,realized_volatility_state,Realized-volatility shock state,pre_2011_evidence,16,high,high,medium,medium,2,volatility alone has ambiguous directional sign,B,Useful state variable; paired continuation/reversal variants expose ambiguity.,6,"[""STRAT0073"", ""STRAT0074"", ""STRAT0075""]"
14,yield_curve_regime,Yield-curve regime,pre_2011_evidence,16,high,high,high,high,1,long lead; zero-lower-bound regime change,B,Highly interpretable slow risk state with official daily data.,6,"[""STRAT0079"", ""STRAT0080"", ""STRAT0081""]"
15,credit_spread_regime,Credit-spread widening/tightening,pre_2011_evidence,10,high,high,high,high,1,late signals; provider revisions,B,Credit risk appetite has direct risk-on/risk-off sign.,6,"[""STRAT0085"", ""STRAT0086"", ""STRAT0087""]"
16,financial_conditions_regime,Financial-conditions state,post_2010_research,10,high,medium,high,high,2,historical revisions; composite opacity,B,Economically strong but point-in-time reconstruction is difficult.,6,"[""STRAT0091"", ""STRAT0092"", ""STRAT0093""]"
17,correlation_dispersion_proxy,Sector correlation/dispersion proxy,pre_2011_evidence,2,high,medium,medium_high,high,3,ETF inception; proxy not S&P point-in-time constituents,C,Conceptually useful internal-risk state with substantial data caveats.,6,"[""STRAT0097"", ""STRAT0098"", ""STRAT0099""]"
18,breadth_trend_proxy,Exchange breadth trend proxy,pre_2011_evidence,21,medium,low_medium,high,high,2,not S&P-specific; archive definition changes,C,"Participation may confirm direction, but free data are proxies.",6,"[""STRAT0103"", ""STRAT0104"", ""STRAT0105""]"
19,breadth_thrust_proxy,Exchange breadth thrust proxy,pre_2011_evidence,8,medium,low_medium,high,high,2,threshold mining; non-equivalent exchanges,C,Extreme participation is directional but data provenance is weaker.,6,"[""STRAT0109"", ""STRAT0110"", ""STRAT0111""]"
20,cross_asset_risk_off,Cross-asset risk-off score,pre_2011_evidence,10,medium_high,medium_high,high,high,2,time zones; ETF inception; changing correlations,C,Fixed score captures credit/rates/dollar/commodity state.,6,"[""STRAT0115"", ""STRAT0116"", ""STRAT0117""]"
21,monetary_inflation_regime,Monetary and inflation regime,pre_2011_evidence,17,high,high,medium_high,high,2,release revisions; ambiguous equity sign,C,Slow causal state with explicit real-time joins.,6,"[""STRAT0121"", ""STRAT0122"", ""STRAT0123""]"
22,valuation_equity_premium,Constrained equity-premium forecast,pre_2011_evidence,18,high,medium_high,medium,medium,3,weak signal; rare shorts; vintage risk,C,Strong research debate and explicit negative evidence demand lower priority.,6,"[""STRAT0127"", ""STRAT0128"", ""STRAT0129""]"
23,sentiment_positioning,Sentiment and positioning,pre_2011_evidence,10,medium_high,medium,medium,medium,2,sign depends on horizon; publication lag,C,Useful secondary state; paired continuation/contrarian variants.,6,"[""STRAT0133"", ""STRAT0134"", ""STRAT0135""]"
24,calendar_seasonality,Calendar seasonality,pre_2011_evidence,5,medium,high,high,high,1,large anomaly zoo; decay after publication,C,"Causal and cheap, but multiplicity is severe.",6,"[""STRAT0139"", ""STRAT0140"", ""STRAT0141""]"
25,overnight_futures_proxy,SPY overnight/gap directional proxy,pre_2011_evidence,15,medium_high,high,medium_high,high,2,adjusted-open/corporate-action errors; gap sign instability; SPY proxy omits futures-only information,D,Free executable variants use audited SPY overnight gaps; paid ES history remains excluded rather than silently substituted.,6,"[""STRAT0145"", ""STRAT0146"", ""STRAT0147""]"
26,markov_regime_filtered,Filtered two-state regime model,pre_2011_evidence,4,high,high,high,high,4,state instability; local maxima; smoothed-probability lookahead,D,Causal only with filtered probabilities and strong complexity penalty.,6,"[""STRAT0151"", ""STRAT0152"", ""STRAT0153""]"
27,regularized_logit,Nested elastic-net logistic direction model,post_2010_research,9,high,high,high,high,5,feature mining; hyperparameter leakage; instability,D,"Interpretable ML baseline, not a black box; train-only nested tuning.",6,"[""STRAT0157"", ""STRAT0158"", ""STRAT0159""]"
28,volatility_conditioned_trend,Trend adjusted by volatility state,post_2010_research,30,high,high,medium_high,high,2,directional sign not same as exposure scaling,D,"Volatility may condition trend reliability, but exposure remains exactly one.",6,"[""STRAT0163"", ""STRAT0164"", ""STRAT0165""]"
