strategy_id,family,variant_label,v2_economic_signature,exact_collision_with_v1,nearest_v1_family,semantic_overlap,novelty_basis,manual_review_status
V2STRAT0001,overnight_intraday_tug,TUG_CONT_1,11ac84c3998a6274464b01e465f1e2faeb7dfc174161516c7c986c515579f8c4,false,overnight_futures_proxy,near_neighbor_to_V1_overnight_but_uses_explicit_overnight_minus_intraday_decomposition,"New formula, state transition, data panel, estimator, or fully frozen model specification; not a parameter-only copy of a V1 rule.",passed_pre_backtest_novelty_review
V2STRAT0002,overnight_intraday_tug,TUG_CONT_5,14e2b230e02353c1c54b262efdf3eb73e0e6151ff64d7954e73a3ffc6b17a4ac,false,overnight_futures_proxy,near_neighbor_to_V1_overnight_but_uses_explicit_overnight_minus_intraday_decomposition,"New formula, state transition, data panel, estimator, or fully frozen model specification; not a parameter-only copy of a V1 rule.",passed_pre_backtest_novelty_review
V2STRAT0003,overnight_intraday_tug,TUG_CONT_20,eb2883e39d5ca5f42ac1cd656211103bcbf127a6070e7abe6e6d454e94d172c7,false,overnight_futures_proxy,near_neighbor_to_V1_overnight_but_uses_explicit_overnight_minus_intraday_decomposition,"New formula, state transition, data panel, estimator, or fully frozen model specification; not a parameter-only copy of a V1 rule.",passed_pre_backtest_novelty_review
V2STRAT0004,overnight_intraday_tug,TUG_REVERSE_1,3cb8d392ed6f17a63eeadc5a48e57348a7ff15765b56732116b865ee0d75d229,false,overnight_futures_proxy,near_neighbor_to_V1_overnight_but_uses_explicit_overnight_minus_intraday_decomposition,"New formula, state transition, data panel, estimator, or fully frozen model specification; not a parameter-only copy of a V1 rule.",passed_pre_backtest_novelty_review
V2STRAT0005,overnight_intraday_tug,TUG_REVERSE_5,2eefefdeee47da0ddc642e0f9486688657a6eb11d77ca989a6a7aad6e9a56655,false,overnight_futures_proxy,near_neighbor_to_V1_overnight_but_uses_explicit_overnight_minus_intraday_decomposition,"New formula, state transition, data panel, estimator, or fully frozen model specification; not a parameter-only copy of a V1 rule.",passed_pre_backtest_novelty_review
V2STRAT0006,overnight_intraday_tug,TUG_REVERSE_20,574f6b00c3a720a4ec71f6217655aeae93831dbfda57816c14b8059d1069599c,false,overnight_futures_proxy,near_neighbor_to_V1_overnight_but_uses_explicit_overnight_minus_intraday_decomposition,"New formula, state transition, data panel, estimator, or fully frozen model specification; not a parameter-only copy of a V1 rule.",passed_pre_backtest_novelty_review
V2STRAT0007,gap_body_interaction,GAP_BODY_AGREE_1,a83a64a797fcd5134af610b923b881fdad30a40f57a6738fb4094dc3bfae6257,false,overnight_futures_proxy,new_interaction_not_in_V1,"New formula, state transition, data panel, estimator, or fully frozen model specification; not a parameter-only copy of a V1 rule.",passed_pre_backtest_novelty_review
V2STRAT0008,gap_body_interaction,GAP_BODY_AGREE_5,e10c00154fb381690c26a78073f71ab861c046ac809ed3fd9bed5d64c29faa9c,false,overnight_futures_proxy,new_interaction_not_in_V1,"New formula, state transition, data panel, estimator, or fully frozen model specification; not a parameter-only copy of a V1 rule.",passed_pre_backtest_novelty_review
V2STRAT0009,gap_body_interaction,GAP_BODY_AGREE_20,2e242f4edacfb0f2ef9f83dadbe2b57302d6d5cc3fdc751f6ce9be7f18e038c4,false,overnight_futures_proxy,new_interaction_not_in_V1,"New formula, state transition, data panel, estimator, or fully frozen model specification; not a parameter-only copy of a V1 rule.",passed_pre_backtest_novelty_review
V2STRAT0010,gap_body_interaction,GAP_REJECT_BODY_1,5d562582b52ff83f8a89f6c6323fe5279b6d229883e9871d106ac5bde21ac5e3,false,overnight_futures_proxy,new_interaction_not_in_V1,"New formula, state transition, data panel, estimator, or fully frozen model specification; not a parameter-only copy of a V1 rule.",passed_pre_backtest_novelty_review
V2STRAT0011,gap_body_interaction,GAP_REJECT_BODY_5,5ac6bcbaacc3c5bee4118e065211a1a40380136e77e3befb97e9835fb767dc42,false,overnight_futures_proxy,new_interaction_not_in_V1,"New formula, state transition, data panel, estimator, or fully frozen model specification; not a parameter-only copy of a V1 rule.",passed_pre_backtest_novelty_review
V2STRAT0012,gap_body_interaction,GAP_REJECT_BODY_20,326159c18ee478190e9ac4d3df1588fc05c1529442e05ffbc84b250704365028,false,overnight_futures_proxy,new_interaction_not_in_V1,"New formula, state transition, data panel, estimator, or fully frozen model specification; not a parameter-only copy of a V1 rule.",passed_pre_backtest_novelty_review
V2STRAT0013,close_location_pressure,CLV_MEAN_1,620323150b38b432d25ff4adc3d0458b8199f641fa152dbcb3442e88a956f097,false,none,new_OHLC_geometry,"New formula, state transition, data panel, estimator, or fully frozen model specification; not a parameter-only copy of a V1 rule.",passed_pre_backtest_novelty_review
V2STRAT0014,close_location_pressure,CLV_MEAN_3,ae22efaad0992ebbc08fa003e409154a3c29637779daf4a9d5cea1dac3170509,false,none,new_OHLC_geometry,"New formula, state transition, data panel, estimator, or fully frozen model specification; not a parameter-only copy of a V1 rule.",passed_pre_backtest_novelty_review
V2STRAT0015,close_location_pressure,CLV_MEAN_5,f2a3c70eb1a471c5776d13cfc0a535a2a9387dc8e3ee1adab926c4afe804755c,false,none,new_OHLC_geometry,"New formula, state transition, data panel, estimator, or fully frozen model specification; not a parameter-only copy of a V1 rule.",passed_pre_backtest_novelty_review
V2STRAT0016,close_location_pressure,CLV_MEAN_10,5ced93a3235788fcb84c396c808c02517bef0310869aad157109d5840cad39d5,false,none,new_OHLC_geometry,"New formula, state transition, data panel, estimator, or fully frozen model specification; not a parameter-only copy of a V1 rule.",passed_pre_backtest_novelty_review
V2STRAT0017,close_location_pressure,CLV_MEAN_20,b1db6ccd8522a8ef039d7173a35b05173008a9fdb473fc3c0847f1e6a6b1a4da,false,none,new_OHLC_geometry,"New formula, state transition, data panel, estimator, or fully frozen model specification; not a parameter-only copy of a V1 rule.",passed_pre_backtest_novelty_review
V2STRAT0018,close_location_pressure,CLV_MEAN_63,a8ed5e85b3df02f1e764dd4332a9dccefb6863af98e40f4f2ef95261885bb47e,false,none,new_OHLC_geometry,"New formula, state transition, data panel, estimator, or fully frozen model specification; not a parameter-only copy of a V1 rule.",passed_pre_backtest_novelty_review
V2STRAT0019,range_body_pressure,BODY_RANGE_1,7486132fbba803b0a51b8a447ba94bb4f0a9eb1de4812f06afaa4f088c23ba65,false,none,new_OHLC_geometry,"New formula, state transition, data panel, estimator, or fully frozen model specification; not a parameter-only copy of a V1 rule.",passed_pre_backtest_novelty_review
V2STRAT0020,range_body_pressure,BODY_RANGE_3,3901f8fb4fdb8682bcfd6031ecdb86c8bb481854289a87073a880200cf9bcbda,false,none,new_OHLC_geometry,"New formula, state transition, data panel, estimator, or fully frozen model specification; not a parameter-only copy of a V1 rule.",passed_pre_backtest_novelty_review
V2STRAT0021,range_body_pressure,BODY_RANGE_5,b6955d7d68943f811d5116ae203943f5ee4b678ae27873468a3cad07e64a266e,false,none,new_OHLC_geometry,"New formula, state transition, data panel, estimator, or fully frozen model specification; not a parameter-only copy of a V1 rule.",passed_pre_backtest_novelty_review
V2STRAT0022,range_body_pressure,BODY_RANGE_10,24d9e8569d94ee5bbb0b9dfe630c8459beaf925efe239555c563d6497097fd27,false,none,new_OHLC_geometry,"New formula, state transition, data panel, estimator, or fully frozen model specification; not a parameter-only copy of a V1 rule.",passed_pre_backtest_novelty_review
V2STRAT0023,range_body_pressure,BODY_RANGE_20,cd4869712c341237bdff2946ba3de870885c6d745ad36d32d2e634e421b86696,false,none,new_OHLC_geometry,"New formula, state transition, data panel, estimator, or fully frozen model specification; not a parameter-only copy of a V1 rule.",passed_pre_backtest_novelty_review
V2STRAT0024,range_body_pressure,BODY_RANGE_63,9eba9c6077af613d0c39440e7f8d0bf98314b07553af27c9e110198ba8d18870,false,none,new_OHLC_geometry,"New formula, state transition, data panel, estimator, or fully frozen model specification; not a parameter-only copy of a V1 rule.",passed_pre_backtest_novelty_review
V2STRAT0025,range_volatility_ratio,PARK_RATIO_5_20,6e2e301a5a39e5348b896cce203d04ca6d7f124b5e4b680378120a4c2803fe0e,false,volatility_conditioned_trend,near_neighbor_to_V1_vol_conditioned_trend_but_range_estimator_and_continuous_ratio_are_new,"New formula, state transition, data panel, estimator, or fully frozen model specification; not a parameter-only copy of a V1 rule.",passed_pre_backtest_novelty_review
V2STRAT0026,range_volatility_ratio,PARK_RATIO_10_40,618e359c750b1c428c09adf9aedfc64166a00ae625cfb15608e2ca79b08dc88b,false,volatility_conditioned_trend,near_neighbor_to_V1_vol_conditioned_trend_but_range_estimator_and_continuous_ratio_are_new,"New formula, state transition, data panel, estimator, or fully frozen model specification; not a parameter-only copy of a V1 rule.",passed_pre_backtest_novelty_review
V2STRAT0027,range_volatility_ratio,PARK_RATIO_20_63,8b86cf82e981484747bb674ef4c3fd28d5f411c4093f0a24dfa0efcb0cdb1d3a,false,volatility_conditioned_trend,near_neighbor_to_V1_vol_conditioned_trend_but_range_estimator_and_continuous_ratio_are_new,"New formula, state transition, data panel, estimator, or fully frozen model specification; not a parameter-only copy of a V1 rule.",passed_pre_backtest_novelty_review
V2STRAT0028,range_volatility_ratio,PARK_RATIO_20_126,f95378265670bc27d2ee4ef79bfce2c34b5e98fdfd432c6ee0428f44140426cd,false,volatility_conditioned_trend,near_neighbor_to_V1_vol_conditioned_trend_but_range_estimator_and_continuous_ratio_are_new,"New formula, state transition, data panel, estimator, or fully frozen model specification; not a parameter-only copy of a V1 rule.",passed_pre_backtest_novelty_review
V2STRAT0029,range_volatility_ratio,PARK_RATIO_63_252,187e02eac11e4d965123249e1a0856e095a95689fb6532c4ac5162c50c3ea490,false,volatility_conditioned_trend,near_neighbor_to_V1_vol_conditioned_trend_but_range_estimator_and_continuous_ratio_are_new,"New formula, state transition, data panel, estimator, or fully frozen model specification; not a parameter-only copy of a V1 rule.",passed_pre_backtest_novelty_review
V2STRAT0030,range_volatility_ratio,PARK_RATIO_126_504,04d1ebcbef0d64031d2bd39c128b20805bc874b4aff1b8b0acc46fadf97ad020,false,volatility_conditioned_trend,near_neighbor_to_V1_vol_conditioned_trend_but_range_estimator_and_continuous_ratio_are_new,"New formula, state transition, data panel, estimator, or fully frozen model specification; not a parameter-only copy of a V1 rule.",passed_pre_backtest_novelty_review
V2STRAT0031,semivariance_balance,SEMIVAR_BAL_5,154b3bedf265b9ece3192f4d69e60a84295c132df74bdff73d69f06fe297d563,false,none,new_signed_variance_decomposition,"New formula, state transition, data panel, estimator, or fully frozen model specification; not a parameter-only copy of a V1 rule.",passed_pre_backtest_novelty_review
V2STRAT0032,semivariance_balance,SEMIVAR_BAL_10,ca3492cd70010543593e7eb510dfdf1fd95ce6d2c068638c7c95960f5a5a8a50,false,none,new_signed_variance_decomposition,"New formula, state transition, data panel, estimator, or fully frozen model specification; not a parameter-only copy of a V1 rule.",passed_pre_backtest_novelty_review
V2STRAT0033,semivariance_balance,SEMIVAR_BAL_20,d2bfb766e9d499271e237f4252cc5c5c4ad2a20ca43f8de6b4ab3ef63dc9d481,false,none,new_signed_variance_decomposition,"New formula, state transition, data panel, estimator, or fully frozen model specification; not a parameter-only copy of a V1 rule.",passed_pre_backtest_novelty_review
V2STRAT0034,semivariance_balance,SEMIVAR_BAL_40,c6e166cfb708799f4ded316219e273d59259cbaf2002d3b27fed527a889b3095,false,none,new_signed_variance_decomposition,"New formula, state transition, data panel, estimator, or fully frozen model specification; not a parameter-only copy of a V1 rule.",passed_pre_backtest_novelty_review
V2STRAT0035,semivariance_balance,SEMIVAR_BAL_63,2d85683b918aed8b0c1cc357677025ad5ad1c598cef1171b708dd3ef9e12d41f,false,none,new_signed_variance_decomposition,"New formula, state transition, data panel, estimator, or fully frozen model specification; not a parameter-only copy of a V1 rule.",passed_pre_backtest_novelty_review
V2STRAT0036,semivariance_balance,SEMIVAR_BAL_126,f88055a4f5c7af16d3764f96a3a908c9507c352bc5f6512b7ad4f8e1e3afc28d,false,none,new_signed_variance_decomposition,"New formula, state transition, data panel, estimator, or fully frozen model specification; not a parameter-only copy of a V1 rule.",passed_pre_backtest_novelty_review
V2STRAT0037,skewness_state,SKEW_CONT_20,75593e445d9c9f4f12126bec35a6b030fcf644682b5b1b13137cc07b29453173,false,none,new_higher_moment,"New formula, state transition, data panel, estimator, or fully frozen model specification; not a parameter-only copy of a V1 rule.",passed_pre_backtest_novelty_review
V2STRAT0038,skewness_state,SKEW_CONT_63,8d80a6804eba339e243fd43cf63a69a4b6776df716a12825cfc46f1bc8070cf6,false,none,new_higher_moment,"New formula, state transition, data panel, estimator, or fully frozen model specification; not a parameter-only copy of a V1 rule.",passed_pre_backtest_novelty_review
V2STRAT0039,skewness_state,SKEW_CONT_126,02260e637003cb89a83a4ee15f3b3cb2b743e8693bd53fa0cf7d424d3d7fc12e,false,none,new_higher_moment,"New formula, state transition, data panel, estimator, or fully frozen model specification; not a parameter-only copy of a V1 rule.",passed_pre_backtest_novelty_review
V2STRAT0040,skewness_state,SKEW_CONTRA_20,e13393d3f00628da8790f6cba87c0c08c7eef04630628b5de544607c8f13f19c,false,none,new_higher_moment,"New formula, state transition, data panel, estimator, or fully frozen model specification; not a parameter-only copy of a V1 rule.",passed_pre_backtest_novelty_review
V2STRAT0041,skewness_state,SKEW_CONTRA_63,93b5efb461f9ae9ce7ff45a7724b90c64acb74ddf64780cc2d755e64cb960977,false,none,new_higher_moment,"New formula, state transition, data panel, estimator, or fully frozen model specification; not a parameter-only copy of a V1 rule.",passed_pre_backtest_novelty_review
V2STRAT0042,skewness_state,SKEW_CONTRA_126,dfb0d5e90372d7971d3883b45772b3cdb28e5995f7ac98dbe02cb4c76045139d,false,none,new_higher_moment,"New formula, state transition, data panel, estimator, or fully frozen model specification; not a parameter-only copy of a V1 rule.",passed_pre_backtest_novelty_review
V2STRAT0043,tail_imbalance,TAIL_REV_Z1p5_63,f6067b345aec26de63b7a3ce09206eee14b7467b41d0cf398f3c5eea7b846aab,false,short_horizon_reversal,near_neighbor_to_V1_short_reversal_but_robust_tail_events_and_hysteresis_are_new,"New formula, state transition, data panel, estimator, or fully frozen model specification; not a parameter-only copy of a V1 rule.",passed_pre_backtest_novelty_review
V2STRAT0044,tail_imbalance,TAIL_REV_Z2p0_63,2a106c5e7171ad5634e1761a75dc9534d6e3f16bdf09804622f95dfd7556e86a,false,short_horizon_reversal,near_neighbor_to_V1_short_reversal_but_robust_tail_events_and_hysteresis_are_new,"New formula, state transition, data panel, estimator, or fully frozen model specification; not a parameter-only copy of a V1 rule.",passed_pre_backtest_novelty_review
V2STRAT0045,tail_imbalance,TAIL_REV_Z1p5_126,c07bf072cfd7646c88d50f87f7f9ae779dae44cc8b28b23da17e7809db0ab153,false,short_horizon_reversal,near_neighbor_to_V1_short_reversal_but_robust_tail_events_and_hysteresis_are_new,"New formula, state transition, data panel, estimator, or fully frozen model specification; not a parameter-only copy of a V1 rule.",passed_pre_backtest_novelty_review
V2STRAT0046,tail_imbalance,TAIL_REV_Z2p0_126,665881bd3b7209727e38101300b9ad09c7647176620fa23e3adad7243805fd04,false,short_horizon_reversal,near_neighbor_to_V1_short_reversal_but_robust_tail_events_and_hysteresis_are_new,"New formula, state transition, data panel, estimator, or fully frozen model specification; not a parameter-only copy of a V1 rule.",passed_pre_backtest_novelty_review
V2STRAT0047,tail_imbalance,TAIL_REV_Z1p5_252,2a715060e5a204ed7357df7fecea6d38e8e0fd5f78a2a97d8274f8be8400f84a,false,short_horizon_reversal,near_neighbor_to_V1_short_reversal_but_robust_tail_events_and_hysteresis_are_new,"New formula, state transition, data panel, estimator, or fully frozen model specification; not a parameter-only copy of a V1 rule.",passed_pre_backtest_novelty_review
V2STRAT0048,tail_imbalance,TAIL_REV_Z2p0_252,9be9afbda221f3797cc34c6d6351b9c7e9adae2d6216002b9fc98588f012e9cb,false,short_horizon_reversal,near_neighbor_to_V1_short_reversal_but_robust_tail_events_and_hysteresis_are_new,"New formula, state transition, data panel, estimator, or fully frozen model specification; not a parameter-only copy of a V1 rule.",passed_pre_backtest_novelty_review
V2STRAT0049,volatility_of_volatility,VOV_CONT_RV20_W20,a3197fd90ed6bf774e76fde72a232669d35269b50f42bfd45b99fbad59aca946,false,none,new_second_order_volatility,"New formula, state transition, data panel, estimator, or fully frozen model specification; not a parameter-only copy of a V1 rule.",passed_pre_backtest_novelty_review
V2STRAT0050,volatility_of_volatility,VOV_REVERSE_RV20_W20,86db5423586c5b177c385ccbab4ba17dfca9a8da48900b08db2a2222e6013cf9,false,none,new_second_order_volatility,"New formula, state transition, data panel, estimator, or fully frozen model specification; not a parameter-only copy of a V1 rule.",passed_pre_backtest_novelty_review
V2STRAT0051,volatility_of_volatility,VOV_CONT_RV20_W63,59b16239e535873514ecb8e94aaa1f89132b10f869a80a3dc8d82cb290f16fcd,false,none,new_second_order_volatility,"New formula, state transition, data panel, estimator, or fully frozen model specification; not a parameter-only copy of a V1 rule.",passed_pre_backtest_novelty_review
V2STRAT0052,volatility_of_volatility,VOV_REVERSE_RV20_W63,99dda8e33c1c5bd582ac40255c2b16b7291833509e300762c9cdd7985fed71e8,false,none,new_second_order_volatility,"New formula, state transition, data panel, estimator, or fully frozen model specification; not a parameter-only copy of a V1 rule.",passed_pre_backtest_novelty_review
V2STRAT0053,volatility_of_volatility,VOV_CONT_RV63_W63,ce7ab5e657e859fbffe68c8e29323b91919e2b5cb59d6189c70105f30f900368,false,none,new_second_order_volatility,"New formula, state transition, data panel, estimator, or fully frozen model specification; not a parameter-only copy of a V1 rule.",passed_pre_backtest_novelty_review
V2STRAT0054,volatility_of_volatility,VOV_REVERSE_RV63_W63,e20d869ca0ab633a8f684b57dce5e9ca060e8df972c6b58567b4a7442003b6b7,false,none,new_second_order_volatility,"New formula, state transition, data panel, estimator, or fully frozen model specification; not a parameter-only copy of a V1 rule.",passed_pre_backtest_novelty_review
V2STRAT0055,variance_ratio_switch,VR_SWITCH_Q2_W126,bbd6e30d6cfeb945ad7a98e2db77d42494de8488b3c67b399de27a000113cea0,false,none,new_serial_dependence_statistic,"New formula, state transition, data panel, estimator, or fully frozen model specification; not a parameter-only copy of a V1 rule.",passed_pre_backtest_novelty_review
V2STRAT0056,variance_ratio_switch,VR_SWITCH_Q5_W126,2ff86d0d3b301d3cad10998a05b42d278fe327d1f99c9388d9721ec71d14171a,false,none,new_serial_dependence_statistic,"New formula, state transition, data panel, estimator, or fully frozen model specification; not a parameter-only copy of a V1 rule.",passed_pre_backtest_novelty_review
V2STRAT0057,variance_ratio_switch,VR_SWITCH_Q10_W252,3977481aa0db28a7aa95c47e3ee252f78772174244764d19b83f17e260b69226,false,none,new_serial_dependence_statistic,"New formula, state transition, data panel, estimator, or fully frozen model specification; not a parameter-only copy of a V1 rule.",passed_pre_backtest_novelty_review
V2STRAT0058,variance_ratio_switch,VR_SWITCH_Q20_W252,d1ff391128ceafdd074ec665ed6f97776d94d8534b1ad3405d9831b963d0b1af,false,none,new_serial_dependence_statistic,"New formula, state transition, data panel, estimator, or fully frozen model specification; not a parameter-only copy of a V1 rule.",passed_pre_backtest_novelty_review
V2STRAT0059,variance_ratio_switch,VR_SWITCH_Q5_W504,1858441c4ce56168a15d2c05366ae6b17800677315158add014c0ef341224441,false,none,new_serial_dependence_statistic,"New formula, state transition, data panel, estimator, or fully frozen model specification; not a parameter-only copy of a V1 rule.",passed_pre_backtest_novelty_review
V2STRAT0060,variance_ratio_switch,VR_SWITCH_Q20_W504,d9f59a11a3ab1a87d371a45f2ae54dd1f275557aa32fdef96759b3e3b8966236,false,none,new_serial_dependence_statistic,"New formula, state transition, data panel, estimator, or fully frozen model specification; not a parameter-only copy of a V1 rule.",passed_pre_backtest_novelty_review
V2STRAT0061,autocorrelation_switch,AC_SWITCH_L1_W63,c65b89a08e4fb9fd8ad697cca98ad5d388853071560c28afad2a30f96de7ab2c,false,none,new_dynamic_serial_dependence,"New formula, state transition, data panel, estimator, or fully frozen model specification; not a parameter-only copy of a V1 rule.",passed_pre_backtest_novelty_review
V2STRAT0062,autocorrelation_switch,AC_SWITCH_L2_W63,446c477b66c11fbd73676ceb60de122e6d73c9fd33c86f07cb2009e86e16c1d2,false,none,new_dynamic_serial_dependence,"New formula, state transition, data panel, estimator, or fully frozen model specification; not a parameter-only copy of a V1 rule.",passed_pre_backtest_novelty_review
V2STRAT0063,autocorrelation_switch,AC_SWITCH_L5_W126,d7b911bba6c9a366e426e816b2bf884c4b0b6a84baa1959285b47d8ae7d29143,false,none,new_dynamic_serial_dependence,"New formula, state transition, data panel, estimator, or fully frozen model specification; not a parameter-only copy of a V1 rule.",passed_pre_backtest_novelty_review
V2STRAT0064,autocorrelation_switch,AC_SWITCH_L10_W126,aca07ba61b273628fc1c41a7d80bb6df0d4116734751979ce2e8eca38074b9d5,false,none,new_dynamic_serial_dependence,"New formula, state transition, data panel, estimator, or fully frozen model specification; not a parameter-only copy of a V1 rule.",passed_pre_backtest_novelty_review
V2STRAT0065,autocorrelation_switch,AC_SWITCH_L20_W252,d5ddee830aec846736f15b834de40d1167aba94af2112a193d5c79b25ff0feb6,false,none,new_dynamic_serial_dependence,"New formula, state transition, data panel, estimator, or fully frozen model specification; not a parameter-only copy of a V1 rule.",passed_pre_backtest_novelty_review
V2STRAT0066,autocorrelation_switch,AC_SWITCH_L63_W504,56f9ff442447d98e7b49ad4ead5e9bd1f6f3b07b41cae994739d4afc7b23842b,false,none,new_dynamic_serial_dependence,"New formula, state transition, data panel, estimator, or fully frozen model specification; not a parameter-only copy of a V1 rule.",passed_pre_backtest_novelty_review
V2STRAT0067,regression_trend_tstat,REG_TSTAT_20,18f62a0fe90f1bb746e495e0365479402a56f175ebfe08958bbc8c7ff48e274a,false,time_series_momentum; price_trend_sma,near_neighbor_to_V1_trend_but_path_and_HAC_tstat_are_new,"New formula, state transition, data panel, estimator, or fully frozen model specification; not a parameter-only copy of a V1 rule.",passed_pre_backtest_novelty_review
V2STRAT0068,regression_trend_tstat,REG_TSTAT_40,588b0853e97af09ad91e3684e73482b512c4ffd6aa291c1919fb575a59a99cfb,false,time_series_momentum; price_trend_sma,near_neighbor_to_V1_trend_but_path_and_HAC_tstat_are_new,"New formula, state transition, data panel, estimator, or fully frozen model specification; not a parameter-only copy of a V1 rule.",passed_pre_backtest_novelty_review
V2STRAT0069,regression_trend_tstat,REG_TSTAT_63,abf1ee8ba6543267730ad16532baf9ad6028a5c35bab5492b7d9f009db6c66db,false,time_series_momentum; price_trend_sma,near_neighbor_to_V1_trend_but_path_and_HAC_tstat_are_new,"New formula, state transition, data panel, estimator, or fully frozen model specification; not a parameter-only copy of a V1 rule.",passed_pre_backtest_novelty_review
V2STRAT0070,regression_trend_tstat,REG_TSTAT_126,507f38edb33ee6240b98ba40175cf072a7a4d6dec640a4dc1344c29bce44295c,false,time_series_momentum; price_trend_sma,near_neighbor_to_V1_trend_but_path_and_HAC_tstat_are_new,"New formula, state transition, data panel, estimator, or fully frozen model specification; not a parameter-only copy of a V1 rule.",passed_pre_backtest_novelty_review
V2STRAT0071,regression_trend_tstat,REG_TSTAT_189,bc18243f46f9288fe2d2c47bdc90df0948c5208898787f3542fd1bdc9364ff9c,false,time_series_momentum; price_trend_sma,near_neighbor_to_V1_trend_but_path_and_HAC_tstat_are_new,"New formula, state transition, data panel, estimator, or fully frozen model specification; not a parameter-only copy of a V1 rule.",passed_pre_backtest_novelty_review
V2STRAT0072,regression_trend_tstat,REG_TSTAT_252,47640f42051b6b396f2870354e2714350ac8d1c056292dce6c064d12ddf91d91,false,time_series_momentum; price_trend_sma,near_neighbor_to_V1_trend_but_path_and_HAC_tstat_are_new,"New formula, state transition, data panel, estimator, or fully frozen model specification; not a parameter-only copy of a V1 rule.",passed_pre_backtest_novelty_review
V2STRAT0073,fifty_two_week_state,HIGH_STATE_63_0p9,3a7c112f6e1d069e9c9dca3408db9660dfda23bec1699a708fc57670497e2551,false,none,new_reference_price_state,"New formula, state transition, data panel, estimator, or fully frozen model specification; not a parameter-only copy of a V1 rule.",passed_pre_backtest_novelty_review
V2STRAT0074,fifty_two_week_state,HIGH_STATE_63_0p95,20d3c727fcd6df199c8a18e1978879aa09114b1449c291e9f6784414dc40088c,false,none,new_reference_price_state,"New formula, state transition, data panel, estimator, or fully frozen model specification; not a parameter-only copy of a V1 rule.",passed_pre_backtest_novelty_review
V2STRAT0075,fifty_two_week_state,HIGH_STATE_126_0p9,25a74465d89ac0aee84c9e533b660a84f0c7a10883b08b09ac8e75e919af16e6,false,none,new_reference_price_state,"New formula, state transition, data panel, estimator, or fully frozen model specification; not a parameter-only copy of a V1 rule.",passed_pre_backtest_novelty_review
V2STRAT0076,fifty_two_week_state,HIGH_STATE_126_0p95,bd547963a97e7db58c8ef75e58990e53b39f63e6e351f96e804db2a954a2425b,false,none,new_reference_price_state,"New formula, state transition, data panel, estimator, or fully frozen model specification; not a parameter-only copy of a V1 rule.",passed_pre_backtest_novelty_review
V2STRAT0077,fifty_two_week_state,HIGH_STATE_252_0p9,55a9a00c08847604a4f8de48dd32704726155cc5fad8b368c7ec9f7bb90aa13e,false,none,new_reference_price_state,"New formula, state transition, data panel, estimator, or fully frozen model specification; not a parameter-only copy of a V1 rule.",passed_pre_backtest_novelty_review
V2STRAT0078,fifty_two_week_state,HIGH_STATE_252_0p95,4dd6c0f0529553a68f737a4599458ec4748dc508083e5f1c8de01cf90bcbbda7,false,none,new_reference_price_state,"New formula, state transition, data panel, estimator, or fully frozen model specification; not a parameter-only copy of a V1 rule.",passed_pre_backtest_novelty_review
V2STRAT0079,momentum_acceleration,MOM_ACCEL_5_20,ba513bb074f11470cae913702819632d8c4846582e5684c393e0f903a8fc734e,false,time_series_momentum,near_neighbor_to_V1_momentum_but_drift_acceleration_is_new,"New formula, state transition, data panel, estimator, or fully frozen model specification; not a parameter-only copy of a V1 rule.",passed_pre_backtest_novelty_review
V2STRAT0080,momentum_acceleration,MOM_ACCEL_10_63,5c4b42911dab2b96242f1693616bc912ca534f353646baac1aeea47f65941a67,false,time_series_momentum,near_neighbor_to_V1_momentum_but_drift_acceleration_is_new,"New formula, state transition, data panel, estimator, or fully frozen model specification; not a parameter-only copy of a V1 rule.",passed_pre_backtest_novelty_review
V2STRAT0081,momentum_acceleration,MOM_ACCEL_20_126,dd1ed5ab2b62efca4da77288ec63a8343eb99db74090218a47bcdfab330af0b7,false,time_series_momentum,near_neighbor_to_V1_momentum_but_drift_acceleration_is_new,"New formula, state transition, data panel, estimator, or fully frozen model specification; not a parameter-only copy of a V1 rule.",passed_pre_backtest_novelty_review
V2STRAT0082,momentum_acceleration,MOM_ACCEL_21_252,82fcb6a5f4dc8761791895e95fbd1a1c323eb9d21d04e677319340d6d68a6fbf,false,time_series_momentum,near_neighbor_to_V1_momentum_but_drift_acceleration_is_new,"New formula, state transition, data panel, estimator, or fully frozen model specification; not a parameter-only copy of a V1 rule.",passed_pre_backtest_novelty_review
V2STRAT0083,momentum_acceleration,MOM_ACCEL_63_252,eb6bb29666ca760853bc0f98e2be024c53aa26beb8f6d6706da45b6bb5d1003b,false,time_series_momentum,near_neighbor_to_V1_momentum_but_drift_acceleration_is_new,"New formula, state transition, data panel, estimator, or fully frozen model specification; not a parameter-only copy of a V1 rule.",passed_pre_backtest_novelty_review
V2STRAT0084,momentum_acceleration,MOM_ACCEL_126_504,e15349bdfa1fbe06227f1061c1162f9a996299c4e2ff3ac6477df5a8b32b6876,false,time_series_momentum,near_neighbor_to_V1_momentum_but_drift_acceleration_is_new,"New formula, state transition, data panel, estimator, or fully frozen model specification; not a parameter-only copy of a V1 rule.",passed_pre_backtest_novelty_review
V2STRAT0085,momentum_consistency,POS_FRAC_5,c22f24b3169fb67fde8dd0065776f195657d7ca762d60f77ce12a205f4e18c65,false,none,new_path_consistency,"New formula, state transition, data panel, estimator, or fully frozen model specification; not a parameter-only copy of a V1 rule.",passed_pre_backtest_novelty_review
V2STRAT0086,momentum_consistency,POS_FRAC_10,e7902617ac2d929604572c38196c7ef72ea0fb2b204d1febf7d100a374b88dbb,false,none,new_path_consistency,"New formula, state transition, data panel, estimator, or fully frozen model specification; not a parameter-only copy of a V1 rule.",passed_pre_backtest_novelty_review
V2STRAT0087,momentum_consistency,POS_FRAC_20,7b0c13da7a3e916564caf9cd1edf1581fb68dafb2f86c973e00d496b46994269,false,none,new_path_consistency,"New formula, state transition, data panel, estimator, or fully frozen model specification; not a parameter-only copy of a V1 rule.",passed_pre_backtest_novelty_review
V2STRAT0088,momentum_consistency,POS_FRAC_40,e25be43041c03c25c20302d00850bc6056bdc0c4b1600f68b8bf109ff0b2d5a4,false,none,new_path_consistency,"New formula, state transition, data panel, estimator, or fully frozen model specification; not a parameter-only copy of a V1 rule.",passed_pre_backtest_novelty_review
V2STRAT0089,momentum_consistency,POS_FRAC_63,74e49c10f354e6966a6028e7493db1a05ace900b413bc17f72eb0e42b6f2f2ae,false,none,new_path_consistency,"New formula, state transition, data panel, estimator, or fully frozen model specification; not a parameter-only copy of a V1 rule.",passed_pre_backtest_novelty_review
V2STRAT0090,momentum_consistency,POS_FRAC_126,9b99ba2f76ae134e6e82b229ba068d1231b2f4a983edf32b36314a7b2484c4f7,false,none,new_path_consistency,"New formula, state transition, data panel, estimator, or fully frozen model specification; not a parameter-only copy of a V1 rule.",passed_pre_backtest_novelty_review
V2STRAT0091,signed_volume_pressure,SIGNED_VOL_1,daac396b1a049ae86ccfd8d7c94b15e59dc2b99ded30f104a754d1ced9af6b5d,false,volume_conditioned_reversal,near_neighbor_to_V1_volume_reversal_but_abnormal_signed_pressure_is_new,"New formula, state transition, data panel, estimator, or fully frozen model specification; not a parameter-only copy of a V1 rule.",passed_pre_backtest_novelty_review
V2STRAT0092,signed_volume_pressure,SIGNED_VOL_3,9c47b588edfdb0e16be7373a689187c75f3b80a4b86f891d148feebe3ae5a497,false,volume_conditioned_reversal,near_neighbor_to_V1_volume_reversal_but_abnormal_signed_pressure_is_new,"New formula, state transition, data panel, estimator, or fully frozen model specification; not a parameter-only copy of a V1 rule.",passed_pre_backtest_novelty_review
V2STRAT0093,signed_volume_pressure,SIGNED_VOL_5,aeb99fab11c9f904872fbff2f1f773afe61eb88247af9a844e41829d7772b6ee,false,volume_conditioned_reversal,near_neighbor_to_V1_volume_reversal_but_abnormal_signed_pressure_is_new,"New formula, state transition, data panel, estimator, or fully frozen model specification; not a parameter-only copy of a V1 rule.",passed_pre_backtest_novelty_review
V2STRAT0094,signed_volume_pressure,SIGNED_VOL_10,ba05994a84bc0c38dab601ba8a51fd2e7398b0f3673833086a31ec6b29790692,false,volume_conditioned_reversal,near_neighbor_to_V1_volume_reversal_but_abnormal_signed_pressure_is_new,"New formula, state transition, data panel, estimator, or fully frozen model specification; not a parameter-only copy of a V1 rule.",passed_pre_backtest_novelty_review
V2STRAT0095,signed_volume_pressure,SIGNED_VOL_20,a0ab606fbd17052c3a388ffb1b37c2fadf19de07c724b47dec3306d85ec9d1aa,false,volume_conditioned_reversal,near_neighbor_to_V1_volume_reversal_but_abnormal_signed_pressure_is_new,"New formula, state transition, data panel, estimator, or fully frozen model specification; not a parameter-only copy of a V1 rule.",passed_pre_backtest_novelty_review
V2STRAT0096,signed_volume_pressure,SIGNED_VOL_63,08056a60560603e6a7aacb72e5e1141b3481d7c516973d62af5044cff16fb72e,false,volume_conditioned_reversal,near_neighbor_to_V1_volume_reversal_but_abnormal_signed_pressure_is_new,"New formula, state transition, data panel, estimator, or fully frozen model specification; not a parameter-only copy of a V1 rule.",passed_pre_backtest_novelty_review
V2STRAT0097,amihud_price_impact,SIGNED_IMPACT_1,6d38c7b9b098e04a8ed5ec7f732f977af037228bca0ddce1ea459d44a29c69a7,false,none,new_liquidity_weighted_direction,"New formula, state transition, data panel, estimator, or fully frozen model specification; not a parameter-only copy of a V1 rule.",passed_pre_backtest_novelty_review
V2STRAT0098,amihud_price_impact,SIGNED_IMPACT_3,583535736a8ce1054e61fa0c3dec28d248d424d841500f60a03474f562c16f65,false,none,new_liquidity_weighted_direction,"New formula, state transition, data panel, estimator, or fully frozen model specification; not a parameter-only copy of a V1 rule.",passed_pre_backtest_novelty_review
V2STRAT0099,amihud_price_impact,SIGNED_IMPACT_5,0feb8ab86be0538c1fd89bf7891a347e9e8f719da0257bb95d9ed0f027c5980d,false,none,new_liquidity_weighted_direction,"New formula, state transition, data panel, estimator, or fully frozen model specification; not a parameter-only copy of a V1 rule.",passed_pre_backtest_novelty_review
V2STRAT0100,amihud_price_impact,SIGNED_IMPACT_10,74d8ee1c66eb242caa6fe804920e56f4bd9435ea700d5a7db2647867df53cc00,false,none,new_liquidity_weighted_direction,"New formula, state transition, data panel, estimator, or fully frozen model specification; not a parameter-only copy of a V1 rule.",passed_pre_backtest_novelty_review
V2STRAT0101,amihud_price_impact,SIGNED_IMPACT_20,ad2465edad221a6c26791c5852bd62fdf6acb8b82c731e13c51d01c7a06610fd,false,none,new_liquidity_weighted_direction,"New formula, state transition, data panel, estimator, or fully frozen model specification; not a parameter-only copy of a V1 rule.",passed_pre_backtest_novelty_review
V2STRAT0102,amihud_price_impact,SIGNED_IMPACT_63,20bc131d37550ea83976bf6d6b586b59b4e36caef43a743643f7aac05a5286b9,false,none,new_liquidity_weighted_direction,"New formula, state transition, data panel, estimator, or fully frozen model specification; not a parameter-only copy of a V1 rule.",passed_pre_backtest_novelty_review
V2STRAT0103,sector_etf_breadth,SECTOR_POSRET_20,9028857eceadbc42972559d3b5bf3f950aee1793d466af55dd733392efd17cfd,false,breadth_trend_proxy; breadth_thrust_proxy,replaces_rejected_V1_constituent_breadth_with_fixed_ETF_panel,"New formula, state transition, data panel, estimator, or fully frozen model specification; not a parameter-only copy of a V1 rule.",passed_pre_backtest_novelty_review
V2STRAT0104,sector_etf_breadth,SECTOR_POSRET_63,6379ff3509c384f6f19bc9ddb9e28671df88c1b399c32afe8ab168c9bfe6cd08,false,breadth_trend_proxy; breadth_thrust_proxy,replaces_rejected_V1_constituent_breadth_with_fixed_ETF_panel,"New formula, state transition, data panel, estimator, or fully frozen model specification; not a parameter-only copy of a V1 rule.",passed_pre_backtest_novelty_review
V2STRAT0105,sector_etf_breadth,SECTOR_POSRET_126,8a8d033a158a8b668e35e250e70277af02a0c40915b0fa4337b556ecba8d8dd9,false,breadth_trend_proxy; breadth_thrust_proxy,replaces_rejected_V1_constituent_breadth_with_fixed_ETF_panel,"New formula, state transition, data panel, estimator, or fully frozen model specification; not a parameter-only copy of a V1 rule.",passed_pre_backtest_novelty_review
V2STRAT0106,sector_etf_breadth,SECTOR_ABOVE_SMA_50,696340b15de8d0972e0133af88dade5cfba806fd8a41f168e60459e23e37264d,false,breadth_trend_proxy; breadth_thrust_proxy,replaces_rejected_V1_constituent_breadth_with_fixed_ETF_panel,"New formula, state transition, data panel, estimator, or fully frozen model specification; not a parameter-only copy of a V1 rule.",passed_pre_backtest_novelty_review
V2STRAT0107,sector_etf_breadth,SECTOR_ABOVE_SMA_100,8c76cdbc91461649954fd6b884a4cbac22f5f9fb4113e794309bcb4f6a18b036,false,breadth_trend_proxy; breadth_thrust_proxy,replaces_rejected_V1_constituent_breadth_with_fixed_ETF_panel,"New formula, state transition, data panel, estimator, or fully frozen model specification; not a parameter-only copy of a V1 rule.",passed_pre_backtest_novelty_review
V2STRAT0108,sector_etf_breadth,SECTOR_ABOVE_SMA_200,23d7ddb7b5f03852a9946e7a6c22ea032d5eafb7e7d08b75fa45e2948a03f8b1,false,breadth_trend_proxy; breadth_thrust_proxy,replaces_rejected_V1_constituent_breadth_with_fixed_ETF_panel,"New formula, state transition, data panel, estimator, or fully frozen model specification; not a parameter-only copy of a V1 rule.",passed_pre_backtest_novelty_review
V2STRAT0109,cyclical_defensive_leadership,LEAD_XLY_XLP_20,1d095e0f098dc198be184402f14a57b2fd790988da4e930f8fcff3cc27b549a9,false,cross_asset_risk_off,new_fully_signed_cross_ETF_ratios_fixing_V1_incomplete_signs,"New formula, state transition, data panel, estimator, or fully frozen model specification; not a parameter-only copy of a V1 rule.",passed_pre_backtest_novelty_review
V2STRAT0110,cyclical_defensive_leadership,LEAD_XLY_XLP_63,b7a2b808b2b8b0dd3123788068278c3b382b6642cc462bbc4a05f7756cff9dc6,false,cross_asset_risk_off,new_fully_signed_cross_ETF_ratios_fixing_V1_incomplete_signs,"New formula, state transition, data panel, estimator, or fully frozen model specification; not a parameter-only copy of a V1 rule.",passed_pre_backtest_novelty_review
V2STRAT0111,cyclical_defensive_leadership,LEAD_XLI_XLU_20,74c8543a293edf958168760b07ba4aa73293e58366469efa6edb5712f322f4f8,false,cross_asset_risk_off,new_fully_signed_cross_ETF_ratios_fixing_V1_incomplete_signs,"New formula, state transition, data panel, estimator, or fully frozen model specification; not a parameter-only copy of a V1 rule.",passed_pre_backtest_novelty_review
V2STRAT0112,cyclical_defensive_leadership,LEAD_XLI_XLU_63,9da973b8242cd4955c11998f8d2f9546a3022105d2a306342f4c8529f23e98c2,false,cross_asset_risk_off,new_fully_signed_cross_ETF_ratios_fixing_V1_incomplete_signs,"New formula, state transition, data panel, estimator, or fully frozen model specification; not a parameter-only copy of a V1 rule.",passed_pre_backtest_novelty_review
V2STRAT0113,cyclical_defensive_leadership,LEAD_XLF_XLU_20,3bf08ed745f3d84b9c2ae6cd4bdb2cb46eb311616a2dc7d0d8673609a49d05ed,false,cross_asset_risk_off,new_fully_signed_cross_ETF_ratios_fixing_V1_incomplete_signs,"New formula, state transition, data panel, estimator, or fully frozen model specification; not a parameter-only copy of a V1 rule.",passed_pre_backtest_novelty_review
V2STRAT0114,cyclical_defensive_leadership,LEAD_XLF_XLU_63,68974d4c5baa6f980e0473f48af8c53e19d6aae6a3ca7c7b1fa767adbc4125e9,false,cross_asset_risk_off,new_fully_signed_cross_ETF_ratios_fixing_V1_incomplete_signs,"New formula, state transition, data panel, estimator, or fully frozen model specification; not a parameter-only copy of a V1 rule.",passed_pre_backtest_novelty_review
V2STRAT0115,cross_asset_etf_risk_appetite,RISK_RATIO_QQQ_SPY_63,0f6e72372c0cd0b87c9902ed658f5221337e5cf61509bc4e5a59cdfec210bb66,false,cross_asset_risk_off,new_complete_signs_and_fixed_ETF_implementation_for_rejected_V1_cross_asset_family,"New formula, state transition, data panel, estimator, or fully frozen model specification; not a parameter-only copy of a V1 rule.",passed_pre_backtest_novelty_review
V2STRAT0116,cross_asset_etf_risk_appetite,RISK_RATIO_IWM_SPY_63,e31e6d4f03a21f39dec45a51af06a00d6505635fdd48a777cb7f0436de48ba4e,false,cross_asset_risk_off,new_complete_signs_and_fixed_ETF_implementation_for_rejected_V1_cross_asset_family,"New formula, state transition, data panel, estimator, or fully frozen model specification; not a parameter-only copy of a V1 rule.",passed_pre_backtest_novelty_review
V2STRAT0117,cross_asset_etf_risk_appetite,RISK_RATIO_IWM_DIA_63,9b0ebd410ae1fb8c700dc9692a022ef2908dff2698be7d45fe68972b3608d85f,false,cross_asset_risk_off,new_complete_signs_and_fixed_ETF_implementation_for_rejected_V1_cross_asset_family,"New formula, state transition, data panel, estimator, or fully frozen model specification; not a parameter-only copy of a V1 rule.",passed_pre_backtest_novelty_review
V2STRAT0118,cross_asset_etf_risk_appetite,RISK_RATIO_DIA_SPY_63,bdce12a98f2f1890f3eb910719c1f533ff2abc343a6155529239917d2afdd0c9,false,cross_asset_risk_off,new_complete_signs_and_fixed_ETF_implementation_for_rejected_V1_cross_asset_family,"New formula, state transition, data panel, estimator, or fully frozen model specification; not a parameter-only copy of a V1 rule.",passed_pre_backtest_novelty_review
V2STRAT0119,cross_asset_etf_risk_appetite,RISK_RATIO_SPY_IEF_63,ee7b833573f740495aa949c8b77162fd7ffc59194d212323c99d7d13b4077a58,false,cross_asset_risk_off,new_complete_signs_and_fixed_ETF_implementation_for_rejected_V1_cross_asset_family,"New formula, state transition, data panel, estimator, or fully frozen model specification; not a parameter-only copy of a V1 rule.",passed_pre_backtest_novelty_review
V2STRAT0120,cross_asset_etf_risk_appetite,RISK_RATIO_SPY_TLT_63,43a22bd9ca9a18c85e7d150df02dee5d1dfc08e3ac480df7f88f2462098b081a,false,cross_asset_risk_off,new_complete_signs_and_fixed_ETF_implementation_for_rejected_V1_cross_asset_family,"New formula, state transition, data panel, estimator, or fully frozen model specification; not a parameter-only copy of a V1 rule.",passed_pre_backtest_novelty_review
V2STRAT0121,sector_dispersion_state,SECTOR_DISP_20_STATE20,5cf030f5eaeea29ac8a77218a0fd452c5d2142cf0b8fcbcfeeaee58a0c989080,false,correlation_dispersion_proxy,new_fixed_ETF_dispersion_adapter_for_rejected_V1_family,"New formula, state transition, data panel, estimator, or fully frozen model specification; not a parameter-only copy of a V1 rule.",passed_pre_backtest_novelty_review
V2STRAT0122,sector_dispersion_state,SECTOR_DISP_20_STATE63,ad23440d2403a80e8d9c895eb0ccad37222904f519d095a79349c0fffb16261d,false,correlation_dispersion_proxy,new_fixed_ETF_dispersion_adapter_for_rejected_V1_family,"New formula, state transition, data panel, estimator, or fully frozen model specification; not a parameter-only copy of a V1 rule.",passed_pre_backtest_novelty_review
V2STRAT0123,sector_dispersion_state,SECTOR_DISP_63_STATE20,22e072cce38122f097af1a0dddf71d0b88682ed6c9e5a633c068cc4c2871d108,false,correlation_dispersion_proxy,new_fixed_ETF_dispersion_adapter_for_rejected_V1_family,"New formula, state transition, data panel, estimator, or fully frozen model specification; not a parameter-only copy of a V1 rule.",passed_pre_backtest_novelty_review
V2STRAT0124,sector_dispersion_state,SECTOR_DISP_63_STATE63,a9fdaee14d184f637588f22298723c203905da426d9ea4dd962f261f09f1e437,false,correlation_dispersion_proxy,new_fixed_ETF_dispersion_adapter_for_rejected_V1_family,"New formula, state transition, data panel, estimator, or fully frozen model specification; not a parameter-only copy of a V1 rule.",passed_pre_backtest_novelty_review
V2STRAT0125,sector_dispersion_state,SECTOR_DISP_126_STATE20,39fa1631131c0a7cf4edf27da2700fd7651ec5d87cee36f387b6f7098e202cf3,false,correlation_dispersion_proxy,new_fixed_ETF_dispersion_adapter_for_rejected_V1_family,"New formula, state transition, data panel, estimator, or fully frozen model specification; not a parameter-only copy of a V1 rule.",passed_pre_backtest_novelty_review
V2STRAT0126,sector_dispersion_state,SECTOR_DISP_126_STATE63,9936a707ca01d428c3dfabf3439679169928701ec19de73159c58ef85bbc1a55,false,correlation_dispersion_proxy,new_fixed_ETF_dispersion_adapter_for_rejected_V1_family,"New formula, state transition, data panel, estimator, or fully frozen model specification; not a parameter-only copy of a V1 rule.",passed_pre_backtest_novelty_review
V2STRAT0127,equal_weight_concentration,RSP_SPY_5,1ee700bcfd90dc0d8d829891fb44e8fa58e81a839a2b4963a478515eeeb7e121,false,none,new_concentration_proxy,"New formula, state transition, data panel, estimator, or fully frozen model specification; not a parameter-only copy of a V1 rule.",passed_pre_backtest_novelty_review
V2STRAT0128,equal_weight_concentration,RSP_SPY_20,16c771e20009393a0138831a1611e8866da8737a411aa95803e18537ac56a74d,false,none,new_concentration_proxy,"New formula, state transition, data panel, estimator, or fully frozen model specification; not a parameter-only copy of a V1 rule.",passed_pre_backtest_novelty_review
V2STRAT0129,equal_weight_concentration,RSP_SPY_63,fcc76d65a6b6a73b0813efaf8f96d6fea61a35b2ee1b0e6c5aa30b6f2f745520,false,none,new_concentration_proxy,"New formula, state transition, data panel, estimator, or fully frozen model specification; not a parameter-only copy of a V1 rule.",passed_pre_backtest_novelty_review
V2STRAT0130,equal_weight_concentration,RSP_SPY_126,1c256c382b7c4f87fa1f71afc7887f47dbf8f3c9199c0ff26cbe0707036998a0,false,none,new_concentration_proxy,"New formula, state transition, data panel, estimator, or fully frozen model specification; not a parameter-only copy of a V1 rule.",passed_pre_backtest_novelty_review
V2STRAT0131,equal_weight_concentration,RSP_SPY_189,36868fb755ecb97cc65e6914948d0ff388c68b8972fb14dcf7cdb6bf23c05840,false,none,new_concentration_proxy,"New formula, state transition, data panel, estimator, or fully frozen model specification; not a parameter-only copy of a V1 rule.",passed_pre_backtest_novelty_review
V2STRAT0132,equal_weight_concentration,RSP_SPY_252,93ee40d815a102f75eb3f075aefe7b9c6eb15c04570d7f4baaa50fb359aea26f,false,none,new_concentration_proxy,"New formula, state transition, data panel, estimator, or fully frozen model specification; not a parameter-only copy of a V1 rule.",passed_pre_backtest_novelty_review
V2STRAT0133,cusum_change_state,CUSUM_K0_H3,e0fdde59ab954bc26e77df9d6ebccc021e7d8ba58b540c75daa13ad73ab36f2e,false,none,new_sequential_change_detector,"New formula, state transition, data panel, estimator, or fully frozen model specification; not a parameter-only copy of a V1 rule.",passed_pre_backtest_novelty_review
V2STRAT0134,cusum_change_state,CUSUM_K0_H5,b30cfcfaf23e2697221094831c02b63a6d543bc7f55a44fa5e4439d2f24103a4,false,none,new_sequential_change_detector,"New formula, state transition, data panel, estimator, or fully frozen model specification; not a parameter-only copy of a V1 rule.",passed_pre_backtest_novelty_review
V2STRAT0135,cusum_change_state,CUSUM_K0p25_H3,7be68327185a8570ea9c3c002a52e5da1c98610e7ee2cc20cca027c9f3ef4bff,false,none,new_sequential_change_detector,"New formula, state transition, data panel, estimator, or fully frozen model specification; not a parameter-only copy of a V1 rule.",passed_pre_backtest_novelty_review
V2STRAT0136,cusum_change_state,CUSUM_K0p25_H5,a03ff7a20b8c8e43d2275ce1c3c4fb2dedf95067e3a1b253e244711fe8730a64,false,none,new_sequential_change_detector,"New formula, state transition, data panel, estimator, or fully frozen model specification; not a parameter-only copy of a V1 rule.",passed_pre_backtest_novelty_review
V2STRAT0137,cusum_change_state,CUSUM_K0p5_H3,6ee084fb1169f548132c27e1ea020d203d371d9d03528430d146ecb08362a0db,false,none,new_sequential_change_detector,"New formula, state transition, data panel, estimator, or fully frozen model specification; not a parameter-only copy of a V1 rule.",passed_pre_backtest_novelty_review
V2STRAT0138,cusum_change_state,CUSUM_K0p5_H5,0aebaa77c798b08ce8b6365623dfdbe32a5e64660e04456a8cc64b7add5dc9aa,false,none,new_sequential_change_detector,"New formula, state transition, data panel, estimator, or fully frozen model specification; not a parameter-only copy of a V1 rule.",passed_pre_backtest_novelty_review
V2STRAT0139,causal_shallow_tree,TREE_D1_LEAF126,41cb9f1e62ee09d5780fda7138ff725392d677e04cc40fada0c66fe7d7e04105,false,regularized_logit,new_fully_specified_interpretable_ML_replacing_rejected_V1_logit,"New formula, state transition, data panel, estimator, or fully frozen model specification; not a parameter-only copy of a V1 rule.",passed_pre_backtest_novelty_review
V2STRAT0140,causal_shallow_tree,TREE_D1_LEAF252,3d243bf3ce692015b335af97080648da8c75d5137350f64b8ac939e1aa73bfbc,false,regularized_logit,new_fully_specified_interpretable_ML_replacing_rejected_V1_logit,"New formula, state transition, data panel, estimator, or fully frozen model specification; not a parameter-only copy of a V1 rule.",passed_pre_backtest_novelty_review
V2STRAT0141,causal_shallow_tree,TREE_D2_LEAF126,b8c61566b5e42f0440e6f15cd4c7ee00648090fe185a6e85001f06e0b14f3b72,false,regularized_logit,new_fully_specified_interpretable_ML_replacing_rejected_V1_logit,"New formula, state transition, data panel, estimator, or fully frozen model specification; not a parameter-only copy of a V1 rule.",passed_pre_backtest_novelty_review
V2STRAT0142,causal_shallow_tree,TREE_D2_LEAF252,98f36cf1ed80c5f989fe24de4ab8b554e4f7fe0d96b41ec8683a63e89141e5b0,false,regularized_logit,new_fully_specified_interpretable_ML_replacing_rejected_V1_logit,"New formula, state transition, data panel, estimator, or fully frozen model specification; not a parameter-only copy of a V1 rule.",passed_pre_backtest_novelty_review
V2STRAT0143,causal_shallow_tree,TREE_D3_LEAF126,c8d6067d287b2f4febfa73d0ab9dd3ef0bd95dc6fd70d5011d51f14e8f5f40e6,false,regularized_logit,new_fully_specified_interpretable_ML_replacing_rejected_V1_logit,"New formula, state transition, data panel, estimator, or fully frozen model specification; not a parameter-only copy of a V1 rule.",passed_pre_backtest_novelty_review
V2STRAT0144,causal_shallow_tree,TREE_D3_LEAF252,98aa3da89f82cd0559d0bcb6208f4766e497b5b5c930c6b83cffa8a0620b330a,false,regularized_logit,new_fully_specified_interpretable_ML_replacing_rejected_V1_logit,"New formula, state transition, data panel, estimator, or fully frozen model specification; not a parameter-only copy of a V1 rule.",passed_pre_backtest_novelty_review
