gate_id,gate_attempt_id,gate_version,status,prerequisite_gate_ids,gate_definition_digest,evaluated_required_task_ids,required_task_id_set_digest,required_condition_digest,selected_branch_id_or_null,inventory_snapshot_digest_or_null,evidence_bundle_digest,blocking_reason,evaluated_at_utc,evaluated_commit_sha
G0,G0-attempt-0001,2,green,[],sha256:94b4f8d96d62461b22180999c0e4a4a6637b55bf95ce1dfd1669ac36f43da8c9,"[""PREV7-0000"",""PREV7-0001"",""PREV7-0002"",""PREV7-0003"",""PREV7-0004"",""PREV7-0005"",""PREV7-0006"",""PREV7-0007"",""PREV7-0008"",""PREV7-0009"",""PREV7-0010"",""PREV7-0011"",""PREV7-0012""]",sha256:f0292b024b27da43ba0795574b96e625e57d04b9e1ab035d8f143f0f087efd10,sha256:af6938b7093dbf19fed77b26c06fea7a43833c998d48790954b77bb2b32a48c6,G0_BOOTSTRAP_DISPOSITION,sha256:3a93d655520be90818b81df0179cdbde35ca82aea4229292806619758ed300be,sha256:56f32274081026f0efd43eaa40db5dc0c2a1b7558bec593e0d41a5d0fbe231b2,,2026-07-30T16:00:00.000092Z,3b6bf272516cbf2cc7c7bafee9c4dfdd80ac7ade
G10,G10-attempt-0000,1,red,"[""G9""]",sha256:7ae47cb574c74c966690112f2e18fe8956357c2a60757b55c88a7225afb4af5f,"[""PREV7-0406"",""PREV7-0407"",""PREV7-1001"",""PREV7-1002"",""PREV7-1003""]",sha256:9005451e7747116be216b0bc3949bf6f280fd4e1c86c3a2670679dce77366495,sha256:bf5d607a35140d1e2988aafddc33ee7112ffa109718a73477ff011d4910f7da2,,sha256:f99b7beef54c529e2fd62104403b9d34785b2c960ddcdbc6bbde1ebf2b26dfbb,sha256:4f53cda18c2baa0c0354bb5f9a3ecbe5ed12ab4d8e11ba873c2f11161202b945,required_tasks_not_done,2026-07-29T00:00:00Z,56251bbdd76a994b5032b912e9266253af3f4091
G1A,G1A-attempt-0000,1,red,"[""G0""]",sha256:c4fdf2c4ee5e39055cec33e3ee0464a9df98ce78fce3bea17dd6a3a29be58194,"[""PREV7-0101"",""PREV7-0102"",""PREV7-0103""]",sha256:422a050ffa35c8a2d1b6dcc5334c11f5d0e977a90603cb7de8a250febfe25908,sha256:fd3de598a01c6f5feb54aea857300a33a5418d38eab03e7f5e33c58c34a6e60c,,sha256:f99b7beef54c529e2fd62104403b9d34785b2c960ddcdbc6bbde1ebf2b26dfbb,sha256:4f53cda18c2baa0c0354bb5f9a3ecbe5ed12ab4d8e11ba873c2f11161202b945,required_tasks_not_done,2026-07-29T00:00:00Z,56251bbdd76a994b5032b912e9266253af3f4091
G1B,G1B-attempt-0000,1,red,[],sha256:4d2f070bbc159aa0674e1827c4055951dbae8e39124c12a21c4e2fcc44ebc7e4,"[""PREV7-0201""]",sha256:cc416aba139c10612c73b259cee34cf489ef66ffc33555714a5574a14d584d0a,sha256:974b1dbcdee76cd3f9ca6ae919f73048fee22f3b424758755817903d18bcfd33,,sha256:f99b7beef54c529e2fd62104403b9d34785b2c960ddcdbc6bbde1ebf2b26dfbb,sha256:4f53cda18c2baa0c0354bb5f9a3ecbe5ed12ab4d8e11ba873c2f11161202b945,required_tasks_not_done,2026-07-29T00:00:00Z,56251bbdd76a994b5032b912e9266253af3f4091
G2,G2-attempt-0000,1,red,"[""G3A""]",sha256:b883377516266356f5a155255a30b38efdeede011884ca52fed3d36263cf2bb3,"[""PREV7-0301"",""PREV7-0302"",""PREV7-0303"",""PREV7-0304"",""PREV7-0305"",""PREV7-0306"",""PREV7-0307"",""PREV7-0309""]",sha256:30d52bd102eb17c955fa182d041c6187564b743dd0d1d11c4ad876ceda173a89,sha256:7c614d474762a8bc605bbcfb65185cd16c2470e6392a4ed20a07221eb6319ce0,,sha256:f99b7beef54c529e2fd62104403b9d34785b2c960ddcdbc6bbde1ebf2b26dfbb,sha256:4f53cda18c2baa0c0354bb5f9a3ecbe5ed12ab4d8e11ba873c2f11161202b945,required_tasks_not_done,2026-07-29T00:00:00Z,56251bbdd76a994b5032b912e9266253af3f4091
G3A,G3A-attempt-0000,1,red,"[""G1A""]",sha256:0c38d698e15e4fb48a6cbf3f762ffc9785ee0cd28d5f3ae7d30b71856d58336e,"[""PREV7-0202"",""PREV7-0204"",""PREV7-0205"",""PREV7-0206"",""PREV7-0210""]",sha256:aca74f8639675f02232e016bb7519c28398656b9ab0be7a170461c4c897462e1,sha256:1ea14b58b59b28903447f353cb9df5920ab7533bd1b6262a15227a9a47cec740,,sha256:f99b7beef54c529e2fd62104403b9d34785b2c960ddcdbc6bbde1ebf2b26dfbb,sha256:4f53cda18c2baa0c0354bb5f9a3ecbe5ed12ab4d8e11ba873c2f11161202b945,required_tasks_not_done,2026-07-29T00:00:00Z,56251bbdd76a994b5032b912e9266253af3f4091
G3B,G3B-attempt-0000,1,red,"[""G1B"",""G3A"",""G6A""]",sha256:d8585d4f942ccf3fab16cc0d0b561a400c0573329d72b148efcf648f73078e00,"[""PREV7-0203"",""PREV7-0207"",""PREV7-0208"",""PREV7-0209"",""PREV7-0308""]",sha256:b32737d56a46613445b3ea97d3497489ab58e5c640a41297970a721328140294,sha256:13a8131bbba2461918a9266e8464790c284034806df8ac0a43559abafb3b3333,,sha256:f99b7beef54c529e2fd62104403b9d34785b2c960ddcdbc6bbde1ebf2b26dfbb,sha256:4f53cda18c2baa0c0354bb5f9a3ecbe5ed12ab4d8e11ba873c2f11161202b945,required_tasks_not_done,2026-07-29T00:00:00Z,56251bbdd76a994b5032b912e9266253af3f4091
G4,G4-attempt-0000,1,red,"[""G2""]",sha256:bb34991abd7da09ef3db8a939dc1be9ce0c80542fd0098ef76e17bedf3d7c166,"[""PREV7-0400"",""PREV7-0401"",""PREV7-0402"",""PREV7-0403"",""PREV7-0404"",""PREV7-0405""]",sha256:44ed345b0b239d0543d6f42494e6f53f5f15678e1ff5e8dce428c3d5a39ad3fd,sha256:15f5fe79c026be8569a0b70f318184db93165713f8cafe807663425e96157413,,sha256:f99b7beef54c529e2fd62104403b9d34785b2c960ddcdbc6bbde1ebf2b26dfbb,sha256:4f53cda18c2baa0c0354bb5f9a3ecbe5ed12ab4d8e11ba873c2f11161202b945,required_tasks_not_done,2026-07-29T00:00:00Z,56251bbdd76a994b5032b912e9266253af3f4091
G5,G5-attempt-0000,1,red,"[""G1B"",""G4""]",sha256:aa11bca6e5558f0f52161afa22705aefe97260bcea9ef3df845f0ab944f2d684,"[""PREV7-0501"",""PREV7-0502"",""PREV7-0503"",""PREV7-0504"",""PREV7-0505"",""PREV7-0506"",""PREV7-0507"",""PREV7-0508"",""PREV7-0509""]",sha256:546008d060af590e86959254b00530db0ce721a89f4f279a9b7f266debee8231,sha256:1ef030cb51b0322ae977fc7a755f22ef5b19662ad0140579607c11dd3157eb66,,sha256:f99b7beef54c529e2fd62104403b9d34785b2c960ddcdbc6bbde1ebf2b26dfbb,sha256:4f53cda18c2baa0c0354bb5f9a3ecbe5ed12ab4d8e11ba873c2f11161202b945,required_tasks_not_done,2026-07-29T00:00:00Z,56251bbdd76a994b5032b912e9266253af3f4091
G6A,G6A-attempt-0000,1,red,"[""G5""]",sha256:80d16d35b27bbd9f5ac0af6ef00ebda5991d3c4bbb58b3181f8d9d9abc3ba056,"[""PREV7-0601"",""PREV7-0602"",""PREV7-0603"",""PREV7-0604"",""PREV7-0605"",""PREV7-0606"",""PREV7-0607"",""PREV7-0608"",""PREV7-0609""]",sha256:00e1ed745daee752255225c9cf2d85caff15e5c6cb959ead27ff896eb1c9926c,sha256:1d85ebb2036c37324a5c6a000c6598785c15d0fa28805c822246ac163a7d31a0,,sha256:f99b7beef54c529e2fd62104403b9d34785b2c960ddcdbc6bbde1ebf2b26dfbb,sha256:4f53cda18c2baa0c0354bb5f9a3ecbe5ed12ab4d8e11ba873c2f11161202b945,required_tasks_not_done,2026-07-29T00:00:00Z,56251bbdd76a994b5032b912e9266253af3f4091
G6B,G6B-attempt-0000,1,red,"[""G3B"",""G6A""]",sha256:d48b0aa1de0d1127877ef0ef2b6123f05149181f22ee90525b16f46f91bfc7f3,"[""PREV7-0610"",""PREV7-0611""]",sha256:6e77e00cf3318a1b20207d78afdcaf1ee75b8797a4bc75bdab22bd626e7ca181,sha256:e005a008e9e1a628965134a2c81ab14b98b5a2e35d3b22e0cfbb16ada09ff393,,sha256:f99b7beef54c529e2fd62104403b9d34785b2c960ddcdbc6bbde1ebf2b26dfbb,sha256:4f53cda18c2baa0c0354bb5f9a3ecbe5ed12ab4d8e11ba873c2f11161202b945,required_tasks_not_done,2026-07-29T00:00:00Z,56251bbdd76a994b5032b912e9266253af3f4091
G7,G7-attempt-0000,1,red,"[""G3B"",""G6B""]",sha256:5ebf74b72497487bfdfb916132e7e8c20ee9e756a1a6c3f274220fc8c0270a89,"[""PREV7-0701"",""PREV7-0702"",""PREV7-0703"",""PREV7-0704"",""PREV7-0705"",""PREV7-0706"",""PREV7-0707"",""PREV7-0708"",""PREV7-0710"",""PREV7-0711"",""PREV7-0712"",""PREV7-0713"",""PREV7-0714"",""PREV7-0715""]",sha256:8b59b53c22ddaeb790037eb1ce3ae7c04180f1b16df99a95130b0794242eb224,sha256:e5eec12ffee8a667519a325d9421b07b5f33d865c6d4349ad24a2254562f6a27,,sha256:f99b7beef54c529e2fd62104403b9d34785b2c960ddcdbc6bbde1ebf2b26dfbb,sha256:4f53cda18c2baa0c0354bb5f9a3ecbe5ed12ab4d8e11ba873c2f11161202b945,required_tasks_not_done,2026-07-29T00:00:00Z,56251bbdd76a994b5032b912e9266253af3f4091
G8,G8-attempt-0000,1,red,"[""G3B"",""G7""]",sha256:cd480b7d5511a62ce5e3bc9dc8408e2bd78a671de5fa69b6ddd05f240756e03d,"[""PREV7-0310"",""PREV7-0800"",""PREV7-0801"",""PREV7-0802"",""PREV7-0803"",""PREV7-0804"",""PREV7-0805"",""PREV7-0807"",""PREV7-0808"",""PREV7-0809"",""PREV7-0810"",""PREV7-0811"",""PREV7-0812"",""PREV7-0813"",""PREV7-0814"",""PREV7-0815"",""PREV7-0816""]",sha256:66f9b083b559b1a91175093c98eb3cfebebc8804cb9c0c90101c9270c4e9c083,sha256:cb199efc5db3b2f2d2f8ff50dcb9072092abca2c3667d9c88b436de883bc4a50,,sha256:f99b7beef54c529e2fd62104403b9d34785b2c960ddcdbc6bbde1ebf2b26dfbb,sha256:4f53cda18c2baa0c0354bb5f9a3ecbe5ed12ab4d8e11ba873c2f11161202b945,required_tasks_not_done,2026-07-29T00:00:00Z,56251bbdd76a994b5032b912e9266253af3f4091
G9,G9-attempt-0000,1,red,"[""G8"",""G8""]",sha256:170e097a021ad126f89d994afd8b8f78bde59e2ae73721e72c96e54aa4cd74c5,"[""PREV7-0806"",""PREV7-0901"",""PREV7-0902"",""PREV7-0903"",""PREV7-0904"",""PREV7-0905"",""PREV7-0906"",""PREV7-0907"",""PREV7-0913""]",sha256:001982f36df8a31d290a8e126a26e3bcf39cf8a1cd33cd3a86784aa0397d6f86,sha256:c185d1cd3afe121a8f236c74e630760ec8b78929c74e246398869b65c56a60e6,,sha256:f99b7beef54c529e2fd62104403b9d34785b2c960ddcdbc6bbde1ebf2b26dfbb,sha256:4f53cda18c2baa0c0354bb5f9a3ecbe5ed12ab4d8e11ba873c2f11161202b945,required_tasks_not_done,2026-07-29T00:00:00Z,56251bbdd76a994b5032b912e9266253af3f4091
G9X,G9X-attempt-0000,1,red,"[""G6B""]",sha256:1198b7c9dc386b05e8c4736f19bea0cac4b523df7c704d157b8b7c2318f3a2d8,"[""PREV7-0714"",""PREV7-0814"",""PREV7-0910"",""PREV7-0911"",""PREV7-0912"",""PREV7-0913"",""PREV7-0914""]",sha256:af82b30acf344337645635769d4e65ec9aef76e41df17cd7bd4dd0466a101da7,sha256:2e5eb7429d34914be0ff229d55b2425bafa3318fb21f55fc4de3dea28ee93d3d,,sha256:f99b7beef54c529e2fd62104403b9d34785b2c960ddcdbc6bbde1ebf2b26dfbb,sha256:4f53cda18c2baa0c0354bb5f9a3ecbe5ed12ab4d8e11ba873c2f11161202b945,required_tasks_not_done,2026-07-29T00:00:00Z,56251bbdd76a994b5032b912e9266253af3f4091
