task_id,repository_id,base_ref,base_sha,working_branch,planned_files,acceptance_command,expected_result,acceptance_workflow,merge_dependency,rollback_command_or_manifest
PREV7-0000,trading-optimizer-lab-org/aurora,refs/heads/main,56251bbdd76a994b5032b912e9266253af3f4091,codex/gtbi-v7-master-plan-bootstrap,"[""docs/plans/gtbi-v7-master-plan.md"",""docs/readiness/gtbi-v7"",""infra/gtbi_v7_readiness"","".github/workflows/gtbi-v7-master-plan-quality.yml""]",python scripts/validate_gtbi_v7_pr1_merge_reconciliation.py,PREV7-0000_merge_evidence_complete,gtbi-v7-master-plan-quality.yml,https://github.com/trading-optimizer-lab-org/aurora/pull/21,append-only correction receipt; never rewrite PR-1 evidence
PREV7-0001,trading-optimizer-lab-org/aurora,refs/heads/main,3b6bf272516cbf2cc7c7bafee9c4dfdd80ac7ade,gtbi-readiness-state/g0-owner-close-v1,"[""docs/readiness/gtbi-v7/g0_owner_controlled_foundation_report.json"",""docs/readiness/gtbi-v7/inventory_github_actions_attempt_receipt.json"",""docs/readiness/gtbi-v7/local_data_lake_receipt.json""]",,Regenerated emergency GitHub inventory plus non-blocking local-state receipt `inventoried|unavailable`,gtbi-v7-master-plan-quality.yml,transition-manifest:g0-owner-close-v1,append-only correction manifest
PREV7-0002,trading-optimizer-lab-org/aurora,refs/heads/main,3b6bf272516cbf2cc7c7bafee9c4dfdd80ac7ade,gtbi-readiness-state/g0-owner-close-v1,"[""docs/readiness/gtbi-v7/g0_owner_controlled_foundation_report.json"",""docs/readiness/gtbi-v7/legacy_run_cleanup_receipt.json""]",,Approved cancellation manifest plus API receipts and terminal states for legacy runs,gtbi-v7-master-plan-quality.yml,transition-manifest:g0-owner-close-v1,append-only correction manifest
PREV7-0003,trading-optimizer-lab-org/aurora,refs/heads/main,3b6bf272516cbf2cc7c7bafee9c4dfdd80ac7ade,gtbi-readiness-state/g0-owner-close-v1,"[""docs/readiness/gtbi-v7/g0_owner_controlled_foundation_report.json"",""docs/readiness/gtbi-v7/v6_durable_preservation_receipt.json"",""docs/readiness/gtbi-v7/v6_final_result_scientific_asset_manifest.json""]",,"Durable V6 final-result archive, requiring the live PREV7-0012 escrow-guard receipt and promoting the emergency escrow bytes when that branch was selected",gtbi-v7-master-plan-quality.yml,transition-manifest:g0-owner-close-v1,append-only correction manifest
PREV7-0004,trading-optimizer-lab-org/aurora,refs/heads/main,3b6bf272516cbf2cc7c7bafee9c4dfdd80ac7ade,gtbi-readiness-state/g0-owner-close-v1,"[""docs/readiness/gtbi-v7/g0_owner_controlled_foundation_report.json"",""docs/readiness/gtbi-v7/locked_evidence_preservation_report.json"",""docs/readiness/gtbi-v7/locked_evidence_primary_verification.json"",""docs/readiness/gtbi-v7/locked_evidence_mirror_verification.json""]",,Locked evidence archive,gtbi-v7-master-plan-quality.yml,transition-manifest:g0-owner-close-v1,append-only correction manifest
PREV7-0005,trading-optimizer-lab-org/aurora,refs/heads/main,3b6bf272516cbf2cc7c7bafee9c4dfdd80ac7ade,gtbi-readiness-state/g0-owner-close-v1,"[""docs/readiness/gtbi-v7/g0_owner_controlled_foundation_report.json"",""docs/readiness/gtbi-v7/v6_dependency_recovery_report.json"",""docs/readiness/gtbi-v7/v6_final_result_scientific_asset_manifest.json""]",,V6 dependency-chain recovery report and preservation of recovered bytes,gtbi-v7-master-plan-quality.yml,transition-manifest:g0-owner-close-v1,append-only correction manifest
PREV7-0006,trading-optimizer-lab-org/aurora,refs/heads/main,3b6bf272516cbf2cc7c7bafee9c4dfdd80ac7ade,gtbi-readiness-state/g0-owner-close-v1,"[""docs/readiness/gtbi-v7/g0_owner_controlled_foundation_report.json"",""docs/readiness/gtbi-v7/v6_durable_preservation_receipt.json"",""docs/readiness/gtbi-v7/owner_decisions.json""]",,Emergency private asset storage and evidence-classification policy,gtbi-v7-master-plan-quality.yml,transition-manifest:g0-owner-close-v1,append-only correction manifest
PREV7-0007,trading-optimizer-lab-org/aurora,refs/heads/main,3b6bf272516cbf2cc7c7bafee9c4dfdd80ac7ade,gtbi-readiness-state/g0-owner-close-v1,"[""docs/readiness/gtbi-v7/g0_owner_controlled_foundation_report.json"",""docs/readiness/gtbi-v7/owner_decisions.json"",""docs/readiness/gtbi-v7/locked_evidence_primary_verification.json""]",,Short-lived private asset authentication approved jointly by repository owner and source key-broker custodian,gtbi-v7-master-plan-quality.yml,transition-manifest:g0-owner-close-v1,append-only correction manifest
PREV7-0008,trading-optimizer-lab-org/aurora,refs/heads/main,3b6bf272516cbf2cc7c7bafee9c4dfdd80ac7ade,gtbi-readiness-state/g0-owner-close-v1,"[""docs/readiness/gtbi-v7/g0_owner_controlled_foundation_report.json"",""docs/readiness/gtbi-v7/v6_data_pack_primary_verification.json"",""docs/readiness/gtbi-v7/v6_data_pack_mirror_verification.json"",""docs/readiness/gtbi-v7/locked_evidence_primary_verification.json"",""docs/readiness/gtbi-v7/locked_evidence_mirror_verification.json""]",,"Registered fail-closed V6 final, locked-evidence and recovered-byte preservation/restore workflows",gtbi-v7-master-plan-quality.yml,transition-manifest:g0-owner-close-v1,append-only correction manifest
PREV7-0009,trading-optimizer-lab-org/aurora,refs/heads/main,3b6bf272516cbf2cc7c7bafee9c4dfdd80ac7ade,gtbi-readiness-state/g0-owner-close-v1,"[""docs/readiness/gtbi-v7/g0_owner_controlled_foundation_report.json"",""docs/readiness/gtbi-v7/github_packages_inventory_receipt.json"",""docs/readiness/gtbi-v7/owner_decisions.json""]",,"GitHub-native owner-controlled access foundation, provider/account/region/cost cap and tested bootstrap/import/rotation/recovery/teardown paths",gtbi-v7-master-plan-quality.yml,transition-manifest:g0-owner-close-v1,append-only correction manifest
PREV7-0010,trading-optimizer-lab-org/aurora,refs/heads/main,3b6bf272516cbf2cc7c7bafee9c4dfdd80ac7ade,gtbi-readiness-state/g0-owner-close-v1,"[""docs/readiness/gtbi-v7/g0_owner_controlled_foundation_report.json"",""docs/readiness/gtbi-v7/state_controller_manifest.json"",""docs/readiness/gtbi-v7/state_controller_recovery_receipt.json"",""docs/readiness/gtbi-v7/state_controller_smoke_receipt.json""]",,"Monofunction readiness-state-controller App, protected CAS/WORM event publisher, recovery/rollback proof and bootstrap-event reconciliation",gtbi-v7-master-plan-quality.yml,transition-manifest:g0-owner-close-v1,append-only correction manifest
PREV7-0011,trading-optimizer-lab-org/aurora,refs/heads/main,3b6bf272516cbf2cc7c7bafee9c4dfdd80ac7ade,gtbi-readiness-state/g0-owner-close-v1,"[""docs/readiness/gtbi-v7/g0_owner_controlled_foundation_report.json"",""docs/readiness/gtbi-v7/owner_simplification_directive.json"",""docs/readiness/gtbi-v7/state_controller_recovery_receipt.json""]",,"Conditional bootstrap no-go closer for partial G0 resources, evidence and costs; cancelled on normal progress only in the atomic `G0_READY_EXCEPT_0011 -> G0_GREEN` transaction",gtbi-v7-master-plan-quality.yml,transition-manifest:g0-owner-close-v1,append-only correction manifest
PREV7-0012,trading-optimizer-lab-org/aurora,refs/heads/main,3b6bf272516cbf2cc7c7bafee9c4dfdd80ac7ade,gtbi-readiness-state/g0-owner-close-v1,"[""docs/readiness/gtbi-v7/g0_owner_controlled_foundation_report.json"",""docs/readiness/gtbi-v7/v6_preservation_lease_public_receipt.json"",""docs/readiness/gtbi-v7/locked_evidence_preservation_report.json"",""docs/readiness/gtbi-v7/locked_evidence_primary_verification.json"",""docs/readiness/gtbi-v7/locked_evidence_mirror_verification.json""]",,Verified GitHub V6 preservation lease and expiry monitor; no external escrow or separate custodian is required,gtbi-v7-master-plan-quality.yml,transition-manifest:g0-owner-close-v1,append-only correction manifest
PREV7-0101,trading-optimizer-lab-org/aurora,refs/heads/main,74c3c2137783d5a9ce83884ba57f0c86a8dca498,gtbi-readiness-state/g1a-identity-close-v1,"[""docs/readiness/gtbi-v7/v7_identity_scope_receipt.json"",""docs/readiness/gtbi-v7/owner_decisions.json"",""docs/readiness/gtbi-v7/g0_state_transition_reconciliation_receipt.json""]",,Unified V7 target recorded only after bootstrap genesis exists,gtbi-v7-master-plan-quality.yml,transition-manifest:g1a-identity-close-v1,append-only correction manifest
PREV7-0102,trading-optimizer-lab-org/aurora,refs/heads/main,74c3c2137783d5a9ce83884ba57f0c86a8dca498,gtbi-readiness-state/g1a-identity-close-v1,"[""docs/readiness/gtbi-v7/v7_identity_scope_receipt.json"",""docs/readiness/gtbi-v7/owner_decisions.json"",""docs/readiness/gtbi-v7/g0_state_transition_reconciliation_receipt.json""]",,V7 identity and exclusions ADR,gtbi-v7-master-plan-quality.yml,transition-manifest:g1a-identity-close-v1,append-only correction manifest
PREV7-0103,trading-optimizer-lab-org/aurora,refs/heads/main,74c3c2137783d5a9ce83884ba57f0c86a8dca498,gtbi-readiness-state/g1a-identity-close-v1,"[""docs/readiness/gtbi-v7/v7_identity_scope_receipt.json"",""docs/readiness/gtbi-v7/owner_decisions.json"",""docs/readiness/gtbi-v7/g0_state_transition_reconciliation_receipt.json""]",,Scope and non-goals approval,gtbi-v7-master-plan-quality.yml,transition-manifest:g1a-identity-close-v1,append-only correction manifest
PREV7-0201,trading-optimizer-lab-org/aurora,refs/heads/main,aab58451fc590dc710a874847219450666268a56,gtbi-readiness-state/g1b-role-registry-close-v1,"[""docs/readiness/gtbi-v7/g1b_role_registry_receipt.json"",""docs/readiness/gtbi-v7/owner_simplification_directive.json"",""docs/readiness/gtbi-v7/g1a_state_transition_reconciliation_receipt.json""]",,"Owner-controlled responsibility registry mapping legacy capability labels to the owner or automation; no vacancies, incompatibility separation or additional people required",gtbi-v7-master-plan-quality.yml,transition-manifest:g1b-role-registry-close-v1,append-only correction manifest
PREV7-0202,trading-optimizer-lab-org/aurora,refs/heads/main,469a74f28bb6ade4a8331b7b43a20f871ba6074e,gtbi-readiness-state/g3a-minimum-governance-close-v1,"[""docs/readiness/gtbi-v7/g3a_github_live_receipt.json"",""docs/readiness/gtbi-v7/owner_simplification_directive.json""]",,Stage-one main protection; stage two pending reviewer,gtbi-v7-master-plan-quality.yml,transition-manifest:g3a-minimum-governance-close-v1,append-only correction manifest
PREV7-0203,trading-optimizer-lab-org/aurora,refs/heads/main,152258faa9b0e194238c437cd5270a387eb4c9cd,gtbi-readiness-state/g3b-codeowners-owner-v1,"[""docs/readiness/gtbi-v7/g3b_codeowners_owner_receipt.json"",""docs/readiness/gtbi-v7/owner_simplification_directive.json"",""docs/readiness/gtbi-v7/owner_decisions.json""]",,CODEOWNERS with the repository owner,gtbi-v7-master-plan-quality.yml,transition-manifest:g3b-codeowners-owner-v1,append-only correction manifest
PREV7-0204,trading-optimizer-lab-org/aurora,refs/heads/main,dfb68f34b5f9746325cf43317b134bb1ab6326aa,gtbi-readiness-state/g3a-owner-auth-close-v1,"[""docs/readiness/gtbi-v7/g3a_owner_auth_completion_receipt.json"",""docs/readiness/gtbi-v7/owner_simplification_directive.json"",""docs/readiness/gtbi-v7/owner_decisions.json"",""docs/readiness/gtbi-v7/g0_owner_controlled_foundation_report.json"",""docs/readiness/gtbi-v7/g3a_github_live_receipt.json"",""docs/readiness/gtbi-v7/frozen_data_lake_github_release_receipt.json"",""docs/readiness/gtbi-v7/github_packages_inventory_receipt.json""]",,"Production source-App definitions, keys, negative-permission evidence and exact installation-request manifests, plus only the keyless proposed definition/repository-class request for destination-owned `gtbi-dependency-extract`; no destination key creation, repository creation or installation authorization",gtbi-v7-master-plan-quality.yml,transition-manifest:g3a-owner-auth-close-v1,append-only correction manifest
PREV7-0205,trading-optimizer-lab-org/aurora,refs/heads/main,469a74f28bb6ade4a8331b7b43a20f871ba6074e,gtbi-readiness-state/g3a-minimum-governance-close-v1,"[""docs/readiness/gtbi-v7/g3a_github_live_receipt.json"",""docs/readiness/gtbi-v7/owner_simplification_directive.json""]",,Pinned Actions and minimum permissions,gtbi-v7-master-plan-quality.yml,transition-manifest:g3a-minimum-governance-close-v1,append-only correction manifest
PREV7-0206,trading-optimizer-lab-org/aurora,refs/heads/main,469a74f28bb6ade4a8331b7b43a20f871ba6074e,gtbi-readiness-state/g3a-minimum-governance-close-v1,"[""docs/readiness/gtbi-v7/g3a_github_live_receipt.json"",""docs/readiness/gtbi-v7/owner_simplification_directive.json""]",,"Dependabot, CodeQL, secret scanning and push-protection baseline",gtbi-v7-master-plan-quality.yml,transition-manifest:g3a-minimum-governance-close-v1,append-only correction manifest
PREV7-0207,trading-optimizer-lab-org/aurora,refs/heads/main,d5c76e2a297a01921dc6ad33b7665dd624b595dd,gtbi-readiness-state/g3b-stage-two-owner-v1,"[""docs/readiness/gtbi-v7/g3b_stage_two_owner_live_receipt.json"",""docs/readiness/gtbi-v7/owner_simplification_directive.json"",""docs/readiness/gtbi-v7/owner_decisions.json""]",,Stage-two protection and owner-approved automated environment checks,gtbi-v7-master-plan-quality.yml,transition-manifest:g3b-stage-two-owner-v1,append-only correction manifest
PREV7-0208,trading-optimizer-lab-org/aurora,refs/heads/main,78202c3461fdcb343313f39923fd6aabd8e4c3dd,gtbi-readiness-state/g3b-preservation-owner-v1,"[""docs/readiness/gtbi-v7/g3b_preservation_owner_live_receipt.json"",""docs/readiness/gtbi-v7/v6_preservation_lease_public_receipt.json"",""docs/readiness/gtbi-v7/owner_simplification_directive.json"",""docs/readiness/gtbi-v7/owner_decisions.json""]",,Verified GitHub preservation lease and restore procedure,gtbi-v7-master-plan-quality.yml,transition-manifest:g3b-preservation-owner-v1,append-only correction manifest
PREV7-0209,trading-optimizer-lab-org/aurora,refs/heads/main,56251bbdd76a994b5032b912e9266253af3f4091,codex/gtbi-v7-master-plan-bootstrap,[],,"Automated final-architecture threat checks, local-run guard digest/negative tests and zero unresolved critical/high risks accepted by the owner",gtbi-v7-master-plan-quality.yml,,
PREV7-0210,trading-optimizer-lab-org/aurora,refs/heads/main,dfb68f34b5f9746325cf43317b134bb1ab6326aa,gtbi-readiness-state/g3a-owner-auth-close-v1,"[""docs/readiness/gtbi-v7/g3a_owner_auth_completion_receipt.json"",""docs/readiness/gtbi-v7/owner_simplification_directive.json"",""docs/readiness/gtbi-v7/owner_decisions.json"",""docs/readiness/gtbi-v7/g0_owner_controlled_foundation_report.json"",""docs/readiness/gtbi-v7/g3a_github_live_receipt.json"",""docs/readiness/gtbi-v7/frozen_data_lake_github_release_receipt.json"",""docs/readiness/gtbi-v7/github_packages_inventory_receipt.json""]",,"Exact source App installations and complete GitHub environment set authorized by the owner; destination-owned `gtbi-dependency-extract` remains an uninstalled keyless request until PREV7-0308, disposable repositories remain owner-created through the isolated-org ceremony and locked access stays disabled",gtbi-v7-master-plan-quality.yml,transition-manifest:g3a-owner-auth-close-v1,append-only correction manifest
PREV7-0301,trading-optimizer-lab-org/aurora,refs/heads/main,f972d19e90113201ef2a773d8348923255d13e68,gtbi-readiness-state/g2-retention-policy-v1,"[""docs/readiness/gtbi-v7/g2_retention_policy_receipt.json"",""docs/readiness/gtbi-v7/migration_duration_evidence.json"",""docs/readiness/gtbi-v7/owner_decisions.json"",""docs/readiness/gtbi-v7/billing_baseline_public_receipt.json""]",,"Production asset, funded-retention and exact RPO/RTO policy finalized with recurring review owner and expiry",gtbi-v7-master-plan-quality.yml,transition-manifest:g2-retention-policy-v1,append-only correction manifest
PREV7-0302,trading-optimizer-lab-org/aurora,refs/heads/main,42c1ea844692de30c5ab52519ebce6c6638df988,gtbi-readiness-state/g2-provider-terms-acceptance-v1,"[""docs/readiness/gtbi-v7/g2_provider_terms_acceptance_receipt.json"",""docs/readiness/gtbi-v7/provider_terms_inventory.json"",""docs/readiness/gtbi-v7/provider_terms_review.md"",""docs/readiness/gtbi-v7/owner_decisions.json"",""docs/readiness/gtbi-v7/owner_simplification_directive.json"",""docs/readiness/gtbi-v7/local_data_lake_receipt.json"",""docs/readiness/gtbi-v7/frozen_data_lake_github_release_receipt.json""]",,Versioned provider/data terms inventory plus repository-owner acceptance,gtbi-v7-master-plan-quality.yml,transition-manifest:g2-provider-terms-acceptance-v1,append-only correction manifest
PREV7-0303,trading-optimizer-lab-org/aurora,refs/heads/main,426533b7248602e054179049bcb53bd4f59e2464,gtbi-readiness-state/g2-scientific-asset-contract-v1,"[""docs/readiness/gtbi-v7/g2_scientific_asset_contract_receipt.json"",""docs/readiness/gtbi-v7/owner_simplification_directive.json""]",,"Versioned transport-classified `scientific_asset_manifest_v1` schema, registered hash domain, lifecycle/nullability validator and immutable-wrapper fixtures",gtbi-v7-master-plan-quality.yml,transition-manifest:g2-scientific-asset-contract-v1,append-only correction manifest
PREV7-0304,trading-optimizer-lab-org/aurora,refs/heads/main,56251bbdd76a994b5032b912e9266253af3f4091,codex/gtbi-v7-master-plan-bootstrap,[],,Emergency V6 archive promoted to production policy,gtbi-v7-master-plan-quality.yml,,
PREV7-0305,trading-optimizer-lab-org/aurora,refs/heads/main,56251bbdd76a994b5032b912e9266253af3f4091,codex/gtbi-v7-master-plan-bootstrap,[],,Clean-runner restoration proof,gtbi-v7-master-plan-quality.yml,,
PREV7-0306,trading-optimizer-lab-org/aurora,refs/heads/main,9beb98c960f9356fe706c1f987cd3d336dbd5781,gtbi-readiness-state/g2-reproducibility-classification-v1,"[""docs/readiness/gtbi-v7/g2_reproducibility_classification_receipt.json"",""docs/readiness/gtbi-v7/v6_dependency_recovery_report.json"",""docs/readiness/gtbi-v7/owner_simplification_directive.json""]",,Reproducibility classification,gtbi-v7-master-plan-quality.yml,transition-manifest:g2-reproducibility-classification-v1,append-only correction manifest
PREV7-0307,trading-optimizer-lab-org/aurora,refs/heads/main,56251bbdd76a994b5032b912e9266253af3f4091,codex/gtbi-v7-master-plan-bootstrap,[],,"Authenticated V6 input identity, or hashed no-V7-baseline decision plus separately scoped future-reference proposal that leaves G5/full blocked",gtbi-v7-master-plan-quality.yml,,
PREV7-0308,trading-optimizer-lab-org/aurora,refs/heads/main,56251bbdd76a994b5032b912e9266253af3f4091,codex/gtbi-v7-master-plan-bootstrap,[],,"Independently administered destination foundation, account-root/payer/key-custodian receipts, storage and lease registry; destination-owned `gtbi-dependency-extract` App, GitHub-generated private key securely imported into its destination broker, source-owner selected-repository installations and restore-ready control plane",gtbi-v7-master-plan-quality.yml,,
PREV7-0309,trading-optimizer-lab-org/aurora,refs/heads/main,56251bbdd76a994b5032b912e9266253af3f4091,codex/gtbi-v7-master-plan-bootstrap,[],,"Versioned GitHub Actions acceptable-use and pricing envelope, selected `CAPACITY_TOPOLOGY`, current capacity/source receipt and control reserves",gtbi-v7-master-plan-quality.yml,,
PREV7-0310,trading-optimizer-lab-org/aurora,refs/heads/main,56251bbdd76a994b5032b912e9266253af3f4091,codex/gtbi-v7-master-plan-bootstrap,[],,Final pre-authorization dependency and exact execution-commit copy plus total-primary-loss restore proof,gtbi-v7-master-plan-quality.yml,,
PREV7-0400,trading-optimizer-lab-org/aurora,refs/heads/main,56251bbdd76a994b5032b912e9266253af3f4091,codex/gtbi-v7-master-plan-bootstrap,[],,"Complete resumable GitHub artifact, release and package inventory",gtbi-v7-master-plan-quality.yml,,
PREV7-0401,trading-optimizer-lab-org/aurora,refs/heads/main,56251bbdd76a994b5032b912e9266253af3f4091,codex/gtbi-v7-master-plan-bootstrap,[],,Workflow and branch registry,gtbi-v7-master-plan-quality.yml,,
PREV7-0402,trading-optimizer-lab-org/aurora,refs/heads/main,56251bbdd76a994b5032b912e9266253af3f4091,codex/gtbi-v7-master-plan-bootstrap,[],,Worktree and dirty-change registry,gtbi-v7-master-plan-quality.yml,,
PREV7-0403,trading-optimizer-lab-org/aurora,refs/heads/main,56251bbdd76a994b5032b912e9266253af3f4091,codex/gtbi-v7-master-plan-bootstrap,[],,Preservation decision for every dirty worktree,gtbi-v7-master-plan-quality.yml,,
PREV7-0404,trading-optimizer-lab-org/aurora,refs/heads/main,56251bbdd76a994b5032b912e9266253af3f4091,codex/gtbi-v7-master-plan-bootstrap,[],,Fresh primary editing clone,gtbi-v7-master-plan-quality.yml,,
PREV7-0405,trading-optimizer-lab-org/aurora,refs/heads/main,56251bbdd76a994b5032b912e9266253af3f4091,codex/gtbi-v7-master-plan-bootstrap,[],,One active worktree per active branch,gtbi-v7-master-plan-quality.yml,,
PREV7-0406,trading-optimizer-lab-org/aurora,refs/heads/main,56251bbdd76a994b5032b912e9266253af3f4091,codex/gtbi-v7-master-plan-bootstrap,[],,Post-campaign quarantine plan and durable restore proof for redundant copies,gtbi-v7-master-plan-quality.yml,,
PREV7-0407,trading-optimizer-lab-org/aurora,refs/heads/main,56251bbdd76a994b5032b912e9266253af3f4091,codex/gtbi-v7-master-plan-bootstrap,[],,Approved deletion after grace period,gtbi-v7-master-plan-quality.yml,,
PREV7-0501,trading-optimizer-lab-org/aurora,refs/heads/main,56251bbdd76a994b5032b912e9266253af3f4091,codex/gtbi-v7-master-plan-bootstrap,[],,New branch from freshly fetched `origin/main` containing or postdating the exact PR-20 disposition,gtbi-v7-master-plan-quality.yml,,
PREV7-0502,trading-optimizer-lab-org/aurora,refs/heads/main,56251bbdd76a994b5032b912e9266253af3f4091,codex/gtbi-v7-master-plan-bootstrap,[],,"PR 20 resolved or replaced on `main`, with exact disposition receipt",gtbi-v7-master-plan-quality.yml,,
PREV7-0503,trading-optimizer-lab-org/aurora,refs/heads/main,56251bbdd76a994b5032b912e9266253af3f4091,codex/gtbi-v7-master-plan-bootstrap,[],,Independently approved frozen scientific contract,gtbi-v7-master-plan-quality.yml,,
PREV7-0504,trading-optimizer-lab-org/aurora,refs/heads/main,56251bbdd76a994b5032b912e9266253af3f4091,codex/gtbi-v7-master-plan-bootstrap,[],,"Immutable forward proposal, two required approval receipts and non-circular activation record when available, otherwise hashed and attested no-forward decision",gtbi-v7-master-plan-quality.yml,,
PREV7-0505,trading-optimizer-lab-org/aurora,refs/heads/main,56251bbdd76a994b5032b912e9266253af3f4091,codex/gtbi-v7-master-plan-bootstrap,[],,Synthetic semantic oracle plus authenticated scientific-reviewer acceptance receipt,gtbi-v7-master-plan-quality.yml,,
PREV7-0506,trading-optimizer-lab-org/aurora,refs/heads/main,56251bbdd76a994b5032b912e9266253af3f4091,codex/gtbi-v7-master-plan-bootstrap,[],,Historical golden baseline,gtbi-v7-master-plan-quality.yml,,
PREV7-0507,trading-optimizer-lab-org/aurora,refs/heads/main,56251bbdd76a994b5032b912e9266253af3f4091,codex/gtbi-v7-master-plan-bootstrap,[],,Versioned result schemas,gtbi-v7-master-plan-quality.yml,,
PREV7-0508,trading-optimizer-lab-org/aurora,refs/heads/main,56251bbdd76a994b5032b912e9266253af3f4091,codex/gtbi-v7-master-plan-bootstrap,[],,Output-consumer registry and migration tests against the frozen inventory digest and cutoff,gtbi-v7-master-plan-quality.yml,,
PREV7-0509,trading-optimizer-lab-org/aurora,refs/heads/main,56251bbdd76a994b5032b912e9266253af3f4091,codex/gtbi-v7-master-plan-bootstrap,[],,"Permanent output-consumer remediation controller and immutable child-generation registry, accepted by the scientific reviewer; normally done with zero open children",gtbi-v7-master-plan-quality.yml,,
PREV7-0601,trading-optimizer-lab-org/aurora,refs/heads/main,56251bbdd76a994b5032b912e9266253af3f4091,codex/gtbi-v7-master-plan-bootstrap,[],,FeatureStore ADR accepted and GTBI modules extracted behind its single authoritative interface,gtbi-v7-master-plan-quality.yml,,
PREV7-0602,trading-optimizer-lab-org/aurora,refs/heads/main,56251bbdd76a994b5032b912e9266253af3f4091,codex/gtbi-v7-master-plan-bootstrap,[],,Thin CLI wrappers,gtbi-v7-master-plan-quality.yml,,
PREV7-0603,trading-optimizer-lab-org/aurora,refs/heads/main,56251bbdd76a994b5032b912e9266253af3f4091,codex/gtbi-v7-master-plan-bootstrap,[],,Canonical root-level workflows,gtbi-v7-master-plan-quality.yml,,
PREV7-0604,trading-optimizer-lab-org/aurora,refs/heads/main,56251bbdd76a994b5032b912e9266253af3f4091,codex/gtbi-v7-master-plan-bootstrap,[],,Central GitHub-only execution guard,gtbi-v7-master-plan-quality.yml,,
PREV7-0605,trading-optimizer-lab-org/aurora,refs/heads/main,56251bbdd76a994b5032b912e9266253af3f4091,codex/gtbi-v7-master-plan-bootstrap,[],,"Deterministic one/two/four-worker execution, registered scientific-numerical semantics, approved execution-profile registry and byte-equivalence policy/report selected from the frozen representative baseline",gtbi-v7-master-plan-quality.yml,,
PREV7-0606,trading-optimizer-lab-org/aurora,refs/heads/main,56251bbdd76a994b5032b912e9266253af3f4091,codex/gtbi-v7-master-plan-bootstrap,[],,Equivalent event-first optimizations selected from the frozen representative baseline profile,gtbi-v7-master-plan-quality.yml,,
PREV7-0607,trading-optimizer-lab-org/aurora,refs/heads/main,56251bbdd76a994b5032b912e9266253af3f4091,codex/gtbi-v7-master-plan-bootstrap,[],,"Benchmarked candidate-major/symbol-major/hybrid physical tiling, exact pair-set coverage, cost scheduling, execution plan/profile assignment and durable checkpoints",gtbi-v7-master-plan-quality.yml,,
PREV7-0608,trading-optimizer-lab-org/aurora,refs/heads/main,56251bbdd76a994b5032b912e9266253af3f4091,codex/gtbi-v7-master-plan-bootstrap,[],,"Hierarchical deterministic fragment reduction/merge with exact global/tile/bundle pair-set closure, complete execution/hardware profile maps and canonical timing attribution, plus protected `gtbi-v7-package-close.yml`, its registration check and task-delivery-manifest mapping",gtbi-v7-master-plan-quality.yml,,
PREV7-0609,trading-optimizer-lab-org/aurora,refs/heads/main,56251bbdd76a994b5032b912e9266253af3f4091,codex/gtbi-v7-master-plan-bootstrap,[],,"Baseline runtime/scientific instrumentation, source/workflow identity manifests, approved hardware-profile registry, runtime-threadpool observation and canonical-attribution schemas, representative cost/profile evidence and frozen optimization evidence; post-optimization telemetry equivalence is accepted later by PREV7-0703",gtbi-v7-master-plan-quality.yml,,
PREV7-0610,trading-optimizer-lab-org/aurora,refs/heads/main,56251bbdd76a994b5032b912e9266253af3f4091,codex/gtbi-v7-master-plan-bootstrap,[],,"Reproducible source deadman, broker, authoritative attempt/lease registries, monitoring, exact root/payer/key-custodian/witness receipts, restore and teardown proof",gtbi-v7-master-plan-quality.yml,,
PREV7-0611,trading-optimizer-lab-org/aurora,refs/heads/main,56251bbdd76a994b5032b912e9266253af3f4091,codex/gtbi-v7-master-plan-bootstrap,[],,"Independently administered destination deadman, broker, lease registry, monitoring, exact root/payer/key-custodian/witness receipts, restore and teardown proof",gtbi-v7-master-plan-quality.yml,,
PREV7-0701,trading-optimizer-lab-org/aurora,refs/heads/main,56251bbdd76a994b5032b912e9266253af3f4091,codex/gtbi-v7-master-plan-bootstrap,[],,Required credential-free synthetic CI suite,gtbi-v7-master-plan-quality.yml,,
PREV7-0702,trading-optimizer-lab-org/aurora,refs/heads/main,56251bbdd76a994b5032b912e9266253af3f4091,codex/gtbi-v7-master-plan-bootstrap,[],,Equivalence proof on the authorized G7 validation repository,gtbi-v7-master-plan-quality.yml,,
PREV7-0703,trading-optimizer-lab-org/aurora,refs/heads/main,56251bbdd76a994b5032b912e9266253af3f4091,codex/gtbi-v7-master-plan-bootstrap,[],,"One, two and four worker benchmark",gtbi-v7-master-plan-quality.yml,,
PREV7-0704,trading-optimizer-lab-org/aurora,refs/heads/main,56251bbdd76a994b5032b912e9266253af3f4091,codex/gtbi-v7-master-plan-bootstrap,[],,Ordered recovery-then-merge-only proof with distinct immutable phase receipts,gtbi-v7-master-plan-quality.yml,,
PREV7-0705,trading-optimizer-lab-org/aurora,refs/heads/main,56251bbdd76a994b5032b912e9266253af3f4091,codex/gtbi-v7-master-plan-bootstrap,[],,Fault-injection proof plus exact G7 ephemeral-key handoff runtime receipt,gtbi-v7-master-plan-quality.yml,,
PREV7-0706,trading-optimizer-lab-org/aurora,refs/heads/main,56251bbdd76a994b5032b912e9266253af3f4091,codex/gtbi-v7-master-plan-bootstrap,[],,Canonical smoke,gtbi-v7-master-plan-quality.yml,,
PREV7-0707,trading-optimizer-lab-org/aurora,refs/heads/main,56251bbdd76a994b5032b912e9266253af3f4091,codex/gtbi-v7-master-plan-bootstrap,[],,360-job capacity smoke,gtbi-v7-master-plan-quality.yml,,
PREV7-0708,trading-optimizer-lab-org/aurora,refs/heads/main,56251bbdd76a994b5032b912e9266253af3f4091,codex/gtbi-v7-master-plan-bootstrap,[],,"Full-scale encrypted transport, segmented replication, reverse-recovery and hierarchical-merge smoke",gtbi-v7-master-plan-quality.yml,,
PREV7-0710,trading-optimizer-lab-org/aurora,refs/heads/main,56251bbdd76a994b5032b912e9266253af3f4091,codex/gtbi-v7-master-plan-bootstrap,[],,Source-account and source external-control billing authorization and reservation for every real G7 smoke,gtbi-v7-master-plan-quality.yml,,
PREV7-0711,trading-optimizer-lab-org/aurora,refs/heads/main,56251bbdd76a994b5032b912e9266253af3f4091,codex/gtbi-v7-master-plan-bootstrap,[],,"Disposable G7 validation repository created interactively by the owner in the isolated campaign organization from the approved template, then independently attested by immutable repository ID; first real G7 resource after full governance",gtbi-v7-master-plan-quality.yml,,
PREV7-0712,trading-optimizer-lab-org/aurora,refs/heads/main,56251bbdd76a994b5032b912e9266253af3f4091,codex/gtbi-v7-master-plan-bootstrap,[],,Destination-account and destination external-control billing authorization and reservation for every real G7 smoke,gtbi-v7-master-plan-quality.yml,,
PREV7-0713,trading-optimizer-lab-org/aurora,refs/heads/main,56251bbdd76a994b5032b912e9266253af3f4091,codex/gtbi-v7-master-plan-bootstrap,[],,"Consolidated G7 budget, FX and exact repository/workload receipt set with no missing or duplicate billing domain",gtbi-v7-master-plan-quality.yml,,
PREV7-0714,trading-optimizer-lab-org/aurora,refs/heads/main,56251bbdd76a994b5032b912e9266253af3f4091,codex/gtbi-v7-master-plan-bootstrap,[],,"Terminal current-generation G7 validation cleanup after the G7 attempt is terminal, its dispatch registry is closed and every admitted operation is terminal, or after matching source/destination-owner formal-abandonment receipts; all leases/credentials/tenants revoked and repository deny-all",gtbi-v7-master-plan-quality.yml,,
PREV7-0715,trading-optimizer-lab-org/aurora,refs/heads/main,56251bbdd76a994b5032b912e9266253af3f4091,codex/gtbi-v7-master-plan-bootstrap,[],,"Append-only `G7_ATTEMPT-n` controller with per-attempt authorization, budget, keys, leases, evidence and terminal cleanup generation",gtbi-v7-master-plan-quality.yml,,
PREV7-0800,trading-optimizer-lab-org/aurora,refs/heads/main,56251bbdd76a994b5032b912e9266253af3f4091,codex/gtbi-v7-master-plan-bootstrap,[],,"V7 implementation merged by protected PR, then revalidated on the merged SHA through a fresh immutable G7 attempt with terminal cleanup receipt",gtbi-v7-master-plan-quality.yml,,
PREV7-0801,trading-optimizer-lab-org/aurora,refs/heads/main,56251bbdd76a994b5032b912e9266253af3f4091,codex/gtbi-v7-master-plan-bootstrap,[],,"Go/no-go evidence bundle bound to the current role-registry digest plus independent redaction-review receipt, including execution identity, monetary authorizations, owner installation and independent-restore receipts",gtbi-v7-master-plan-quality.yml,,
PREV7-0802,trading-optimizer-lab-org/aurora,refs/heads/main,56251bbdd76a994b5032b912e9266253af3f4091,codex/gtbi-v7-master-plan-bootstrap,[],,Scientific sign-off on exact runbook-core digest,gtbi-v7-master-plan-quality.yml,,
PREV7-0803,trading-optimizer-lab-org/aurora,refs/heads/main,56251bbdd76a994b5032b912e9266253af3f4091,codex/gtbi-v7-master-plan-bootstrap,[],,Operational sign-off on exact runbook-core digest,gtbi-v7-master-plan-quality.yml,,
PREV7-0804,trading-optimizer-lab-org/aurora,refs/heads/main,56251bbdd76a994b5032b912e9266253af3f4091,codex/gtbi-v7-master-plan-bootstrap,[],,Explicit authorization receipt and immutable authorization envelope for the exact runbook core and security approval,gtbi-v7-master-plan-quality.yml,,
PREV7-0805,trading-optimizer-lab-org/aurora,refs/heads/main,56251bbdd76a994b5032b912e9266253af3f4091,codex/gtbi-v7-master-plan-bootstrap,[],,"Immutable proposed full-run runbook core, exact source/destination key-broker custodian operation receipts and digest",gtbi-v7-master-plan-quality.yml,,
PREV7-0806,trading-optimizer-lab-org/aurora,refs/heads/main,56251bbdd76a994b5032b912e9266253af3f4091,codex/gtbi-v7-master-plan-bootstrap,[],,Approved full campaign executed only after revalidating the current G8 attempt/condition/evidence and consuming the immutable dispatch capsule,gtbi-v7-master-plan-quality.yml,,
PREV7-0807,trading-optimizer-lab-org/aurora,refs/heads/main,56251bbdd76a994b5032b912e9266253af3f4091,codex/gtbi-v7-master-plan-bootstrap,[],,"Final authorization/evidence sync to independent destination, restore proof and immutable dispatch capsule bound to the exact current G8 preauthorization attempt",gtbi-v7-master-plan-quality.yml,,
PREV7-0808,trading-optimizer-lab-org/aurora,refs/heads/main,56251bbdd76a994b5032b912e9266253af3f4091,codex/gtbi-v7-master-plan-bootstrap,[],,"Owner-completed disposable campaign repository, source-App installation and destination-installation ceremony receipts",gtbi-v7-master-plan-quality.yml,,
PREV7-0809,trading-optimizer-lab-org/aurora,refs/heads/main,56251bbdd76a994b5032b912e9266253af3f4091,codex/gtbi-v7-master-plan-bootstrap,[],,Exact-workload acceptable-use approval receipt bound to the runbook-core digest,gtbi-v7-master-plan-quality.yml,,
PREV7-0810,trading-optimizer-lab-org/aurora,refs/heads/main,56251bbdd76a994b5032b912e9266253af3f4091,codex/gtbi-v7-master-plan-bootstrap,[],,"Exact reviewed execution bundle committed once in the campaign repository, with immutable commit/tree/mapping identity",gtbi-v7-master-plan-quality.yml,,
PREV7-0811,trading-optimizer-lab-org/aurora,refs/heads/main,56251bbdd76a994b5032b912e9266253af3f4091,codex/gtbi-v7-master-plan-bootstrap,[],,Exact full source-account and source external-control monetary authorization and reservation,gtbi-v7-master-plan-quality.yml,,
PREV7-0812,trading-optimizer-lab-org/aurora,refs/heads/main,56251bbdd76a994b5032b912e9266253af3f4091,codex/gtbi-v7-master-plan-bootstrap,[],,Exact full destination-account and destination external-control monetary authorization and reservation,gtbi-v7-master-plan-quality.yml,,
PREV7-0813,trading-optimizer-lab-org/aurora,refs/heads/main,56251bbdd76a994b5032b912e9266253af3f4091,codex/gtbi-v7-master-plan-bootstrap,[],,"Consolidated exact full budget, FX and reservation receipt set with no missing or duplicate billing domain",gtbi-v7-master-plan-quality.yml,,
PREV7-0814,trading-optimizer-lab-org/aurora,refs/heads/main,56251bbdd76a994b5032b912e9266253af3f4091,codex/gtbi-v7-master-plan-bootstrap,[],,"Immutable full-disposition controller initialized as `pending`, with immutable decision deadline/escalation, nonterminal intent/deadline states `abandonment_pending_remote` and `security_abandoned_pending_remote`, dispatch boundary and completed/abandoned branches",gtbi-v7-master-plan-quality.yml,,
PREV7-0815,trading-optimizer-lab-org/aurora,refs/heads/main,56251bbdd76a994b5032b912e9266253af3f4091,codex/gtbi-v7-master-plan-bootstrap,[],,Multi-party capped pre-ID authorization for campaign repository/App/key provisioning only,gtbi-v7-master-plan-quality.yml,,
PREV7-0816,trading-optimizer-lab-org/aurora,refs/heads/main,56251bbdd76a994b5032b912e9266253af3f4091,codex/gtbi-v7-master-plan-bootstrap,[],,"Final security approval for the exact runbook-core digest, deployed IAM/Apps/keys/deadmen, destructive-path tests and accepted residual risks",gtbi-v7-master-plan-quality.yml,,
PREV7-0901,trading-optimizer-lab-org/aurora,refs/heads/main,56251bbdd76a994b5032b912e9266253af3f4091,codex/gtbi-v7-master-plan-bootstrap,[],,Final result verification,gtbi-v7-master-plan-quality.yml,,
PREV7-0902,trading-optimizer-lab-org/aurora,refs/heads/main,56251bbdd76a994b5032b912e9266253af3f4091,codex/gtbi-v7-master-plan-bootstrap,[],,"Durable final result, recovery evidence and audit publication to primary and mirror",gtbi-v7-master-plan-quality.yml,,
PREV7-0903,trading-optimizer-lab-org/aurora,refs/heads/main,56251bbdd76a994b5032b912e9266253af3f4091,codex/gtbi-v7-master-plan-bootstrap,[],,"Legacy rollback observation and retirement, concurrent with the recovery-retention window",gtbi-v7-master-plan-quality.yml,,
PREV7-0904,trading-optimizer-lab-org/aurora,refs/heads/main,56251bbdd76a994b5032b912e9266253af3f4091,codex/gtbi-v7-master-plan-bootstrap,[],,"Destination-pulled final result, recovery/audit evidence, independent restore and source-access revocation",gtbi-v7-master-plan-quality.yml,,
PREV7-0905,trading-optimizer-lab-org/aurora,refs/heads/main,56251bbdd76a994b5032b912e9266253af3f4091,codex/gtbi-v7-master-plan-bootstrap,[],,"`full_disposition=completed` CAS plus immediate source/destination lease stop, App suspension, credential revocation and deny-all receipt",gtbi-v7-master-plan-quality.yml,,
PREV7-0906,trading-optimizer-lab-org/aurora,refs/heads/main,56251bbdd76a994b5032b912e9266253af3f4091,codex/gtbi-v7-master-plan-bootstrap,[],,Destination campaign control-plane retirement after recovery predicates and immutable billing/dispute-evidence export; reconciliation or bounded `DISPUTED_CLEAN` recorded,gtbi-v7-master-plan-quality.yml,,
PREV7-0907,trading-optimizer-lab-org/aurora,refs/heads/main,56251bbdd76a994b5032b912e9266253af3f4091,codex/gtbi-v7-master-plan-bootstrap,[],,"Source campaign and G7 validation repositories, packages, checkpoints and external-control tenants independently physically retired after recovery predicates and immutable billing/dispute-evidence export",gtbi-v7-master-plan-quality.yml,,
PREV7-0910,trading-optimizer-lab-org/aurora,refs/heads/main,56251bbdd76a994b5032b912e9266253af3f4091,codex/gtbi-v7-master-plan-bootstrap,[],,"Conditional immediate abandoned-campaign security cleanup when `full_disposition=abandoned`, including one immutable inventory/no-action-or-revocation substitution receipt per cancelled pre-dispatch task",gtbi-v7-master-plan-quality.yml,,
PREV7-0911,trading-optimizer-lab-org/aurora,refs/heads/main,56251bbdd76a994b5032b912e9266253af3f4091,codex/gtbi-v7-master-plan-bootstrap,[],,"Conditional delayed destination physical cleanup, independent receipt and reconciliation-or-bounded-`DISPUTED_CLEAN` state for the abandoned branch",gtbi-v7-master-plan-quality.yml,,
PREV7-0912,trading-optimizer-lab-org/aurora,refs/heads/main,56251bbdd76a994b5032b912e9266253af3f4091,codex/gtbi-v7-master-plan-bootstrap,[],,Conditional delayed source physical cleanup and independent receipt; joint reconciliation waits for both domains in PREV7-0913,gtbi-v7-master-plan-quality.yml,,
PREV7-0913,trading-optimizer-lab-org/aurora,refs/heads/main,56251bbdd76a994b5032b912e9266253af3f4091,codex/gtbi-v7-master-plan-bootstrap,[],,"Final selected-campaign-branch reconciler: verifies normal or abandoned substitution receipts; normal completion requires every billing domain reconciled or pre-authorized `NO_INVOICE_EXPECTED_CLEAN`, while a dispute emits nonterminal `CAMPAIGN_DISPUTED_CLEAN` and keeps the task active; only the abandoned branch may close through its approved bounded financial exception",gtbi-v7-master-plan-quality.yml,,
PREV7-0914,trading-optimizer-lab-org/aurora,refs/heads/main,56251bbdd76a994b5032b912e9266253af3f4091,codex/gtbi-v7-master-plan-bootstrap,[],,"Conditional post-dispatch recovery-only dual-restore capsule and receipts, or pre-dispatch no-ciphertext alternative-completion receipt, including one immutable result/preservation substitution receipt per cancelled dispatch/result task",gtbi-v7-master-plan-quality.yml,,
PREV7-1001,trading-optimizer-lab-org/aurora,refs/heads/main,56251bbdd76a994b5032b912e9266253af3f4091,codex/gtbi-v7-master-plan-bootstrap,[],,Repository layout ADR,gtbi-v7-master-plan-quality.yml,,
PREV7-1002,trading-optimizer-lab-org/aurora,refs/heads/main,56251bbdd76a994b5032b912e9266253af3f4091,codex/gtbi-v7-master-plan-bootstrap,[],,Staged non-GTBI package modernization,gtbi-v7-master-plan-quality.yml,,
PREV7-1003,trading-optimizer-lab-org/aurora,refs/heads/main,56251bbdd76a994b5032b912e9266253af3f4091,codex/gtbi-v7-master-plan-bootstrap,[],,"Final successful-project reconciler, with actor distinct from implementer, last-change author and repository owner: verifies every other G10 obligation and a reconciled or pre-authorized-no-invoice normal campaign-clean receipt, then alone emits project-terminal `COMPLETED_CLEAN`",gtbi-v7-master-plan-quality.yml,,
