task_id,task_definition_digest,title,gate,priority,owner_role,dependencies,required_approver_roles,approval_policy_digest,required_evidence_classification,exact_inputs,entry_conditions,exact_outputs,acceptance_criteria,activation_condition,alternative_completion,cancel_condition,rollback,rollback_trigger,repository_id,planned_files,acceptance_command,expected_result,merge_dependency,estimated_work_hours,estimated_elapsed_hours,external_lead_time_hours,planning_state,planning_blocker_code_or_null,planned_start_utc,due_at_utc,latest_start_utc,schedule_owner_role,required_participant_role_ids,required_participant_actor_ids,participant_availability_manifest_digest,participant_max_concurrent_tasks_by_actor,review_lead_time_hours,provider_or_hiring_lead_time_hours,budget_currency,estimated_cost_entries_by_domain
PREV7-0000,sha256:fce58e4512a90ed5da73258908e67079f248b8b45445fd010eaa6a8a3ab93c90,"Master plan, canonical-serialization/hash-domain bootstrap objects, owner simplification directive, passing structural validation, complete initial task/gate/event/definition/planning records and minimal bootstrap-closure controller published from latest `origin/main`",G0,P0,Implementer,[],[],sha256:77fcbf54bd29b7661aaa5dae5cf82084db6e8e72d298cb680469fd651ff12fe2,provisional_git_bootstrap,,,"Master plan, canonical-serialization/hash-domain bootstrap objects, owner simplification directive, passing structural validation, complete initial task/gate/event/definition/planning records and minimal bootstrap-closure controller published from latest `origin/main`",,,,,,,trading-optimizer-lab-org/aurora,[],,"Master plan, canonical-serialization/hash-domain bootstrap objects, owner simplification directive, passing structural validation, complete initial task/gate/event/definition/planning records and minimal bootstrap-closure controller published from latest `origin/main`",,,,,blocked_missing_price,COST_ESTIMATE_NOT_FROZEN,,,,implementer,"[""implementer""]","[""github-user:271768688""]",sha256:14b5266364b2c255d4f5e7796970d192d20d1c1066cd9cbf1f72b02048cfb72e,"{""github-user:271768688"":1}",,,USD,{}
PREV7-0001,sha256:a895aa6fcbc8c64ce26698dc9b6b96d7af9587f1566bdad057639be43f51ba2c,Regenerated emergency GitHub inventory plus non-blocking local-state receipt `inventoried|unavailable`,G0,P0,Implementer,"[""PREV7-0000""]",[],sha256:77fcbf54bd29b7661aaa5dae5cf82084db6e8e72d298cb680469fd651ff12fe2,provisional_git_bootstrap,,,Regenerated emergency GitHub inventory plus non-blocking local-state receipt `inventoried|unavailable`,,,,,,,trading-optimizer-lab-org/aurora,[],,Regenerated emergency GitHub inventory plus non-blocking local-state receipt `inventoried|unavailable`,,,,,blocked_missing_price,COST_ESTIMATE_NOT_FROZEN,,,,implementer,"[""implementer""]","[""github-user:271768688""]",sha256:14b5266364b2c255d4f5e7796970d192d20d1c1066cd9cbf1f72b02048cfb72e,"{""github-user:271768688"":1}",,,USD,{}
PREV7-0002,sha256:66ffbf14cb503784a9a942f44761474495aaae502d77483622882e7d5e6ef757,Approved cancellation manifest plus API receipts and terminal states for legacy runs,G0,P0,Repository owner,"[""PREV7-0001""]",[],sha256:77fcbf54bd29b7661aaa5dae5cf82084db6e8e72d298cb680469fd651ff12fe2,provisional_git_bootstrap,,,Approved cancellation manifest plus API receipts and terminal states for legacy runs,,,,,,,trading-optimizer-lab-org/aurora,[],,Approved cancellation manifest plus API receipts and terminal states for legacy runs,,,,,blocked_missing_price,COST_ESTIMATE_NOT_FROZEN,,,,repository_owner,"[""repository_owner""]","[""github-user:271768688""]",sha256:14b5266364b2c255d4f5e7796970d192d20d1c1066cd9cbf1f72b02048cfb72e,"{""github-user:271768688"":1}",,,USD,{}
PREV7-0003,sha256:d31b3e9e87aca86ee7c444502e10f6e059eb02e289f861c3dbfda9436d090519,"Durable V6 final-result archive, requiring the live PREV7-0012 escrow-guard receipt and promoting the emergency escrow bytes when that branch was selected",G0,P0,Implementer,"[""PREV7-0001"",""PREV7-0006"",""PREV7-0007"",""PREV7-0008""]",[],sha256:77fcbf54bd29b7661aaa5dae5cf82084db6e8e72d298cb680469fd651ff12fe2,provisional_git_bootstrap,,,"Durable V6 final-result archive, requiring the live PREV7-0012 escrow-guard receipt and promoting the emergency escrow bytes when that branch was selected",,,,,,,trading-optimizer-lab-org/aurora,[],,"Durable V6 final-result archive, requiring the live PREV7-0012 escrow-guard receipt and promoting the emergency escrow bytes when that branch was selected",,,,,blocked_missing_price,COST_ESTIMATE_NOT_FROZEN,,,,implementer,"[""implementer""]","[""github-user:271768688""]",sha256:14b5266364b2c255d4f5e7796970d192d20d1c1066cd9cbf1f72b02048cfb72e,"{""github-user:271768688"":1}",,,USD,{}
PREV7-0004,sha256:e2c0f51cb0751b065fd3b9abf6cb45cecf09f7200b88c55d41ccb3c2a04cebce,Locked evidence archive,G0,P0,Implementer,"[""PREV7-0001"",""PREV7-0006"",""PREV7-0007"",""PREV7-0008""]",[],sha256:77fcbf54bd29b7661aaa5dae5cf82084db6e8e72d298cb680469fd651ff12fe2,provisional_git_bootstrap,,,Locked evidence archive,,,,,,,trading-optimizer-lab-org/aurora,[],,Locked evidence archive,,,,,blocked_missing_price,COST_ESTIMATE_NOT_FROZEN,,,,implementer,"[""implementer""]","[""github-user:271768688""]",sha256:14b5266364b2c255d4f5e7796970d192d20d1c1066cd9cbf1f72b02048cfb72e,"{""github-user:271768688"":1}",,,USD,{}
PREV7-0005,sha256:af23058adf6d2cfefff0843075ed4858c1ed23f0339d692cd1d0a4202a536a82,V6 dependency-chain recovery report and preservation of recovered bytes,G0,P0,Implementer,"[""PREV7-0001"",""PREV7-0006"",""PREV7-0007"",""PREV7-0008""]",[],sha256:77fcbf54bd29b7661aaa5dae5cf82084db6e8e72d298cb680469fd651ff12fe2,provisional_git_bootstrap,,,V6 dependency-chain recovery report and preservation of recovered bytes,,,,,,,trading-optimizer-lab-org/aurora,[],,V6 dependency-chain recovery report and preservation of recovered bytes,,,,,blocked_missing_price,COST_ESTIMATE_NOT_FROZEN,,,,implementer,"[""implementer""]","[""github-user:271768688""]",sha256:14b5266364b2c255d4f5e7796970d192d20d1c1066cd9cbf1f72b02048cfb72e,"{""github-user:271768688"":1}",,,USD,{}
PREV7-0006,sha256:6f7760a329c1f5226b3326df25f03c13cd54894773864a5c4d4c0e5aa7efaa4e,Emergency private asset storage and evidence-classification policy,G0,P0,Repository owner,"[""PREV7-0001"",""PREV7-0009""]",[],sha256:77fcbf54bd29b7661aaa5dae5cf82084db6e8e72d298cb680469fd651ff12fe2,provisional_git_bootstrap,,,Emergency private asset storage and evidence-classification policy,,,,,,,trading-optimizer-lab-org/aurora,[],,Emergency private asset storage and evidence-classification policy,,,,,blocked_missing_price,COST_ESTIMATE_NOT_FROZEN,,,,repository_owner,"[""repository_owner""]","[""github-user:271768688""]",sha256:14b5266364b2c255d4f5e7796970d192d20d1c1066cd9cbf1f72b02048cfb72e,"{""github-user:271768688"":1}",,,USD,{}
PREV7-0007,sha256:53a5074d736d07a9f818b380164a351a16676a1b6813e6b70d14397195349b73,Short-lived private asset authentication approved jointly by repository owner and source key-broker custodian,G0,P0,Source App manager,"[""PREV7-0006"",""PREV7-0009"",""PREV7-0010""]",[],sha256:77fcbf54bd29b7661aaa5dae5cf82084db6e8e72d298cb680469fd651ff12fe2,provisional_git_bootstrap,,,Short-lived private asset authentication approved jointly by repository owner and source key-broker custodian,,,,,,,trading-optimizer-lab-org/aurora,[],,Short-lived private asset authentication approved jointly by repository owner and source key-broker custodian,,,,,blocked_missing_price,COST_ESTIMATE_NOT_FROZEN,,,,source_app_manager,"[""source_app_manager""]","[""github-user:271768688""]",sha256:14b5266364b2c255d4f5e7796970d192d20d1c1066cd9cbf1f72b02048cfb72e,"{""github-user:271768688"":1}",,,USD,{}
PREV7-0008,sha256:4770c88ba25976c54211a8e76a3b2ae1c5108cf62b73ec59dd172935505989e6,"Registered fail-closed V6 final, locked-evidence and recovered-byte preservation/restore workflows",G0,P0,Implementer,"[""PREV7-0001"",""PREV7-0006"",""PREV7-0007""]",[],sha256:77fcbf54bd29b7661aaa5dae5cf82084db6e8e72d298cb680469fd651ff12fe2,provisional_git_bootstrap,,,"Registered fail-closed V6 final, locked-evidence and recovered-byte preservation/restore workflows",,,,,,,trading-optimizer-lab-org/aurora,[],,"Registered fail-closed V6 final, locked-evidence and recovered-byte preservation/restore workflows",,,,,blocked_missing_price,COST_ESTIMATE_NOT_FROZEN,,,,implementer,"[""implementer""]","[""github-user:271768688""]",sha256:14b5266364b2c255d4f5e7796970d192d20d1c1066cd9cbf1f72b02048cfb72e,"{""github-user:271768688"":1}",,,USD,{}
PREV7-0009,sha256:286df555e1933cfdabccea5170df356dde8064ebe822ffef5875e6df0e626c1b,"GitHub-native owner-controlled access foundation, provider/account/region/cost cap and tested bootstrap/import/rotation/recovery/teardown paths",G0,P0,Repository owner,"[""PREV7-0001""]",[],sha256:77fcbf54bd29b7661aaa5dae5cf82084db6e8e72d298cb680469fd651ff12fe2,provisional_git_bootstrap,,,"GitHub-native owner-controlled access foundation, provider/account/region/cost cap and tested bootstrap/import/rotation/recovery/teardown paths",,,,,,,trading-optimizer-lab-org/aurora,[],,"GitHub-native owner-controlled access foundation, provider/account/region/cost cap and tested bootstrap/import/rotation/recovery/teardown paths",,,,,blocked_missing_price,COST_ESTIMATE_NOT_FROZEN,,,,repository_owner,"[""repository_owner""]","[""github-user:271768688""]",sha256:14b5266364b2c255d4f5e7796970d192d20d1c1066cd9cbf1f72b02048cfb72e,"{""github-user:271768688"":1}",,,USD,{}
PREV7-0010,sha256:82d76ebd80d95ab0a624cc80f226915513b9d2b22f82b6a7dd30bb9590e16af9,"Monofunction readiness-state-controller App, protected CAS/WORM event publisher, recovery/rollback proof and bootstrap-event reconciliation",G0,P0,Source App manager,"[""PREV7-0006"",""PREV7-0009""]",[],sha256:77fcbf54bd29b7661aaa5dae5cf82084db6e8e72d298cb680469fd651ff12fe2,provisional_git_bootstrap,,,"Monofunction readiness-state-controller App, protected CAS/WORM event publisher, recovery/rollback proof and bootstrap-event reconciliation",,,,,,,trading-optimizer-lab-org/aurora,[],,"Monofunction readiness-state-controller App, protected CAS/WORM event publisher, recovery/rollback proof and bootstrap-event reconciliation",,,,,blocked_missing_price,COST_ESTIMATE_NOT_FROZEN,,,,source_app_manager,"[""source_app_manager""]","[""github-user:271768688""]",sha256:14b5266364b2c255d4f5e7796970d192d20d1c1066cd9cbf1f72b02048cfb72e,"{""github-user:271768688"":1}",,,USD,{}
PREV7-0011,sha256:33c4490ebd828c44d9da7f23d441dceff04bb32d1a38ce8fd21741bb5ffb39a5,"Conditional bootstrap no-go closer for partial G0 resources, evidence and costs; cancelled on normal progress only in the atomic `G0_READY_EXCEPT_0011 -> G0_GREEN` transaction",G0,P0,Repository owner,"[""PREV7-0000""]",[],sha256:77fcbf54bd29b7661aaa5dae5cf82084db6e8e72d298cb680469fd651ff12fe2,provisional_git_bootstrap,,,"Conditional bootstrap no-go closer for partial G0 resources, evidence and costs; cancelled on normal progress only in the atomic `G0_READY_EXCEPT_0011 -> G0_GREEN` transaction",,,,,,,trading-optimizer-lab-org/aurora,[],,"Conditional bootstrap no-go closer for partial G0 resources, evidence and costs; cancelled on normal progress only in the atomic `G0_READY_EXCEPT_0011 -> G0_GREEN` transaction",,,,,blocked_missing_price,COST_ESTIMATE_NOT_FROZEN,,,,repository_owner,"[""repository_owner""]","[""github-user:271768688""]",sha256:14b5266364b2c255d4f5e7796970d192d20d1c1066cd9cbf1f72b02048cfb72e,"{""github-user:271768688"":1}",,,USD,{}
PREV7-0012,sha256:7fbd5d2f2c499be01fc331ceb1b6b985fcd92238fc40e39dbca70f77b87601d9,Verified GitHub V6 preservation lease and expiry monitor; no external escrow or separate custodian is required,G0,P0,Repository owner,"[""PREV7-0000""]",[],sha256:77fcbf54bd29b7661aaa5dae5cf82084db6e8e72d298cb680469fd651ff12fe2,provisional_git_bootstrap,,,Verified GitHub V6 preservation lease and expiry monitor; no external escrow or separate custodian is required,,,,,,,trading-optimizer-lab-org/aurora,[],,Verified GitHub V6 preservation lease and expiry monitor; no external escrow or separate custodian is required,,,,,blocked_missing_price,COST_ESTIMATE_NOT_FROZEN,,,,repository_owner,"[""repository_owner""]","[""github-user:271768688""]",sha256:14b5266364b2c255d4f5e7796970d192d20d1c1066cd9cbf1f72b02048cfb72e,"{""github-user:271768688"":1}",,,USD,{}
PREV7-0101,sha256:8f50d87c2ac6ad2291b00cf580770d62e0e847c8ededd583728a5766c33eae20,Unified V7 target recorded only after bootstrap genesis exists,G1A,P0,Repository owner,"[""PREV7-0000""]",[],sha256:77fcbf54bd29b7661aaa5dae5cf82084db6e8e72d298cb680469fd651ff12fe2,provisional_git_bootstrap,,,Unified V7 target recorded only after bootstrap genesis exists,,,,,,,trading-optimizer-lab-org/aurora,[],,Unified V7 target recorded only after bootstrap genesis exists,,,,,blocked_missing_price,COST_ESTIMATE_NOT_FROZEN,,,,repository_owner,"[""repository_owner""]","[""github-user:271768688""]",sha256:14b5266364b2c255d4f5e7796970d192d20d1c1066cd9cbf1f72b02048cfb72e,"{""github-user:271768688"":1}",,,USD,{}
PREV7-0102,sha256:9d3cc4b74d4f73f82b917e4babc625a6c4b14e009d9ebf8d498413f205ad890d,V7 identity and exclusions ADR,G1A,P0,Implementer,"[""PREV7-0101""]",[],sha256:77fcbf54bd29b7661aaa5dae5cf82084db6e8e72d298cb680469fd651ff12fe2,provisional_git_bootstrap,,,V7 identity and exclusions ADR,,,,,,,trading-optimizer-lab-org/aurora,[],,V7 identity and exclusions ADR,,,,,blocked_missing_price,COST_ESTIMATE_NOT_FROZEN,,,,implementer,"[""implementer""]","[""github-user:271768688""]",sha256:14b5266364b2c255d4f5e7796970d192d20d1c1066cd9cbf1f72b02048cfb72e,"{""github-user:271768688"":1}",,,USD,{}
PREV7-0103,sha256:3e882b7c5340367b9155010e9b3d7bf747d9093414c60de35def6d1d1a108212,Scope and non-goals approval,G1A,P1,Repository owner,"[""PREV7-0102""]",[],sha256:77fcbf54bd29b7661aaa5dae5cf82084db6e8e72d298cb680469fd651ff12fe2,provisional_git_bootstrap,,,Scope and non-goals approval,,,,,,,trading-optimizer-lab-org/aurora,[],,Scope and non-goals approval,,,,,blocked_missing_price,COST_ESTIMATE_NOT_FROZEN,,,,repository_owner,"[""repository_owner""]","[""github-user:271768688""]",sha256:14b5266364b2c255d4f5e7796970d192d20d1c1066cd9cbf1f72b02048cfb72e,"{""github-user:271768688"":1}",,,USD,{}
PREV7-0201,sha256:5ca7f0013cb0232dc7b2ee728f4fd730efaa0432f2e491483bfecdc8c6162150,"Owner-controlled responsibility registry mapping legacy capability labels to the owner or automation; no vacancies, incompatibility separation or additional people required",G1B,P0,Repository owner,"[""PREV7-0001"",""PREV7-0009""]",[],sha256:77fcbf54bd29b7661aaa5dae5cf82084db6e8e72d298cb680469fd651ff12fe2,provisional_git_bootstrap,,,"Owner-controlled responsibility registry mapping legacy capability labels to the owner or automation; no vacancies, incompatibility separation or additional people required",,,,,,,trading-optimizer-lab-org/aurora,[],,"Owner-controlled responsibility registry mapping legacy capability labels to the owner or automation; no vacancies, incompatibility separation or additional people required",,,,,blocked_missing_price,COST_ESTIMATE_NOT_FROZEN,,,,repository_owner,"[""repository_owner""]","[""github-user:271768688""]",sha256:14b5266364b2c255d4f5e7796970d192d20d1c1066cd9cbf1f72b02048cfb72e,"{""github-user:271768688"":1}",,,USD,{}
PREV7-0202,sha256:adb7ade7352d4759560529d5a8bddaa2b7bca8474dfe8ce199d1b01525ba418e,Stage-one main protection; stage two pending reviewer,G3A,P1,Repository owner,"[""PREV7-0001""]",[],sha256:77fcbf54bd29b7661aaa5dae5cf82084db6e8e72d298cb680469fd651ff12fe2,provisional_git_bootstrap,,,Stage-one main protection; stage two pending reviewer,,,,,,,trading-optimizer-lab-org/aurora,[],,Stage-one main protection; stage two pending reviewer,,,,,blocked_missing_price,COST_ESTIMATE_NOT_FROZEN,,,,repository_owner,"[""repository_owner""]","[""github-user:271768688""]",sha256:14b5266364b2c255d4f5e7796970d192d20d1c1066cd9cbf1f72b02048cfb72e,"{""github-user:271768688"":1}",,,USD,{}
PREV7-0203,sha256:c3b5cee6d70c73d94dff90841403e481231f8f96490c3a827bca24d829bdc349,CODEOWNERS with the repository owner,G3B,P1,Repository owner,"[""PREV7-0201""]",[],sha256:77fcbf54bd29b7661aaa5dae5cf82084db6e8e72d298cb680469fd651ff12fe2,provisional_git_bootstrap,,,CODEOWNERS with the repository owner,,,,,,,trading-optimizer-lab-org/aurora,[],,CODEOWNERS with the repository owner,,,,,blocked_missing_price,COST_ESTIMATE_NOT_FROZEN,,,,repository_owner,"[""repository_owner""]","[""github-user:271768688""]",sha256:14b5266364b2c255d4f5e7796970d192d20d1c1066cd9cbf1f72b02048cfb72e,"{""github-user:271768688"":1}",,,USD,{}
PREV7-0204,sha256:28f8965265d46df1180ec90174652678849d09619f800be6bf7f2e1336da6055,"Production source-App definitions, keys, negative-permission evidence and exact installation-request manifests, plus only the keyless proposed definition/repository-class request for destination-owned `gtbi-dependency-extract`; no destination key creation, repository creation or installation authorization",G3A,P1,Source App manager,"[""PREV7-0007"",""PREV7-0201""]",[],sha256:77fcbf54bd29b7661aaa5dae5cf82084db6e8e72d298cb680469fd651ff12fe2,provisional_git_bootstrap,,,"Production source-App definitions, keys, negative-permission evidence and exact installation-request manifests, plus only the keyless proposed definition/repository-class request for destination-owned `gtbi-dependency-extract`; no destination key creation, repository creation or installation authorization",,,,,,,trading-optimizer-lab-org/aurora,[],,"Production source-App definitions, keys, negative-permission evidence and exact installation-request manifests, plus only the keyless proposed definition/repository-class request for destination-owned `gtbi-dependency-extract`; no destination key creation, repository creation or installation authorization",,,,,blocked_missing_price,COST_ESTIMATE_NOT_FROZEN,,,,source_app_manager,"[""source_app_manager""]","[""github-user:271768688""]",sha256:14b5266364b2c255d4f5e7796970d192d20d1c1066cd9cbf1f72b02048cfb72e,"{""github-user:271768688"":1}",,,USD,{}
PREV7-0205,sha256:6db5bd95b956b8101e20426521ecf9ee3d833c6ffeb772ddb6a9b708f775c17a,Pinned Actions and minimum permissions,G3A,P1,Implementer,"[""PREV7-0202""]",[],sha256:77fcbf54bd29b7661aaa5dae5cf82084db6e8e72d298cb680469fd651ff12fe2,provisional_git_bootstrap,,,Pinned Actions and minimum permissions,,,,,,,trading-optimizer-lab-org/aurora,[],,Pinned Actions and minimum permissions,,,,,blocked_missing_price,COST_ESTIMATE_NOT_FROZEN,,,,implementer,"[""implementer""]","[""github-user:271768688""]",sha256:14b5266364b2c255d4f5e7796970d192d20d1c1066cd9cbf1f72b02048cfb72e,"{""github-user:271768688"":1}",,,USD,{}
PREV7-0206,sha256:934021269fccea4ddf91eb0eee411335eda844913eee723a9fb43ebc055c2435,"Dependabot, CodeQL, secret scanning and push-protection baseline",G3A,P1,Implementer,"[""PREV7-0202""]",[],sha256:77fcbf54bd29b7661aaa5dae5cf82084db6e8e72d298cb680469fd651ff12fe2,provisional_git_bootstrap,,,"Dependabot, CodeQL, secret scanning and push-protection baseline",,,,,,,trading-optimizer-lab-org/aurora,[],,"Dependabot, CodeQL, secret scanning and push-protection baseline",,,,,blocked_missing_price,COST_ESTIMATE_NOT_FROZEN,,,,implementer,"[""implementer""]","[""github-user:271768688""]",sha256:14b5266364b2c255d4f5e7796970d192d20d1c1066cd9cbf1f72b02048cfb72e,"{""github-user:271768688"":1}",,,USD,{}
PREV7-0207,sha256:4b9701bb3e89bd8196479ebf3a43eb7e5cd5c2eaeccaeef987b5861ab0805ffd,Stage-two protection and owner-approved automated environment checks,G3B,P0,Repository owner,"[""PREV7-0201"",""PREV7-0202"",""PREV7-0203""]",[],sha256:77fcbf54bd29b7661aaa5dae5cf82084db6e8e72d298cb680469fd651ff12fe2,provisional_git_bootstrap,,,Stage-two protection and owner-approved automated environment checks,,,,,,,trading-optimizer-lab-org/aurora,[],,Stage-two protection and owner-approved automated environment checks,,,,,blocked_missing_price,COST_ESTIMATE_NOT_FROZEN,,,,repository_owner,"[""repository_owner""]","[""github-user:271768688""]",sha256:14b5266364b2c255d4f5e7796970d192d20d1c1066cd9cbf1f72b02048cfb72e,"{""github-user:271768688"":1}",,,USD,{}
PREV7-0208,sha256:2ae575a944735cce7a6f2a6695c938615a4422dbf6d5b06dc642ded26b2ba3b8,Verified GitHub preservation lease and restore procedure,G3B,P0,Repository owner,"[""PREV7-0201""]",[],sha256:77fcbf54bd29b7661aaa5dae5cf82084db6e8e72d298cb680469fd651ff12fe2,provisional_git_bootstrap,,,Verified GitHub preservation lease and restore procedure,,,,,,,trading-optimizer-lab-org/aurora,[],,Verified GitHub preservation lease and restore procedure,,,,,blocked_missing_price,COST_ESTIMATE_NOT_FROZEN,,,,repository_owner,"[""repository_owner""]","[""github-user:271768688""]",sha256:14b5266364b2c255d4f5e7796970d192d20d1c1066cd9cbf1f72b02048cfb72e,"{""github-user:271768688"":1}",,,USD,{}
PREV7-0209,sha256:2e1440d482b1cd6f82476cc537e385e1a050226c414345554364140769b900e9,"Automated final-architecture threat checks, local-run guard digest/negative tests and zero unresolved critical/high risks accepted by the owner",G3B,P0,Repository owner,"[""PREV7-0201"",""PREV7-0202"",""PREV7-0205"",""PREV7-0604"",""PREV7-0608"",""PREV7-0609""]",[],sha256:77fcbf54bd29b7661aaa5dae5cf82084db6e8e72d298cb680469fd651ff12fe2,provisional_git_bootstrap,,,"Automated final-architecture threat checks, local-run guard digest/negative tests and zero unresolved critical/high risks accepted by the owner",,,,,,,trading-optimizer-lab-org/aurora,[],,"Automated final-architecture threat checks, local-run guard digest/negative tests and zero unresolved critical/high risks accepted by the owner",,,,,blocked_missing_price,COST_ESTIMATE_NOT_FROZEN,,,,repository_owner,"[""repository_owner""]","[""github-user:271768688""]",sha256:14b5266364b2c255d4f5e7796970d192d20d1c1066cd9cbf1f72b02048cfb72e,"{""github-user:271768688"":1}",,,USD,{}
PREV7-0210,sha256:cae8cad3a2d01d53543eec21fed8d4e233aa59de86210ebe0956ed0606c87f7c,"Exact source App installations and complete GitHub environment set authorized by the owner; destination-owned `gtbi-dependency-extract` remains an uninstalled keyless request until PREV7-0308, disposable repositories remain owner-created through the isolated-org ceremony and locked access stays disabled",G3A,P1,Repository owner,"[""PREV7-0204""]",[],sha256:77fcbf54bd29b7661aaa5dae5cf82084db6e8e72d298cb680469fd651ff12fe2,provisional_git_bootstrap,,,"Exact source App installations and complete GitHub environment set authorized by the owner; destination-owned `gtbi-dependency-extract` remains an uninstalled keyless request until PREV7-0308, disposable repositories remain owner-created through the isolated-org ceremony and locked access stays disabled",,,,,,,trading-optimizer-lab-org/aurora,[],,"Exact source App installations and complete GitHub environment set authorized by the owner; destination-owned `gtbi-dependency-extract` remains an uninstalled keyless request until PREV7-0308, disposable repositories remain owner-created through the isolated-org ceremony and locked access stays disabled",,,,,blocked_missing_price,COST_ESTIMATE_NOT_FROZEN,,,,repository_owner,"[""repository_owner""]","[""github-user:271768688""]",sha256:14b5266364b2c255d4f5e7796970d192d20d1c1066cd9cbf1f72b02048cfb72e,"{""github-user:271768688"":1}",,,USD,{}
PREV7-0301,sha256:fa5b20d97da7446c74e4c34dc4bf2118299d173816f9e188ea2e02b3628fdfd2,"Production asset, funded-retention and exact RPO/RTO policy finalized with recurring review owner and expiry",G2,P0,Repository owner,"[""PREV7-0006"",""PREV7-0101""]",[],sha256:77fcbf54bd29b7661aaa5dae5cf82084db6e8e72d298cb680469fd651ff12fe2,provisional_git_bootstrap,,,"Production asset, funded-retention and exact RPO/RTO policy finalized with recurring review owner and expiry",,,,,,,trading-optimizer-lab-org/aurora,[],,"Production asset, funded-retention and exact RPO/RTO policy finalized with recurring review owner and expiry",,,,,blocked_missing_price,COST_ESTIMATE_NOT_FROZEN,,,,repository_owner,"[""repository_owner""]","[""github-user:271768688""]",sha256:14b5266364b2c255d4f5e7796970d192d20d1c1066cd9cbf1f72b02048cfb72e,"{""github-user:271768688"":1}",,,USD,{}
PREV7-0302,sha256:eb4db60701b80a4d6c84a530012758b12af03e57a80753fc16204584c586cf9e,Versioned provider/data terms inventory plus repository-owner acceptance,G2,P0,Repository owner,"[""PREV7-0201"",""PREV7-0301""]",[],sha256:77fcbf54bd29b7661aaa5dae5cf82084db6e8e72d298cb680469fd651ff12fe2,provisional_git_bootstrap,,,Versioned provider/data terms inventory plus repository-owner acceptance,,,,,,,trading-optimizer-lab-org/aurora,[],,Versioned provider/data terms inventory plus repository-owner acceptance,,,,,blocked_missing_price,COST_ESTIMATE_NOT_FROZEN,,,,repository_owner,"[""repository_owner""]","[""github-user:271768688""]",sha256:14b5266364b2c255d4f5e7796970d192d20d1c1066cd9cbf1f72b02048cfb72e,"{""github-user:271768688"":1}",,,USD,{}
PREV7-0303,sha256:d784dd517ba72c6ed9f67614a79a7566556d05d15f75e7b197bf78a346cc7d11,"Versioned transport-classified `scientific_asset_manifest_v1` schema, registered hash domain, lifecycle/nullability validator and immutable-wrapper fixtures",G2,P1,Implementer,"[""PREV7-0301""]",[],sha256:77fcbf54bd29b7661aaa5dae5cf82084db6e8e72d298cb680469fd651ff12fe2,provisional_git_bootstrap,,,"Versioned transport-classified `scientific_asset_manifest_v1` schema, registered hash domain, lifecycle/nullability validator and immutable-wrapper fixtures",,,,,,,trading-optimizer-lab-org/aurora,[],,"Versioned transport-classified `scientific_asset_manifest_v1` schema, registered hash domain, lifecycle/nullability validator and immutable-wrapper fixtures",,,,,blocked_missing_price,COST_ESTIMATE_NOT_FROZEN,,,,implementer,"[""implementer""]","[""github-user:271768688""]",sha256:14b5266364b2c255d4f5e7796970d192d20d1c1066cd9cbf1f72b02048cfb72e,"{""github-user:271768688"":1}",,,USD,{}
PREV7-0304,sha256:fdd5fd8aed6ef26d71ac53fbd444081e65268baf95bb1a9dc7e53b5bca7d4f40,Emergency V6 archive promoted to production policy,G2,P0,Implementer,"[""PREV7-0003"",""PREV7-0007"",""PREV7-0205"",""PREV7-0302"",""PREV7-0303""]",[],sha256:77fcbf54bd29b7661aaa5dae5cf82084db6e8e72d298cb680469fd651ff12fe2,provisional_git_bootstrap,,,Emergency V6 archive promoted to production policy,,,,,,,trading-optimizer-lab-org/aurora,[],,Emergency V6 archive promoted to production policy,,,,,blocked_missing_price,COST_ESTIMATE_NOT_FROZEN,,,,implementer,"[""implementer""]","[""github-user:271768688""]",sha256:14b5266364b2c255d4f5e7796970d192d20d1c1066cd9cbf1f72b02048cfb72e,"{""github-user:271768688"":1}",,,USD,{}
PREV7-0305,sha256:100e87fe963e933b9c01a2aeb3f42d004d4f4a89a3e783228ef2b42bcfca4a13,Clean-runner restoration proof,G2,P0,Implementer,"[""PREV7-0304""]",[],sha256:77fcbf54bd29b7661aaa5dae5cf82084db6e8e72d298cb680469fd651ff12fe2,provisional_git_bootstrap,,,Clean-runner restoration proof,,,,,,,trading-optimizer-lab-org/aurora,[],,Clean-runner restoration proof,,,,,blocked_missing_price,COST_ESTIMATE_NOT_FROZEN,,,,implementer,"[""implementer""]","[""github-user:271768688""]",sha256:14b5266364b2c255d4f5e7796970d192d20d1c1066cd9cbf1f72b02048cfb72e,"{""github-user:271768688"":1}",,,USD,{}
PREV7-0306,sha256:ab3f8589800d888a3df911e2ed9376d35e0f4b57b0d1b8b2bc7046d83b975938,Reproducibility classification,G2,P0,Implementer,"[""PREV7-0005""]",[],sha256:77fcbf54bd29b7661aaa5dae5cf82084db6e8e72d298cb680469fd651ff12fe2,provisional_git_bootstrap,,,Reproducibility classification,,,,,,,trading-optimizer-lab-org/aurora,[],,Reproducibility classification,,,,,blocked_missing_price,COST_ESTIMATE_NOT_FROZEN,,,,implementer,"[""implementer""]","[""github-user:271768688""]",sha256:14b5266364b2c255d4f5e7796970d192d20d1c1066cd9cbf1f72b02048cfb72e,"{""github-user:271768688"":1}",,,USD,{}
PREV7-0307,sha256:4fe2a96d207c6a82521d79316409897185ae504075792a092b090d843e228d12,"Authenticated V6 input identity, or hashed no-V7-baseline decision plus separately scoped future-reference proposal that leaves G5/full blocked",G2,P1,Implementer,"[""PREV7-0301"",""PREV7-0302"",""PREV7-0303"",""PREV7-0305"",""PREV7-0306""]",[],sha256:77fcbf54bd29b7661aaa5dae5cf82084db6e8e72d298cb680469fd651ff12fe2,provisional_git_bootstrap,,,"Authenticated V6 input identity, or hashed no-V7-baseline decision plus separately scoped future-reference proposal that leaves G5/full blocked",,,,,,,trading-optimizer-lab-org/aurora,[],,"Authenticated V6 input identity, or hashed no-V7-baseline decision plus separately scoped future-reference proposal that leaves G5/full blocked",,,,,blocked_missing_price,COST_ESTIMATE_NOT_FROZEN,,,,implementer,"[""implementer""]","[""github-user:271768688""]",sha256:14b5266364b2c255d4f5e7796970d192d20d1c1066cd9cbf1f72b02048cfb72e,"{""github-user:271768688"":1}",,,USD,{}
PREV7-0308,sha256:1d3eb067a64951244e5843bda35184c3451938feca2ae7529acb1db73394cc72,"Independently administered destination foundation, account-root/payer/key-custodian receipts, storage and lease registry; destination-owned `gtbi-dependency-extract` App, GitHub-generated private key securely imported into its destination broker, source-owner selected-repository installations and restore-ready control plane",G3B,P0,Independent disaster-copy owner,"[""G2"",""PREV7-0208"",""PREV7-0301"",""PREV7-0302"",""PREV7-0309""]",[],sha256:77fcbf54bd29b7661aaa5dae5cf82084db6e8e72d298cb680469fd651ff12fe2,provisional_git_bootstrap,,,"Independently administered destination foundation, account-root/payer/key-custodian receipts, storage and lease registry; destination-owned `gtbi-dependency-extract` App, GitHub-generated private key securely imported into its destination broker, source-owner selected-repository installations and restore-ready control plane",,,,,,,trading-optimizer-lab-org/aurora,[],,"Independently administered destination foundation, account-root/payer/key-custodian receipts, storage and lease registry; destination-owned `gtbi-dependency-extract` App, GitHub-generated private key securely imported into its destination broker, source-owner selected-repository installations and restore-ready control plane",,,,,blocked_missing_price,COST_ESTIMATE_NOT_FROZEN,,,,independent_disaster_copy_owner,"[""independent_disaster_copy_owner""]","[""github-user:271768688""]",sha256:14b5266364b2c255d4f5e7796970d192d20d1c1066cd9cbf1f72b02048cfb72e,"{""github-user:271768688"":1}",,,USD,{}
PREV7-0309,sha256:028db113c3bbd3133ae8ed7490d8003061231174e11e76c5f534c90977949285,"Versioned GitHub Actions acceptable-use and pricing envelope, selected `CAPACITY_TOPOLOGY`, current capacity/source receipt and control reserves",G2,P0,Repository owner,"[""PREV7-0001"",""PREV7-0302""]",[],sha256:77fcbf54bd29b7661aaa5dae5cf82084db6e8e72d298cb680469fd651ff12fe2,provisional_git_bootstrap,,,"Versioned GitHub Actions acceptable-use and pricing envelope, selected `CAPACITY_TOPOLOGY`, current capacity/source receipt and control reserves",,,,,,,trading-optimizer-lab-org/aurora,[],,"Versioned GitHub Actions acceptable-use and pricing envelope, selected `CAPACITY_TOPOLOGY`, current capacity/source receipt and control reserves",,,,,blocked_missing_price,COST_ESTIMATE_NOT_FROZEN,,,,repository_owner,"[""repository_owner""]","[""github-user:271768688""]",sha256:14b5266364b2c255d4f5e7796970d192d20d1c1066cd9cbf1f72b02048cfb72e,"{""github-user:271768688"":1}",,,USD,{}
PREV7-0310,sha256:0f1d4b0812f60b15d4483c6fc0d7faf83412d2553a9e14e5c9cdd30b1a784264,Final pre-authorization dependency and exact execution-commit copy plus total-primary-loss restore proof,G8,P0,Independent disaster-copy owner,"[""PREV7-0304"",""PREV7-0305"",""PREV7-0307"",""PREV7-0308"",""PREV7-0708"",""PREV7-0800"",""PREV7-0808"",""PREV7-0810"",""PREV7-0813""]",[],sha256:77fcbf54bd29b7661aaa5dae5cf82084db6e8e72d298cb680469fd651ff12fe2,provisional_git_bootstrap,,,Final pre-authorization dependency and exact execution-commit copy plus total-primary-loss restore proof,,,,,,,trading-optimizer-lab-org/aurora,[],,Final pre-authorization dependency and exact execution-commit copy plus total-primary-loss restore proof,,,,,blocked_missing_price,COST_ESTIMATE_NOT_FROZEN,,,,independent_disaster_copy_owner,"[""independent_disaster_copy_owner""]","[""github-user:271768688""]",sha256:14b5266364b2c255d4f5e7796970d192d20d1c1066cd9cbf1f72b02048cfb72e,"{""github-user:271768688"":1}",,,USD,{}
PREV7-0400,sha256:047f3430facb5300b02d598518a3dfbce830ac33d1eafd019cf8125ed9e0ef58,"Complete resumable GitHub artifact, release and package inventory",G4,P1,Implementer,"[""PREV7-0001"",""PREV7-0003""]",[],sha256:77fcbf54bd29b7661aaa5dae5cf82084db6e8e72d298cb680469fd651ff12fe2,provisional_git_bootstrap,,,"Complete resumable GitHub artifact, release and package inventory",,,,,,,trading-optimizer-lab-org/aurora,[],,"Complete resumable GitHub artifact, release and package inventory",,,,,blocked_missing_price,COST_ESTIMATE_NOT_FROZEN,,,,implementer,"[""implementer""]","[""github-user:271768688""]",sha256:14b5266364b2c255d4f5e7796970d192d20d1c1066cd9cbf1f72b02048cfb72e,"{""github-user:271768688"":1}",,,USD,{}
PREV7-0401,sha256:5073f9962cab79a74a524d5d2c2e3124ff85c300d7950ac054c34a41539e9d55,Workflow and branch registry,G4,P1,Implementer,"[""PREV7-0001"",""PREV7-0400""]",[],sha256:77fcbf54bd29b7661aaa5dae5cf82084db6e8e72d298cb680469fd651ff12fe2,provisional_git_bootstrap,,,Workflow and branch registry,,,,,,,trading-optimizer-lab-org/aurora,[],,Workflow and branch registry,,,,,blocked_missing_price,COST_ESTIMATE_NOT_FROZEN,,,,implementer,"[""implementer""]","[""github-user:271768688""]",sha256:14b5266364b2c255d4f5e7796970d192d20d1c1066cd9cbf1f72b02048cfb72e,"{""github-user:271768688"":1}",,,USD,{}
PREV7-0402,sha256:e73e279a722d109b7300cbc6ea4212b348ed13d06054ee714d1fdf1035eb63bd,Worktree and dirty-change registry,G4,P1,Implementer,"[""PREV7-0001""]",[],sha256:77fcbf54bd29b7661aaa5dae5cf82084db6e8e72d298cb680469fd651ff12fe2,provisional_git_bootstrap,,,Worktree and dirty-change registry,,,,,,,trading-optimizer-lab-org/aurora,[],,Worktree and dirty-change registry,,,,,blocked_missing_price,COST_ESTIMATE_NOT_FROZEN,,,,implementer,"[""implementer""]","[""github-user:271768688""]",sha256:14b5266364b2c255d4f5e7796970d192d20d1c1066cd9cbf1f72b02048cfb72e,"{""github-user:271768688"":1}",,,USD,{}
PREV7-0403,sha256:92e720cace45b73bcaff8b2517f6116c01f19c4246979855e96f26cf92523e8f,Preservation decision for every dirty worktree,G4,P1,Repository owner,"[""PREV7-0402""]",[],sha256:77fcbf54bd29b7661aaa5dae5cf82084db6e8e72d298cb680469fd651ff12fe2,provisional_git_bootstrap,,,Preservation decision for every dirty worktree,,,,,,,trading-optimizer-lab-org/aurora,[],,Preservation decision for every dirty worktree,,,,,blocked_missing_price,COST_ESTIMATE_NOT_FROZEN,,,,repository_owner,"[""repository_owner""]","[""github-user:271768688""]",sha256:14b5266364b2c255d4f5e7796970d192d20d1c1066cd9cbf1f72b02048cfb72e,"{""github-user:271768688"":1}",,,USD,{}
PREV7-0404,sha256:80fde24fd5baff1ea316a0329f62bc8a9bcbc00e848cadf82695e609ab2437df,Fresh primary editing clone,G4,P1,Implementer,"[""PREV7-0403""]",[],sha256:77fcbf54bd29b7661aaa5dae5cf82084db6e8e72d298cb680469fd651ff12fe2,provisional_git_bootstrap,,,Fresh primary editing clone,,,,,,,trading-optimizer-lab-org/aurora,[],,Fresh primary editing clone,,,,,blocked_missing_price,COST_ESTIMATE_NOT_FROZEN,,,,implementer,"[""implementer""]","[""github-user:271768688""]",sha256:14b5266364b2c255d4f5e7796970d192d20d1c1066cd9cbf1f72b02048cfb72e,"{""github-user:271768688"":1}",,,USD,{}
PREV7-0405,sha256:9fcad5b42b403cf97414dda0634c2cd6660947ffbb36e0921a11e592c0b7a838,One active worktree per active branch,G4,P1,Implementer,"[""PREV7-0404""]",[],sha256:77fcbf54bd29b7661aaa5dae5cf82084db6e8e72d298cb680469fd651ff12fe2,provisional_git_bootstrap,,,One active worktree per active branch,,,,,,,trading-optimizer-lab-org/aurora,[],,One active worktree per active branch,,,,,blocked_missing_price,COST_ESTIMATE_NOT_FROZEN,,,,implementer,"[""implementer""]","[""github-user:271768688""]",sha256:14b5266364b2c255d4f5e7796970d192d20d1c1066cd9cbf1f72b02048cfb72e,"{""github-user:271768688"":1}",,,USD,{}
PREV7-0406,sha256:eea3a717ad956243cf3f24ecf2ce3ed0b7d37182d9a4a0d265334f78fa88a035,Post-campaign quarantine plan and durable restore proof for redundant copies,G10,P2,Repository owner,"[""PREV7-0405"",""PREV7-0903""]",[],sha256:77fcbf54bd29b7661aaa5dae5cf82084db6e8e72d298cb680469fd651ff12fe2,provisional_git_bootstrap,,,Post-campaign quarantine plan and durable restore proof for redundant copies,,,,,,,trading-optimizer-lab-org/aurora,[],,Post-campaign quarantine plan and durable restore proof for redundant copies,,,,,blocked_missing_price,COST_ESTIMATE_NOT_FROZEN,,,,repository_owner,"[""repository_owner""]","[""github-user:271768688""]",sha256:14b5266364b2c255d4f5e7796970d192d20d1c1066cd9cbf1f72b02048cfb72e,"{""github-user:271768688"":1}",,,USD,{}
PREV7-0407,sha256:8da9421f6cef77a1e947b39ac34ce68d64f4716d2b1d0fdd13826073dc67ea0d,Approved deletion after grace period,G10,P2,Repository owner,"[""PREV7-0406""]",[],sha256:77fcbf54bd29b7661aaa5dae5cf82084db6e8e72d298cb680469fd651ff12fe2,provisional_git_bootstrap,,,Approved deletion after grace period,,,,,,,trading-optimizer-lab-org/aurora,[],,Approved deletion after grace period,,,,,blocked_missing_price,COST_ESTIMATE_NOT_FROZEN,,,,repository_owner,"[""repository_owner""]","[""github-user:271768688""]",sha256:14b5266364b2c255d4f5e7796970d192d20d1c1066cd9cbf1f72b02048cfb72e,"{""github-user:271768688"":1}",,,USD,{}
PREV7-0501,sha256:5089ec198ed01976f0f595b018d142f49c8ab61288ed9b9412490abc64d475c9,New branch from freshly fetched `origin/main` containing or postdating the exact PR-20 disposition,G5,P0,Implementer,"[""PREV7-0001"",""PREV7-0103"",""PREV7-0202"",""PREV7-0401"",""PREV7-0404"",""PREV7-0405"",""PREV7-0502""]",[],sha256:77fcbf54bd29b7661aaa5dae5cf82084db6e8e72d298cb680469fd651ff12fe2,provisional_git_bootstrap,,,New branch from freshly fetched `origin/main` containing or postdating the exact PR-20 disposition,,,,,,,trading-optimizer-lab-org/aurora,[],,New branch from freshly fetched `origin/main` containing or postdating the exact PR-20 disposition,,,,,blocked_missing_price,COST_ESTIMATE_NOT_FROZEN,,,,implementer,"[""implementer""]","[""github-user:271768688""]",sha256:14b5266364b2c255d4f5e7796970d192d20d1c1066cd9cbf1f72b02048cfb72e,"{""github-user:271768688"":1}",,,USD,{}
PREV7-0502,sha256:7b0154a56c2c9a531595cae1783426888cfe0500df699af490ec0dfa89feff6d,"PR 20 resolved or replaced on `main`, with exact disposition receipt",G5,P1,Implementer,"[""PREV7-0001"",""PREV7-0202"",""PREV7-0401""]",[],sha256:77fcbf54bd29b7661aaa5dae5cf82084db6e8e72d298cb680469fd651ff12fe2,provisional_git_bootstrap,,,"PR 20 resolved or replaced on `main`, with exact disposition receipt",,,,,,,trading-optimizer-lab-org/aurora,[],,"PR 20 resolved or replaced on `main`, with exact disposition receipt",,,,,blocked_missing_price,COST_ESTIMATE_NOT_FROZEN,,,,implementer,"[""implementer""]","[""github-user:271768688""]",sha256:14b5266364b2c255d4f5e7796970d192d20d1c1066cd9cbf1f72b02048cfb72e,"{""github-user:271768688"":1}",,,USD,{}
PREV7-0503,sha256:d965d198630bfa19b34c74208acf7f142d3dd6c68b345bc77b0c1262494d97c6,Independently approved frozen scientific contract,G5,P0,Scientific reviewer,"[""PREV7-0103"",""PREV7-0201"",""PREV7-0306""]",[],sha256:77fcbf54bd29b7661aaa5dae5cf82084db6e8e72d298cb680469fd651ff12fe2,provisional_git_bootstrap,,,Independently approved frozen scientific contract,,,,,,,trading-optimizer-lab-org/aurora,[],,Independently approved frozen scientific contract,,,,,blocked_missing_price,COST_ESTIMATE_NOT_FROZEN,,,,scientific_reviewer,"[""scientific_reviewer""]","[""github-user:271768688""]",sha256:14b5266364b2c255d4f5e7796970d192d20d1c1066cd9cbf1f72b02048cfb72e,"{""github-user:271768688"":1}",,,USD,{}
PREV7-0504,sha256:350ce257321b7ae1869b1981488f783b95b9ca6f4af085cc621e936ff3d31416,"Immutable forward proposal, two required approval receipts and non-circular activation record when available, otherwise hashed and attested no-forward decision",G5,P0,Implementer,"[""PREV7-0204"",""PREV7-0503""]",[],sha256:77fcbf54bd29b7661aaa5dae5cf82084db6e8e72d298cb680469fd651ff12fe2,provisional_git_bootstrap,,,"Immutable forward proposal, two required approval receipts and non-circular activation record when available, otherwise hashed and attested no-forward decision",,,,,,,trading-optimizer-lab-org/aurora,[],,"Immutable forward proposal, two required approval receipts and non-circular activation record when available, otherwise hashed and attested no-forward decision",,,,,blocked_missing_price,COST_ESTIMATE_NOT_FROZEN,,,,implementer,"[""implementer""]","[""github-user:271768688""]",sha256:14b5266364b2c255d4f5e7796970d192d20d1c1066cd9cbf1f72b02048cfb72e,"{""github-user:271768688"":1}",,,USD,{}
PREV7-0505,sha256:5c2fd111a71a2802da6bcf0ae9fe986a6a28cb92cd67f45cf9aaeb0e2814d763,Synthetic semantic oracle plus authenticated scientific-reviewer acceptance receipt,G5,P0,Implementer,"[""PREV7-0503""]",[],sha256:77fcbf54bd29b7661aaa5dae5cf82084db6e8e72d298cb680469fd651ff12fe2,provisional_git_bootstrap,,,Synthetic semantic oracle plus authenticated scientific-reviewer acceptance receipt,,,,,,,trading-optimizer-lab-org/aurora,[],,Synthetic semantic oracle plus authenticated scientific-reviewer acceptance receipt,,,,,blocked_missing_price,COST_ESTIMATE_NOT_FROZEN,,,,implementer,"[""implementer""]","[""github-user:271768688""]",sha256:14b5266364b2c255d4f5e7796970d192d20d1c1066cd9cbf1f72b02048cfb72e,"{""github-user:271768688"":1}",,,USD,{}
PREV7-0506,sha256:2870fc0ba40f8daeb954f735cab8e6cf03e5cf525414652375207c7558a75d73,Historical golden baseline,G5,P0,Implementer,"[""PREV7-0306"",""PREV7-0307"",""PREV7-0503""]",[],sha256:77fcbf54bd29b7661aaa5dae5cf82084db6e8e72d298cb680469fd651ff12fe2,provisional_git_bootstrap,,,Historical golden baseline,,,,,,,trading-optimizer-lab-org/aurora,[],,Historical golden baseline,,,,,blocked_missing_price,COST_ESTIMATE_NOT_FROZEN,,,,implementer,"[""implementer""]","[""github-user:271768688""]",sha256:14b5266364b2c255d4f5e7796970d192d20d1c1066cd9cbf1f72b02048cfb72e,"{""github-user:271768688"":1}",,,USD,{}
PREV7-0507,sha256:bddd07d8fbcb0875112649a21c5e1479df8625ea3bf795d9adf43f1b6ba9ad04,Versioned result schemas,G5,P1,Implementer,"[""PREV7-0503""]",[],sha256:77fcbf54bd29b7661aaa5dae5cf82084db6e8e72d298cb680469fd651ff12fe2,provisional_git_bootstrap,,,Versioned result schemas,,,,,,,trading-optimizer-lab-org/aurora,[],,Versioned result schemas,,,,,blocked_missing_price,COST_ESTIMATE_NOT_FROZEN,,,,implementer,"[""implementer""]","[""github-user:271768688""]",sha256:14b5266364b2c255d4f5e7796970d192d20d1c1066cd9cbf1f72b02048cfb72e,"{""github-user:271768688"":1}",,,USD,{}
PREV7-0508,sha256:bf7d665d5329356054cfe4c2905f73f4daa116007552c588620001e9d1860e52,Output-consumer registry and migration tests against the frozen inventory digest and cutoff,G5,P1,Implementer,"[""PREV7-0401"",""PREV7-0507""]",[],sha256:77fcbf54bd29b7661aaa5dae5cf82084db6e8e72d298cb680469fd651ff12fe2,provisional_git_bootstrap,,,Output-consumer registry and migration tests against the frozen inventory digest and cutoff,,,,,,,trading-optimizer-lab-org/aurora,[],,Output-consumer registry and migration tests against the frozen inventory digest and cutoff,,,,,blocked_missing_price,COST_ESTIMATE_NOT_FROZEN,,,,implementer,"[""implementer""]","[""github-user:271768688""]",sha256:14b5266364b2c255d4f5e7796970d192d20d1c1066cd9cbf1f72b02048cfb72e,"{""github-user:271768688"":1}",,,USD,{}
PREV7-0509,sha256:3a29c3352a8b53a095287fcbcaeeea810f47fd1f620f7455c766505143b5d95e,"Permanent output-consumer remediation controller and immutable child-generation registry, accepted by the scientific reviewer; normally done with zero open children",G5,P0,Workflow reviewer,"[""PREV7-0508""]",[],sha256:77fcbf54bd29b7661aaa5dae5cf82084db6e8e72d298cb680469fd651ff12fe2,provisional_git_bootstrap,,,"Permanent output-consumer remediation controller and immutable child-generation registry, accepted by the scientific reviewer; normally done with zero open children",,,,,,,trading-optimizer-lab-org/aurora,[],,"Permanent output-consumer remediation controller and immutable child-generation registry, accepted by the scientific reviewer; normally done with zero open children",,,,,blocked_missing_price,COST_ESTIMATE_NOT_FROZEN,,,,workflow_reviewer,"[""workflow_reviewer""]","[""github-user:271768688""]",sha256:14b5266364b2c255d4f5e7796970d192d20d1c1066cd9cbf1f72b02048cfb72e,"{""github-user:271768688"":1}",,,USD,{}
PREV7-0601,sha256:ae609c19d0400dfe5e9d1ada49a0ace93fbb1f2eb1174eab14c5dc4c4b9e749e,FeatureStore ADR accepted and GTBI modules extracted behind its single authoritative interface,G6A,P1,Implementer,"[""PREV7-0501"",""PREV7-0503""]",[],sha256:77fcbf54bd29b7661aaa5dae5cf82084db6e8e72d298cb680469fd651ff12fe2,provisional_git_bootstrap,,,FeatureStore ADR accepted and GTBI modules extracted behind its single authoritative interface,,,,,,,trading-optimizer-lab-org/aurora,[],,FeatureStore ADR accepted and GTBI modules extracted behind its single authoritative interface,,,,,blocked_missing_price,COST_ESTIMATE_NOT_FROZEN,,,,implementer,"[""implementer""]","[""github-user:271768688""]",sha256:14b5266364b2c255d4f5e7796970d192d20d1c1066cd9cbf1f72b02048cfb72e,"{""github-user:271768688"":1}",,,USD,{}
PREV7-0602,sha256:09bdce10c8cfe7910cbec59b11f657a2d95cc39940fdd60eed857166002df399,Thin CLI wrappers,G6A,P1,Implementer,"[""PREV7-0601""]",[],sha256:77fcbf54bd29b7661aaa5dae5cf82084db6e8e72d298cb680469fd651ff12fe2,provisional_git_bootstrap,,,Thin CLI wrappers,,,,,,,trading-optimizer-lab-org/aurora,[],,Thin CLI wrappers,,,,,blocked_missing_price,COST_ESTIMATE_NOT_FROZEN,,,,implementer,"[""implementer""]","[""github-user:271768688""]",sha256:14b5266364b2c255d4f5e7796970d192d20d1c1066cd9cbf1f72b02048cfb72e,"{""github-user:271768688"":1}",,,USD,{}
PREV7-0603,sha256:081423e6dd2b0094b4ac96a1deb402be2b4b96029ad3170d6298ab0b3c2a1f68,Canonical root-level workflows,G6A,P1,Implementer,"[""PREV7-0205"",""PREV7-0504"",""PREV7-0507"",""PREV7-0602""]",[],sha256:77fcbf54bd29b7661aaa5dae5cf82084db6e8e72d298cb680469fd651ff12fe2,provisional_git_bootstrap,,,Canonical root-level workflows,,,,,,,trading-optimizer-lab-org/aurora,[],,Canonical root-level workflows,,,,,blocked_missing_price,COST_ESTIMATE_NOT_FROZEN,,,,implementer,"[""implementer""]","[""github-user:271768688""]",sha256:14b5266364b2c255d4f5e7796970d192d20d1c1066cd9cbf1f72b02048cfb72e,"{""github-user:271768688"":1}",,,USD,{}
PREV7-0604,sha256:b4f5f7f2888fce631b5ffcb3e9070536f0b0277af3082a6b167bd002390af701,Central GitHub-only execution guard,G6A,P0,Implementer,"[""PREV7-0504"",""PREV7-0602""]",[],sha256:77fcbf54bd29b7661aaa5dae5cf82084db6e8e72d298cb680469fd651ff12fe2,provisional_git_bootstrap,,,Central GitHub-only execution guard,,,,,,,trading-optimizer-lab-org/aurora,[],,Central GitHub-only execution guard,,,,,blocked_missing_price,COST_ESTIMATE_NOT_FROZEN,,,,implementer,"[""implementer""]","[""github-user:271768688""]",sha256:14b5266364b2c255d4f5e7796970d192d20d1c1066cd9cbf1f72b02048cfb72e,"{""github-user:271768688"":1}",,,USD,{}
PREV7-0605,sha256:442fa101cbcc08c09df57ea84a0a8707b50b4c3002f41ca45f08b9ed3fc70b14,"Deterministic one/two/four-worker execution, registered scientific-numerical semantics, approved execution-profile registry and byte-equivalence policy/report selected from the frozen representative baseline",G6A,P1,Implementer,"[""PREV7-0505"",""PREV7-0506"",""PREV7-0507"",""PREV7-0601"",""PREV7-0609""]",[],sha256:77fcbf54bd29b7661aaa5dae5cf82084db6e8e72d298cb680469fd651ff12fe2,provisional_git_bootstrap,,,"Deterministic one/two/four-worker execution, registered scientific-numerical semantics, approved execution-profile registry and byte-equivalence policy/report selected from the frozen representative baseline",,,,,,,trading-optimizer-lab-org/aurora,[],,"Deterministic one/two/four-worker execution, registered scientific-numerical semantics, approved execution-profile registry and byte-equivalence policy/report selected from the frozen representative baseline",,,,,blocked_missing_price,COST_ESTIMATE_NOT_FROZEN,,,,implementer,"[""implementer""]","[""github-user:271768688""]",sha256:14b5266364b2c255d4f5e7796970d192d20d1c1066cd9cbf1f72b02048cfb72e,"{""github-user:271768688"":1}",,,USD,{}
PREV7-0606,sha256:4a8de2033693243fd0cd002da40898d10e132e6336ce52730a8bde02ef8e7609,Equivalent event-first optimizations selected from the frozen representative baseline profile,G6A,P1,Implementer,"[""PREV7-0505"",""PREV7-0506"",""PREV7-0507"",""PREV7-0601"",""PREV7-0609""]",[],sha256:77fcbf54bd29b7661aaa5dae5cf82084db6e8e72d298cb680469fd651ff12fe2,provisional_git_bootstrap,,,Equivalent event-first optimizations selected from the frozen representative baseline profile,,,,,,,trading-optimizer-lab-org/aurora,[],,Equivalent event-first optimizations selected from the frozen representative baseline profile,,,,,blocked_missing_price,COST_ESTIMATE_NOT_FROZEN,,,,implementer,"[""implementer""]","[""github-user:271768688""]",sha256:14b5266364b2c255d4f5e7796970d192d20d1c1066cd9cbf1f72b02048cfb72e,"{""github-user:271768688"":1}",,,USD,{}
PREV7-0607,sha256:12f80cb44c562c762e6ce1cd1e30ba6a092380c0633637aaea91f71949afd36e,"Benchmarked candidate-major/symbol-major/hybrid physical tiling, exact pair-set coverage, cost scheduling, execution plan/profile assignment and durable checkpoints",G6A,P1,Implementer,"[""PREV7-0603"",""PREV7-0605"",""PREV7-0606"",""PREV7-0609""]",[],sha256:77fcbf54bd29b7661aaa5dae5cf82084db6e8e72d298cb680469fd651ff12fe2,provisional_git_bootstrap,,,"Benchmarked candidate-major/symbol-major/hybrid physical tiling, exact pair-set coverage, cost scheduling, execution plan/profile assignment and durable checkpoints",,,,,,,trading-optimizer-lab-org/aurora,[],,"Benchmarked candidate-major/symbol-major/hybrid physical tiling, exact pair-set coverage, cost scheduling, execution plan/profile assignment and durable checkpoints",,,,,blocked_missing_price,COST_ESTIMATE_NOT_FROZEN,,,,implementer,"[""implementer""]","[""github-user:271768688""]",sha256:14b5266364b2c255d4f5e7796970d192d20d1c1066cd9cbf1f72b02048cfb72e,"{""github-user:271768688"":1}",,,USD,{}
PREV7-0608,sha256:fc80b7f104bb3f98ffaf4f25de4bdf1ac802edbf430539935f85347b3f0bdfc5,"Hierarchical deterministic fragment reduction/merge with exact global/tile/bundle pair-set closure, complete execution/hardware profile maps and canonical timing attribution, plus protected `gtbi-v7-package-close.yml`, its registration check and task-delivery-manifest mapping",G6A,P1,Implementer,"[""PREV7-0507"",""PREV7-0603"",""PREV7-0607""]",[],sha256:77fcbf54bd29b7661aaa5dae5cf82084db6e8e72d298cb680469fd651ff12fe2,provisional_git_bootstrap,,,"Hierarchical deterministic fragment reduction/merge with exact global/tile/bundle pair-set closure, complete execution/hardware profile maps and canonical timing attribution, plus protected `gtbi-v7-package-close.yml`, its registration check and task-delivery-manifest mapping",,,,,,,trading-optimizer-lab-org/aurora,[],,"Hierarchical deterministic fragment reduction/merge with exact global/tile/bundle pair-set closure, complete execution/hardware profile maps and canonical timing attribution, plus protected `gtbi-v7-package-close.yml`, its registration check and task-delivery-manifest mapping",,,,,blocked_missing_price,COST_ESTIMATE_NOT_FROZEN,,,,implementer,"[""implementer""]","[""github-user:271768688""]",sha256:14b5266364b2c255d4f5e7796970d192d20d1c1066cd9cbf1f72b02048cfb72e,"{""github-user:271768688"":1}",,,USD,{}
PREV7-0609,sha256:d8047c97e179bd456ea0974221c09d4776ad5adc5668f09b09cbb01958c31080,"Baseline runtime/scientific instrumentation, source/workflow identity manifests, approved hardware-profile registry, runtime-threadpool observation and canonical-attribution schemas, representative cost/profile evidence and frozen optimization evidence; post-optimization telemetry equivalence is accepted later by PREV7-0703",G6A,P1,Implementer,"[""PREV7-0601"",""PREV7-0603""]",[],sha256:77fcbf54bd29b7661aaa5dae5cf82084db6e8e72d298cb680469fd651ff12fe2,provisional_git_bootstrap,,,"Baseline runtime/scientific instrumentation, source/workflow identity manifests, approved hardware-profile registry, runtime-threadpool observation and canonical-attribution schemas, representative cost/profile evidence and frozen optimization evidence; post-optimization telemetry equivalence is accepted later by PREV7-0703",,,,,,,trading-optimizer-lab-org/aurora,[],,"Baseline runtime/scientific instrumentation, source/workflow identity manifests, approved hardware-profile registry, runtime-threadpool observation and canonical-attribution schemas, representative cost/profile evidence and frozen optimization evidence; post-optimization telemetry equivalence is accepted later by PREV7-0703",,,,,blocked_missing_price,COST_ESTIMATE_NOT_FROZEN,,,,implementer,"[""implementer""]","[""github-user:271768688""]",sha256:14b5266364b2c255d4f5e7796970d192d20d1c1066cd9cbf1f72b02048cfb72e,"{""github-user:271768688"":1}",,,USD,{}
PREV7-0610,sha256:6264b2d962f2164e3e938567ad52ad7a4e4ed50d2c3687a39467e0c724b5cb5a,"Reproducible source deadman, broker, authoritative attempt/lease registries, monitoring, exact root/payer/key-custodian/witness receipts, restore and teardown proof",G6B,P0,Source deadman operator,"[""G3B"",""PREV7-0204"",""PREV7-0207"",""PREV7-0209"",""PREV7-0309"",""PREV7-0603"",""PREV7-0607"",""PREV7-0609""]",[],sha256:77fcbf54bd29b7661aaa5dae5cf82084db6e8e72d298cb680469fd651ff12fe2,provisional_git_bootstrap,,,"Reproducible source deadman, broker, authoritative attempt/lease registries, monitoring, exact root/payer/key-custodian/witness receipts, restore and teardown proof",,,,,,,trading-optimizer-lab-org/aurora,[],,"Reproducible source deadman, broker, authoritative attempt/lease registries, monitoring, exact root/payer/key-custodian/witness receipts, restore and teardown proof",,,,,blocked_missing_price,COST_ESTIMATE_NOT_FROZEN,,,,source_deadman_operator,"[""source_deadman_operator""]","[""github-user:271768688""]",sha256:14b5266364b2c255d4f5e7796970d192d20d1c1066cd9cbf1f72b02048cfb72e,"{""github-user:271768688"":1}",,,USD,{}
PREV7-0611,sha256:4d98d4cb607feb310e8a11f100ee644eeb42cb32aa8a01453248adcc76fda220,"Independently administered destination deadman, broker, lease registry, monitoring, exact root/payer/key-custodian/witness receipts, restore and teardown proof",G6B,P0,Destination deadman operator,"[""G3B"",""PREV7-0207"",""PREV7-0209"",""PREV7-0308"",""PREV7-0309"",""PREV7-0603"",""PREV7-0607"",""PREV7-0609""]",[],sha256:77fcbf54bd29b7661aaa5dae5cf82084db6e8e72d298cb680469fd651ff12fe2,provisional_git_bootstrap,,,"Independently administered destination deadman, broker, lease registry, monitoring, exact root/payer/key-custodian/witness receipts, restore and teardown proof",,,,,,,trading-optimizer-lab-org/aurora,[],,"Independently administered destination deadman, broker, lease registry, monitoring, exact root/payer/key-custodian/witness receipts, restore and teardown proof",,,,,blocked_missing_price,COST_ESTIMATE_NOT_FROZEN,,,,destination_deadman_operator,"[""destination_deadman_operator""]","[""github-user:271768688""]",sha256:14b5266364b2c255d4f5e7796970d192d20d1c1066cd9cbf1f72b02048cfb72e,"{""github-user:271768688"":1}",,,USD,{}
PREV7-0701,sha256:7cfd946d8e7c7f1beefe56323acfb03fc300badf794cca900c23d077a7a298b3,Required credential-free synthetic CI suite,G7,P0,Implementer,"[""PREV7-0601"",""PREV7-0602"",""PREV7-0603"",""PREV7-0604"",""PREV7-0605"",""PREV7-0606"",""PREV7-0607"",""PREV7-0608"",""PREV7-0609""]",[],sha256:77fcbf54bd29b7661aaa5dae5cf82084db6e8e72d298cb680469fd651ff12fe2,provisional_git_bootstrap,,,Required credential-free synthetic CI suite,,,,,,,trading-optimizer-lab-org/aurora,[],,Required credential-free synthetic CI suite,,,,,blocked_missing_price,COST_ESTIMATE_NOT_FROZEN,,,,implementer,"[""implementer""]","[""github-user:271768688""]",sha256:14b5266364b2c255d4f5e7796970d192d20d1c1066cd9cbf1f72b02048cfb72e,"{""github-user:271768688"":1}",,,USD,{}
PREV7-0702,sha256:6770b0213066d0cd0f57d91fe88b7b90d6c6b43f855b83e1dd6a3a24c8f7751b,Equivalence proof on the authorized G7 validation repository,G7,P0,Implementer,"[""PREV7-0505"",""PREV7-0506"",""PREV7-0701"",""PREV7-0713"",""PREV7-0715""]",[],sha256:77fcbf54bd29b7661aaa5dae5cf82084db6e8e72d298cb680469fd651ff12fe2,provisional_git_bootstrap,,,Equivalence proof on the authorized G7 validation repository,,,,,,,trading-optimizer-lab-org/aurora,[],,Equivalence proof on the authorized G7 validation repository,,,,,blocked_missing_price,COST_ESTIMATE_NOT_FROZEN,,,,implementer,"[""implementer""]","[""github-user:271768688""]",sha256:14b5266364b2c255d4f5e7796970d192d20d1c1066cd9cbf1f72b02048cfb72e,"{""github-user:271768688"":1}",,,USD,{}
PREV7-0703,sha256:0b595df167d9820f8f6220c2da204139484aa78b433746e01d37861192282c06,"One, two and four worker benchmark",G7,P1,Implementer,"[""PREV7-0702"",""PREV7-0713""]",[],sha256:77fcbf54bd29b7661aaa5dae5cf82084db6e8e72d298cb680469fd651ff12fe2,provisional_git_bootstrap,,,"One, two and four worker benchmark",,,,,,,trading-optimizer-lab-org/aurora,[],,"One, two and four worker benchmark",,,,,blocked_missing_price,COST_ESTIMATE_NOT_FROZEN,,,,implementer,"[""implementer""]","[""github-user:271768688""]",sha256:14b5266364b2c255d4f5e7796970d192d20d1c1066cd9cbf1f72b02048cfb72e,"{""github-user:271768688"":1}",,,USD,{}
PREV7-0704,sha256:1d02d94adf18827dbc82f8b5a7dde040934d61975301a398ed0aaaeecf4d5c27,Ordered recovery-then-merge-only proof with distinct immutable phase receipts,G7,P1,Implementer,"[""PREV7-0603"",""PREV7-0607"",""PREV7-0608"",""PREV7-0703"",""PREV7-0713"",""PREV7-0715""]",[],sha256:77fcbf54bd29b7661aaa5dae5cf82084db6e8e72d298cb680469fd651ff12fe2,provisional_git_bootstrap,,,Ordered recovery-then-merge-only proof with distinct immutable phase receipts,,,,,,,trading-optimizer-lab-org/aurora,[],,Ordered recovery-then-merge-only proof with distinct immutable phase receipts,,,,,blocked_missing_price,COST_ESTIMATE_NOT_FROZEN,,,,implementer,"[""implementer""]","[""github-user:271768688""]",sha256:14b5266364b2c255d4f5e7796970d192d20d1c1066cd9cbf1f72b02048cfb72e,"{""github-user:271768688"":1}",,,USD,{}
PREV7-0705,sha256:00b7f29a5252948ce18b0c39d32d15c5fe93cac6845deaf7f370d97a29190fa8,Fault-injection proof plus exact G7 ephemeral-key handoff runtime receipt,G7,P1,Implementer,"[""PREV7-0308"",""PREV7-0610"",""PREV7-0611"",""PREV7-0704"",""PREV7-0713""]",[],sha256:77fcbf54bd29b7661aaa5dae5cf82084db6e8e72d298cb680469fd651ff12fe2,provisional_git_bootstrap,,,Fault-injection proof plus exact G7 ephemeral-key handoff runtime receipt,,,,,,,trading-optimizer-lab-org/aurora,[],,Fault-injection proof plus exact G7 ephemeral-key handoff runtime receipt,,,,,blocked_missing_price,COST_ESTIMATE_NOT_FROZEN,,,,implementer,"[""implementer""]","[""github-user:271768688""]",sha256:14b5266364b2c255d4f5e7796970d192d20d1c1066cd9cbf1f72b02048cfb72e,"{""github-user:271768688"":1}",,,USD,{}
PREV7-0706,sha256:2e0fd35ad714a7e34ac391b661f890445f68f783d350774a94ff4ff585185673,Canonical smoke,G7,P0,Implementer,"[""PREV7-0702"",""PREV7-0703"",""PREV7-0704"",""PREV7-0705""]",[],sha256:77fcbf54bd29b7661aaa5dae5cf82084db6e8e72d298cb680469fd651ff12fe2,provisional_git_bootstrap,,,Canonical smoke,,,,,,,trading-optimizer-lab-org/aurora,[],,Canonical smoke,,,,,blocked_missing_price,COST_ESTIMATE_NOT_FROZEN,,,,implementer,"[""implementer""]","[""github-user:271768688""]",sha256:14b5266364b2c255d4f5e7796970d192d20d1c1066cd9cbf1f72b02048cfb72e,"{""github-user:271768688"":1}",,,USD,{}
PREV7-0707,sha256:07808e2355ed028dfef1004ba08f89a4a86704d7900f1598d76840fb6ff76733,360-job capacity smoke,G7,P1,Implementer,"[""PREV7-0706"",""PREV7-0713""]",[],sha256:77fcbf54bd29b7661aaa5dae5cf82084db6e8e72d298cb680469fd651ff12fe2,provisional_git_bootstrap,,,360-job capacity smoke,,,,,,,trading-optimizer-lab-org/aurora,[],,360-job capacity smoke,,,,,blocked_missing_price,COST_ESTIMATE_NOT_FROZEN,,,,implementer,"[""implementer""]","[""github-user:271768688""]",sha256:14b5266364b2c255d4f5e7796970d192d20d1c1066cd9cbf1f72b02048cfb72e,"{""github-user:271768688"":1}",,,USD,{}
PREV7-0708,sha256:91fa39233f09bd7bf9c24d4425e341ead06302a582de68ff48297a5d919e5b79,"Full-scale encrypted transport, segmented replication, reverse-recovery and hierarchical-merge smoke",G7,P0,Implementer,"[""PREV7-0308"",""PREV7-0610"",""PREV7-0611"",""PREV7-0707""]",[],sha256:77fcbf54bd29b7661aaa5dae5cf82084db6e8e72d298cb680469fd651ff12fe2,provisional_git_bootstrap,,,"Full-scale encrypted transport, segmented replication, reverse-recovery and hierarchical-merge smoke",,,,,,,trading-optimizer-lab-org/aurora,[],,"Full-scale encrypted transport, segmented replication, reverse-recovery and hierarchical-merge smoke",,,,,blocked_missing_price,COST_ESTIMATE_NOT_FROZEN,,,,implementer,"[""implementer""]","[""github-user:271768688""]",sha256:14b5266364b2c255d4f5e7796970d192d20d1c1066cd9cbf1f72b02048cfb72e,"{""github-user:271768688"":1}",,,USD,{}
PREV7-0710,sha256:535cf330220c27f8eeb3989a32bca48801f13e5a09b40756f77e6bbd51204ad1,Source-account and source external-control billing authorization and reservation for every real G7 smoke,G7,P0,Repository owner,"[""PREV7-0309"",""PREV7-0701"",""PREV7-0711""]",[],sha256:77fcbf54bd29b7661aaa5dae5cf82084db6e8e72d298cb680469fd651ff12fe2,provisional_git_bootstrap,,,Source-account and source external-control billing authorization and reservation for every real G7 smoke,,,,,,,trading-optimizer-lab-org/aurora,[],,Source-account and source external-control billing authorization and reservation for every real G7 smoke,,,,,blocked_missing_price,COST_ESTIMATE_NOT_FROZEN,,,,repository_owner,"[""repository_owner""]","[""github-user:271768688""]",sha256:14b5266364b2c255d4f5e7796970d192d20d1c1066cd9cbf1f72b02048cfb72e,"{""github-user:271768688"":1}",,,USD,{}
PREV7-0711,sha256:8dc1b6abb22b97f9937be5e47202f1fdec12cf38c4b36f8447bb80cee180cab8,"Disposable G7 validation repository created interactively by the owner in the isolated campaign organization from the approved template, then independently attested by immutable repository ID; first real G7 resource after full governance",G7,P0,Repository owner,"[""G6B"",""PREV7-0309"",""PREV7-0701""]",[],sha256:77fcbf54bd29b7661aaa5dae5cf82084db6e8e72d298cb680469fd651ff12fe2,provisional_git_bootstrap,,,"Disposable G7 validation repository created interactively by the owner in the isolated campaign organization from the approved template, then independently attested by immutable repository ID; first real G7 resource after full governance",,,,,,,trading-optimizer-lab-org/aurora,[],,"Disposable G7 validation repository created interactively by the owner in the isolated campaign organization from the approved template, then independently attested by immutable repository ID; first real G7 resource after full governance",,,,,blocked_missing_price,COST_ESTIMATE_NOT_FROZEN,,,,repository_owner,"[""repository_owner""]","[""github-user:271768688""]",sha256:14b5266364b2c255d4f5e7796970d192d20d1c1066cd9cbf1f72b02048cfb72e,"{""github-user:271768688"":1}",,,USD,{}
PREV7-0712,sha256:0f853619fc894f96082da82ef65daebcf98928e374ebb22a8c949dd23b3d725e,Destination-account and destination external-control billing authorization and reservation for every real G7 smoke,G7,P0,Independent disaster-copy owner,"[""PREV7-0308"",""PREV7-0309"",""PREV7-0701"",""PREV7-0711""]",[],sha256:77fcbf54bd29b7661aaa5dae5cf82084db6e8e72d298cb680469fd651ff12fe2,provisional_git_bootstrap,,,Destination-account and destination external-control billing authorization and reservation for every real G7 smoke,,,,,,,trading-optimizer-lab-org/aurora,[],,Destination-account and destination external-control billing authorization and reservation for every real G7 smoke,,,,,blocked_missing_price,COST_ESTIMATE_NOT_FROZEN,,,,independent_disaster_copy_owner,"[""independent_disaster_copy_owner""]","[""github-user:271768688""]",sha256:14b5266364b2c255d4f5e7796970d192d20d1c1066cd9cbf1f72b02048cfb72e,"{""github-user:271768688"":1}",,,USD,{}
PREV7-0713,sha256:a42d80b69aa02c09f64c6f91a55f808ac1d39c905532ab5ace5be9ec5924f0f4,"Consolidated G7 budget, FX and exact repository/workload receipt set with no missing or duplicate billing domain",G7,P0,Licence and acceptable-use reviewer,"[""PREV7-0710"",""PREV7-0712""]",[],sha256:77fcbf54bd29b7661aaa5dae5cf82084db6e8e72d298cb680469fd651ff12fe2,provisional_git_bootstrap,,,"Consolidated G7 budget, FX and exact repository/workload receipt set with no missing or duplicate billing domain",,,,,,,trading-optimizer-lab-org/aurora,[],,"Consolidated G7 budget, FX and exact repository/workload receipt set with no missing or duplicate billing domain",,,,,blocked_missing_price,COST_ESTIMATE_NOT_FROZEN,,,,licence_and_acceptable_use_reviewer,"[""licence_and_acceptable_use_reviewer""]","[""github-user:271768688""]",sha256:14b5266364b2c255d4f5e7796970d192d20d1c1066cd9cbf1f72b02048cfb72e,"{""github-user:271768688"":1}",,,USD,{}
PREV7-0714,sha256:51a991b14507145e4c08dfdb290bada8fe4086e5506c7494ba5a34d100cc2a8a,"Terminal current-generation G7 validation cleanup after the G7 attempt is terminal, its dispatch registry is closed and every admitted operation is terminal, or after matching source/destination-owner formal-abandonment receipts; all leases/credentials/tenants revoked and repository deny-all",G7,P0,Repository owner,"[""PREV7-0711"",""PREV7-0713"",""PREV7-0715""]",[],sha256:77fcbf54bd29b7661aaa5dae5cf82084db6e8e72d298cb680469fd651ff12fe2,provisional_git_bootstrap,,,"Terminal current-generation G7 validation cleanup after the G7 attempt is terminal, its dispatch registry is closed and every admitted operation is terminal, or after matching source/destination-owner formal-abandonment receipts; all leases/credentials/tenants revoked and repository deny-all",,,,,,,trading-optimizer-lab-org/aurora,[],,"Terminal current-generation G7 validation cleanup after the G7 attempt is terminal, its dispatch registry is closed and every admitted operation is terminal, or after matching source/destination-owner formal-abandonment receipts; all leases/credentials/tenants revoked and repository deny-all",,,,,blocked_missing_price,COST_ESTIMATE_NOT_FROZEN,,,,repository_owner,"[""repository_owner""]","[""github-user:271768688""]",sha256:14b5266364b2c255d4f5e7796970d192d20d1c1066cd9cbf1f72b02048cfb72e,"{""github-user:271768688"":1}",,,USD,{}
PREV7-0715,sha256:b67ede1435c2820c0f745aadb92a570e909d6b339b6cd8cfe189d8f0248ef344,"Append-only `G7_ATTEMPT-n` controller with per-attempt authorization, budget, keys, leases, evidence and terminal cleanup generation",G7,P0,Repository owner,"[""PREV7-0711"",""PREV7-0713""]",[],sha256:77fcbf54bd29b7661aaa5dae5cf82084db6e8e72d298cb680469fd651ff12fe2,provisional_git_bootstrap,,,"Append-only `G7_ATTEMPT-n` controller with per-attempt authorization, budget, keys, leases, evidence and terminal cleanup generation",,,,,,,trading-optimizer-lab-org/aurora,[],,"Append-only `G7_ATTEMPT-n` controller with per-attempt authorization, budget, keys, leases, evidence and terminal cleanup generation",,,,,blocked_missing_price,COST_ESTIMATE_NOT_FROZEN,,,,repository_owner,"[""repository_owner""]","[""github-user:271768688""]",sha256:14b5266364b2c255d4f5e7796970d192d20d1c1066cd9cbf1f72b02048cfb72e,"{""github-user:271768688"":1}",,,USD,{}
PREV7-0800,sha256:bf5512121db340d01d41770962f612a89052deb67e9cc023260bfb28474f5b01,"V7 implementation merged by protected PR, then revalidated on the merged SHA through a fresh immutable G7 attempt with terminal cleanup receipt",G8,P0,Workflow reviewer,"[""G7"",""PREV7-0207"",""PREV7-0708"",""PREV7-0714"",""PREV7-0814""]",[],sha256:77fcbf54bd29b7661aaa5dae5cf82084db6e8e72d298cb680469fd651ff12fe2,provisional_git_bootstrap,,,"V7 implementation merged by protected PR, then revalidated on the merged SHA through a fresh immutable G7 attempt with terminal cleanup receipt",,,,,,,trading-optimizer-lab-org/aurora,[],,"V7 implementation merged by protected PR, then revalidated on the merged SHA through a fresh immutable G7 attempt with terminal cleanup receipt",,,,,blocked_missing_price,COST_ESTIMATE_NOT_FROZEN,,,,workflow_reviewer,"[""workflow_reviewer""]","[""github-user:271768688""]",sha256:14b5266364b2c255d4f5e7796970d192d20d1c1066cd9cbf1f72b02048cfb72e,"{""github-user:271768688"":1}",,,USD,{}
PREV7-0801,sha256:c6513a692737a533e8177a12ec6d34f9154f19bcbe453bab89cf7ca96e9ff880,"Go/no-go evidence bundle bound to the current role-registry digest plus independent redaction-review receipt, including execution identity, monetary authorizations, owner installation and independent-restore receipts",G8,P0,Implementer,"[""G0"",""G1A"",""G1B"",""G2"",""G3A"",""G3B"",""G4"",""G5"",""G6A"",""G6B"",""G7"",""PREV7-0310"",""PREV7-0808"",""PREV7-0810"",""PREV7-0813""]",[],sha256:77fcbf54bd29b7661aaa5dae5cf82084db6e8e72d298cb680469fd651ff12fe2,provisional_git_bootstrap,,,"Go/no-go evidence bundle bound to the current role-registry digest plus independent redaction-review receipt, including execution identity, monetary authorizations, owner installation and independent-restore receipts",,,,,,,trading-optimizer-lab-org/aurora,[],,"Go/no-go evidence bundle bound to the current role-registry digest plus independent redaction-review receipt, including execution identity, monetary authorizations, owner installation and independent-restore receipts",,,,,blocked_missing_price,COST_ESTIMATE_NOT_FROZEN,,,,implementer,"[""implementer""]","[""github-user:271768688""]",sha256:14b5266364b2c255d4f5e7796970d192d20d1c1066cd9cbf1f72b02048cfb72e,"{""github-user:271768688"":1}",,,USD,{}
PREV7-0802,sha256:72f49c18bf591dd0e5496f3915781c497759d6a0c1834aa83bea7ebd4e66a62d,Scientific sign-off on exact runbook-core digest,G8,P0,Scientific reviewer,"[""PREV7-0801"",""PREV7-0805""]",[],sha256:77fcbf54bd29b7661aaa5dae5cf82084db6e8e72d298cb680469fd651ff12fe2,provisional_git_bootstrap,,,Scientific sign-off on exact runbook-core digest,,,,,,,trading-optimizer-lab-org/aurora,[],,Scientific sign-off on exact runbook-core digest,,,,,blocked_missing_price,COST_ESTIMATE_NOT_FROZEN,,,,scientific_reviewer,"[""scientific_reviewer""]","[""github-user:271768688""]",sha256:14b5266364b2c255d4f5e7796970d192d20d1c1066cd9cbf1f72b02048cfb72e,"{""github-user:271768688"":1}",,,USD,{}
PREV7-0803,sha256:755980dedb4e5b8525a5763d68825a62f3d87834bf83ecac87209f0239b25515,Operational sign-off on exact runbook-core digest,G8,P0,Workflow reviewer,"[""PREV7-0801"",""PREV7-0805""]",[],sha256:77fcbf54bd29b7661aaa5dae5cf82084db6e8e72d298cb680469fd651ff12fe2,provisional_git_bootstrap,,,Operational sign-off on exact runbook-core digest,,,,,,,trading-optimizer-lab-org/aurora,[],,Operational sign-off on exact runbook-core digest,,,,,blocked_missing_price,COST_ESTIMATE_NOT_FROZEN,,,,workflow_reviewer,"[""workflow_reviewer""]","[""github-user:271768688""]",sha256:14b5266364b2c255d4f5e7796970d192d20d1c1066cd9cbf1f72b02048cfb72e,"{""github-user:271768688"":1}",,,USD,{}
PREV7-0804,sha256:45909982a89fe1cb30b77e7028bc08454e71964310501322c3c194ff3ccb973f,Explicit authorization receipt and immutable authorization envelope for the exact runbook core and security approval,G8,P0,Repository owner,"[""PREV7-0802"",""PREV7-0803"",""PREV7-0805"",""PREV7-0809"",""PREV7-0816""]",[],sha256:77fcbf54bd29b7661aaa5dae5cf82084db6e8e72d298cb680469fd651ff12fe2,provisional_git_bootstrap,,,Explicit authorization receipt and immutable authorization envelope for the exact runbook core and security approval,,,,,,,trading-optimizer-lab-org/aurora,[],,Explicit authorization receipt and immutable authorization envelope for the exact runbook core and security approval,,,,,blocked_missing_price,COST_ESTIMATE_NOT_FROZEN,,,,repository_owner,"[""repository_owner""]","[""github-user:271768688""]",sha256:14b5266364b2c255d4f5e7796970d192d20d1c1066cd9cbf1f72b02048cfb72e,"{""github-user:271768688"":1}",,,USD,{}
PREV7-0805,sha256:303284d2679de3d56f6ac20e3ce81e29f092800cee0ec5dd3caa8c8992985afe,"Immutable proposed full-run runbook core, exact source/destination key-broker custodian operation receipts and digest",G8,P0,Implementer,"[""PREV7-0308"",""PREV7-0309"",""PREV7-0610"",""PREV7-0611"",""PREV7-0801""]",[],sha256:77fcbf54bd29b7661aaa5dae5cf82084db6e8e72d298cb680469fd651ff12fe2,provisional_git_bootstrap,,,"Immutable proposed full-run runbook core, exact source/destination key-broker custodian operation receipts and digest",,,,,,,trading-optimizer-lab-org/aurora,[],,"Immutable proposed full-run runbook core, exact source/destination key-broker custodian operation receipts and digest",,,,,blocked_missing_price,COST_ESTIMATE_NOT_FROZEN,,,,implementer,"[""implementer""]","[""github-user:271768688""]",sha256:14b5266364b2c255d4f5e7796970d192d20d1c1066cd9cbf1f72b02048cfb72e,"{""github-user:271768688"":1}",,,USD,{}
PREV7-0806,sha256:1d31b3fac09ceacf9b049b75fe2ee4f692265cf8aa3c2e17fc0016ca44da9990,Approved full campaign executed only after revalidating the current G8 attempt/condition/evidence and consuming the immutable dispatch capsule,G9,P0,Implementer,"[""G8"",""PREV7-0805"",""PREV7-0807""]",[],sha256:77fcbf54bd29b7661aaa5dae5cf82084db6e8e72d298cb680469fd651ff12fe2,provisional_git_bootstrap,,,Approved full campaign executed only after revalidating the current G8 attempt/condition/evidence and consuming the immutable dispatch capsule,,,,,,,trading-optimizer-lab-org/aurora,[],,Approved full campaign executed only after revalidating the current G8 attempt/condition/evidence and consuming the immutable dispatch capsule,,,,,blocked_missing_price,COST_ESTIMATE_NOT_FROZEN,,,,implementer,"[""implementer""]","[""github-user:271768688""]",sha256:14b5266364b2c255d4f5e7796970d192d20d1c1066cd9cbf1f72b02048cfb72e,"{""github-user:271768688"":1}",,,USD,{}
PREV7-0807,sha256:8678dc4123f0fe247e5a0185a3835a32af55fe04953abfda8b1d59ad5684c922,"Final authorization/evidence sync to independent destination, restore proof and immutable dispatch capsule bound to the exact current G8 preauthorization attempt",G8,P0,Independent disaster-copy owner,"[""PREV7-0310"",""PREV7-0804""]",[],sha256:77fcbf54bd29b7661aaa5dae5cf82084db6e8e72d298cb680469fd651ff12fe2,provisional_git_bootstrap,,,"Final authorization/evidence sync to independent destination, restore proof and immutable dispatch capsule bound to the exact current G8 preauthorization attempt",,,,,,,trading-optimizer-lab-org/aurora,[],,"Final authorization/evidence sync to independent destination, restore proof and immutable dispatch capsule bound to the exact current G8 preauthorization attempt",,,,,blocked_missing_price,COST_ESTIMATE_NOT_FROZEN,,,,independent_disaster_copy_owner,"[""independent_disaster_copy_owner""]","[""github-user:271768688""]",sha256:14b5266364b2c255d4f5e7796970d192d20d1c1066cd9cbf1f72b02048cfb72e,"{""github-user:271768688"":1}",,,USD,{}
PREV7-0808,sha256:60db74681ac70d1ffeb4e9b6b0a1645fef2da95aa26be292ff70ac0bc1f6054e,"Owner-completed disposable campaign repository, source-App installation and destination-installation ceremony receipts",G8,P0,Repository owner,"[""PREV7-0204"",""PREV7-0308"",""PREV7-0800"",""PREV7-0814"",""PREV7-0815""]",[],sha256:77fcbf54bd29b7661aaa5dae5cf82084db6e8e72d298cb680469fd651ff12fe2,provisional_git_bootstrap,,,"Owner-completed disposable campaign repository, source-App installation and destination-installation ceremony receipts",,,,,,,trading-optimizer-lab-org/aurora,[],,"Owner-completed disposable campaign repository, source-App installation and destination-installation ceremony receipts",,,,,blocked_missing_price,COST_ESTIMATE_NOT_FROZEN,,,,repository_owner,"[""repository_owner""]","[""github-user:271768688""]",sha256:14b5266364b2c255d4f5e7796970d192d20d1c1066cd9cbf1f72b02048cfb72e,"{""github-user:271768688"":1}",,,USD,{}
PREV7-0809,sha256:9ba28b22b18a6f9a7a74f4940597a30be54705c0c215e3eb66f589b03551ac6a,Exact-workload acceptable-use approval receipt bound to the runbook-core digest,G8,P0,Licence and acceptable-use reviewer,"[""PREV7-0309"",""PREV7-0805""]",[],sha256:77fcbf54bd29b7661aaa5dae5cf82084db6e8e72d298cb680469fd651ff12fe2,provisional_git_bootstrap,,,Exact-workload acceptable-use approval receipt bound to the runbook-core digest,,,,,,,trading-optimizer-lab-org/aurora,[],,Exact-workload acceptable-use approval receipt bound to the runbook-core digest,,,,,blocked_missing_price,COST_ESTIMATE_NOT_FROZEN,,,,licence_and_acceptable_use_reviewer,"[""licence_and_acceptable_use_reviewer""]","[""github-user:271768688""]",sha256:14b5266364b2c255d4f5e7796970d192d20d1c1066cd9cbf1f72b02048cfb72e,"{""github-user:271768688"":1}",,,USD,{}
PREV7-0810,sha256:32f8fbbfe9ee6432b1569c8d61cf3576dcd384e2e876ff95dd950bad46f5f8b1,"Exact reviewed execution bundle committed once in the campaign repository, with immutable commit/tree/mapping identity",G8,P0,Implementer,"[""PREV7-0808""]",[],sha256:77fcbf54bd29b7661aaa5dae5cf82084db6e8e72d298cb680469fd651ff12fe2,provisional_git_bootstrap,,,"Exact reviewed execution bundle committed once in the campaign repository, with immutable commit/tree/mapping identity",,,,,,,trading-optimizer-lab-org/aurora,[],,"Exact reviewed execution bundle committed once in the campaign repository, with immutable commit/tree/mapping identity",,,,,blocked_missing_price,COST_ESTIMATE_NOT_FROZEN,,,,implementer,"[""implementer""]","[""github-user:271768688""]",sha256:14b5266364b2c255d4f5e7796970d192d20d1c1066cd9cbf1f72b02048cfb72e,"{""github-user:271768688"":1}",,,USD,{}
PREV7-0811,sha256:9f681d9fee19a2b85c2c748d1a71f33a6c68cfb7faba890c5e156ddc5eeba85f,Exact full source-account and source external-control monetary authorization and reservation,G8,P0,Repository owner,"[""PREV7-0309"",""PREV7-0708"",""PREV7-0810""]",[],sha256:77fcbf54bd29b7661aaa5dae5cf82084db6e8e72d298cb680469fd651ff12fe2,provisional_git_bootstrap,,,Exact full source-account and source external-control monetary authorization and reservation,,,,,,,trading-optimizer-lab-org/aurora,[],,Exact full source-account and source external-control monetary authorization and reservation,,,,,blocked_missing_price,COST_ESTIMATE_NOT_FROZEN,,,,repository_owner,"[""repository_owner""]","[""github-user:271768688""]",sha256:14b5266364b2c255d4f5e7796970d192d20d1c1066cd9cbf1f72b02048cfb72e,"{""github-user:271768688"":1}",,,USD,{}
PREV7-0812,sha256:3e4cb14361ff5f8c0aec37b11ce167d51467812b37fddf8168cd1b5a08fdc966,Exact full destination-account and destination external-control monetary authorization and reservation,G8,P0,Independent disaster-copy owner,"[""PREV7-0308"",""PREV7-0309"",""PREV7-0708"",""PREV7-0810""]",[],sha256:77fcbf54bd29b7661aaa5dae5cf82084db6e8e72d298cb680469fd651ff12fe2,provisional_git_bootstrap,,,Exact full destination-account and destination external-control monetary authorization and reservation,,,,,,,trading-optimizer-lab-org/aurora,[],,Exact full destination-account and destination external-control monetary authorization and reservation,,,,,blocked_missing_price,COST_ESTIMATE_NOT_FROZEN,,,,independent_disaster_copy_owner,"[""independent_disaster_copy_owner""]","[""github-user:271768688""]",sha256:14b5266364b2c255d4f5e7796970d192d20d1c1066cd9cbf1f72b02048cfb72e,"{""github-user:271768688"":1}",,,USD,{}
PREV7-0813,sha256:cb77b17c342239e00f6e686d81bb3534e58143d64c4a2b2f706af2105ac37224,"Consolidated exact full budget, FX and reservation receipt set with no missing or duplicate billing domain",G8,P0,Licence and acceptable-use reviewer,"[""PREV7-0811"",""PREV7-0812""]",[],sha256:77fcbf54bd29b7661aaa5dae5cf82084db6e8e72d298cb680469fd651ff12fe2,provisional_git_bootstrap,,,"Consolidated exact full budget, FX and reservation receipt set with no missing or duplicate billing domain",,,,,,,trading-optimizer-lab-org/aurora,[],,"Consolidated exact full budget, FX and reservation receipt set with no missing or duplicate billing domain",,,,,blocked_missing_price,COST_ESTIMATE_NOT_FROZEN,,,,licence_and_acceptable_use_reviewer,"[""licence_and_acceptable_use_reviewer""]","[""github-user:271768688""]",sha256:14b5266364b2c255d4f5e7796970d192d20d1c1066cd9cbf1f72b02048cfb72e,"{""github-user:271768688"":1}",,,USD,{}
PREV7-0814,sha256:9de5b7f96cd55f7cd756629f4fa96345d4ad864e4d1165ba83a06a75b7125bf2,"Immutable full-disposition controller initialized as `pending`, with immutable decision deadline/escalation, nonterminal intent/deadline states `abandonment_pending_remote` and `security_abandoned_pending_remote`, dispatch boundary and completed/abandoned branches",G8,P0,Repository owner,"[""PREV7-0714""]",[],sha256:77fcbf54bd29b7661aaa5dae5cf82084db6e8e72d298cb680469fd651ff12fe2,provisional_git_bootstrap,,,"Immutable full-disposition controller initialized as `pending`, with immutable decision deadline/escalation, nonterminal intent/deadline states `abandonment_pending_remote` and `security_abandoned_pending_remote`, dispatch boundary and completed/abandoned branches",,,,,,,trading-optimizer-lab-org/aurora,[],,"Immutable full-disposition controller initialized as `pending`, with immutable decision deadline/escalation, nonterminal intent/deadline states `abandonment_pending_remote` and `security_abandoned_pending_remote`, dispatch boundary and completed/abandoned branches",,,,,blocked_missing_price,COST_ESTIMATE_NOT_FROZEN,,,,repository_owner,"[""repository_owner""]","[""github-user:271768688""]",sha256:14b5266364b2c255d4f5e7796970d192d20d1c1066cd9cbf1f72b02048cfb72e,"{""github-user:271768688"":1}",,,USD,{}
PREV7-0815,sha256:1f3a6bf3b644d69b61011e33a97f3141ca21bbe1bb9a45fabcc94320ffdef6e8,Multi-party capped pre-ID authorization for campaign repository/App/key provisioning only,G8,P0,Licence and acceptable-use reviewer,"[""PREV7-0309"",""PREV7-0708"",""PREV7-0714"",""PREV7-0800"",""PREV7-0814""]",[],sha256:77fcbf54bd29b7661aaa5dae5cf82084db6e8e72d298cb680469fd651ff12fe2,provisional_git_bootstrap,,,Multi-party capped pre-ID authorization for campaign repository/App/key provisioning only,,,,,,,trading-optimizer-lab-org/aurora,[],,Multi-party capped pre-ID authorization for campaign repository/App/key provisioning only,,,,,blocked_missing_price,COST_ESTIMATE_NOT_FROZEN,,,,licence_and_acceptable_use_reviewer,"[""licence_and_acceptable_use_reviewer""]","[""github-user:271768688""]",sha256:14b5266364b2c255d4f5e7796970d192d20d1c1066cd9cbf1f72b02048cfb72e,"{""github-user:271768688"":1}",,,USD,{}
PREV7-0816,sha256:eacc434eb922ced0ea545e116389edcaee181726acb9c19b5d498dac5fbf5274,"Final security approval for the exact runbook-core digest, deployed IAM/Apps/keys/deadmen, destructive-path tests and accepted residual risks",G8,P0,Independent security reviewer,"[""PREV7-0610"",""PREV7-0611"",""PREV7-0708"",""PREV7-0805""]",[],sha256:77fcbf54bd29b7661aaa5dae5cf82084db6e8e72d298cb680469fd651ff12fe2,provisional_git_bootstrap,,,"Final security approval for the exact runbook-core digest, deployed IAM/Apps/keys/deadmen, destructive-path tests and accepted residual risks",,,,,,,trading-optimizer-lab-org/aurora,[],,"Final security approval for the exact runbook-core digest, deployed IAM/Apps/keys/deadmen, destructive-path tests and accepted residual risks",,,,,blocked_missing_price,COST_ESTIMATE_NOT_FROZEN,,,,independent_security_reviewer,"[""independent_security_reviewer""]","[""github-user:271768688""]",sha256:14b5266364b2c255d4f5e7796970d192d20d1c1066cd9cbf1f72b02048cfb72e,"{""github-user:271768688"":1}",,,USD,{}
PREV7-0901,sha256:3ace6c8f1ced630fa2ec9494774b14943c5df39bada4b28b7f9514d7d2425844,Final result verification,G9,P1,Implementer,"[""PREV7-0806""]",[],sha256:77fcbf54bd29b7661aaa5dae5cf82084db6e8e72d298cb680469fd651ff12fe2,provisional_git_bootstrap,,,Final result verification,,,,,,,trading-optimizer-lab-org/aurora,[],,Final result verification,,,,,blocked_missing_price,COST_ESTIMATE_NOT_FROZEN,,,,implementer,"[""implementer""]","[""github-user:271768688""]",sha256:14b5266364b2c255d4f5e7796970d192d20d1c1066cd9cbf1f72b02048cfb72e,"{""github-user:271768688"":1}",,,USD,{}
PREV7-0902,sha256:9379685d421c869cb5139b4bd288cee1e369bb18804f21d116b24b53cd48db09,"Durable final result, recovery evidence and audit publication to primary and mirror",G9,P1,Implementer,"[""PREV7-0901""]",[],sha256:77fcbf54bd29b7661aaa5dae5cf82084db6e8e72d298cb680469fd651ff12fe2,provisional_git_bootstrap,,,"Durable final result, recovery evidence and audit publication to primary and mirror",,,,,,,trading-optimizer-lab-org/aurora,[],,"Durable final result, recovery evidence and audit publication to primary and mirror",,,,,blocked_missing_price,COST_ESTIMATE_NOT_FROZEN,,,,implementer,"[""implementer""]","[""github-user:271768688""]",sha256:14b5266364b2c255d4f5e7796970d192d20d1c1066cd9cbf1f72b02048cfb72e,"{""github-user:271768688"":1}",,,USD,{}
PREV7-0903,sha256:56c1697dc25216c5c48a6878065398d973f7101862124e049e3eff5a0a5cb7b3,"Legacy rollback observation and retirement, concurrent with the recovery-retention window",G9,P2,Repository owner,"[""PREV7-0905""]",[],sha256:77fcbf54bd29b7661aaa5dae5cf82084db6e8e72d298cb680469fd651ff12fe2,provisional_git_bootstrap,,,"Legacy rollback observation and retirement, concurrent with the recovery-retention window",,,,,,,trading-optimizer-lab-org/aurora,[],,"Legacy rollback observation and retirement, concurrent with the recovery-retention window",,,,,blocked_missing_price,COST_ESTIMATE_NOT_FROZEN,,,,repository_owner,"[""repository_owner""]","[""github-user:271768688""]",sha256:14b5266364b2c255d4f5e7796970d192d20d1c1066cd9cbf1f72b02048cfb72e,"{""github-user:271768688"":1}",,,USD,{}
PREV7-0904,sha256:8ce1421193b3078ccb5abffba84cbdb746cba734daa84e5350ff5b04b66af0fe,"Destination-pulled final result, recovery/audit evidence, independent restore and source-access revocation",G9,P1,Independent disaster-copy owner,"[""PREV7-0902""]",[],sha256:77fcbf54bd29b7661aaa5dae5cf82084db6e8e72d298cb680469fd651ff12fe2,provisional_git_bootstrap,,,"Destination-pulled final result, recovery/audit evidence, independent restore and source-access revocation",,,,,,,trading-optimizer-lab-org/aurora,[],,"Destination-pulled final result, recovery/audit evidence, independent restore and source-access revocation",,,,,blocked_missing_price,COST_ESTIMATE_NOT_FROZEN,,,,independent_disaster_copy_owner,"[""independent_disaster_copy_owner""]","[""github-user:271768688""]",sha256:14b5266364b2c255d4f5e7796970d192d20d1c1066cd9cbf1f72b02048cfb72e,"{""github-user:271768688"":1}",,,USD,{}
PREV7-0905,sha256:775a83d57e94f6d702cca590a6a95ac28253e158f04c2a3c8be8f7b2d9d19a94,"`full_disposition=completed` CAS plus immediate source/destination lease stop, App suspension, credential revocation and deny-all receipt",G9,P0,Repository owner,"[""PREV7-0904""]",[],sha256:77fcbf54bd29b7661aaa5dae5cf82084db6e8e72d298cb680469fd651ff12fe2,provisional_git_bootstrap,,,"`full_disposition=completed` CAS plus immediate source/destination lease stop, App suspension, credential revocation and deny-all receipt",,,,,,,trading-optimizer-lab-org/aurora,[],,"`full_disposition=completed` CAS plus immediate source/destination lease stop, App suspension, credential revocation and deny-all receipt",,,,,blocked_missing_price,COST_ESTIMATE_NOT_FROZEN,,,,repository_owner,"[""repository_owner""]","[""github-user:271768688""]",sha256:14b5266364b2c255d4f5e7796970d192d20d1c1066cd9cbf1f72b02048cfb72e,"{""github-user:271768688"":1}",,,USD,{}
PREV7-0906,sha256:17a647e02e47c253deda4bc392322980c0a672421fb6aed1c872bca788c265e2,Destination campaign control-plane retirement after recovery predicates and immutable billing/dispute-evidence export; reconciliation or bounded `DISPUTED_CLEAN` recorded,G9,P0,Independent disaster-copy owner,"[""PREV7-0905""]",[],sha256:77fcbf54bd29b7661aaa5dae5cf82084db6e8e72d298cb680469fd651ff12fe2,provisional_git_bootstrap,,,Destination campaign control-plane retirement after recovery predicates and immutable billing/dispute-evidence export; reconciliation or bounded `DISPUTED_CLEAN` recorded,,,,,,,trading-optimizer-lab-org/aurora,[],,Destination campaign control-plane retirement after recovery predicates and immutable billing/dispute-evidence export; reconciliation or bounded `DISPUTED_CLEAN` recorded,,,,,blocked_missing_price,COST_ESTIMATE_NOT_FROZEN,,,,independent_disaster_copy_owner,"[""independent_disaster_copy_owner""]","[""github-user:271768688""]",sha256:14b5266364b2c255d4f5e7796970d192d20d1c1066cd9cbf1f72b02048cfb72e,"{""github-user:271768688"":1}",,,USD,{}
PREV7-0907,sha256:df1a378dc4114dbd84a17cfd359a2893d8df1bfa0a713963877497e497a04a79,"Source campaign and G7 validation repositories, packages, checkpoints and external-control tenants independently physically retired after recovery predicates and immutable billing/dispute-evidence export",G9,P0,Repository owner,"[""PREV7-0905""]",[],sha256:77fcbf54bd29b7661aaa5dae5cf82084db6e8e72d298cb680469fd651ff12fe2,provisional_git_bootstrap,,,"Source campaign and G7 validation repositories, packages, checkpoints and external-control tenants independently physically retired after recovery predicates and immutable billing/dispute-evidence export",,,,,,,trading-optimizer-lab-org/aurora,[],,"Source campaign and G7 validation repositories, packages, checkpoints and external-control tenants independently physically retired after recovery predicates and immutable billing/dispute-evidence export",,,,,blocked_missing_price,COST_ESTIMATE_NOT_FROZEN,,,,repository_owner,"[""repository_owner""]","[""github-user:271768688""]",sha256:14b5266364b2c255d4f5e7796970d192d20d1c1066cd9cbf1f72b02048cfb72e,"{""github-user:271768688"":1}",,,USD,{}
PREV7-0910,sha256:c2e1be0bf006753f2b1f53316627f371d01f70c2e3e33f69834d65f6750a84f3,"Conditional immediate abandoned-campaign security cleanup when `full_disposition=abandoned`, including one immutable inventory/no-action-or-revocation substitution receipt per cancelled pre-dispatch task",G9X,P0,Repository owner,"[""PREV7-0814""]",[],sha256:77fcbf54bd29b7661aaa5dae5cf82084db6e8e72d298cb680469fd651ff12fe2,provisional_git_bootstrap,,,"Conditional immediate abandoned-campaign security cleanup when `full_disposition=abandoned`, including one immutable inventory/no-action-or-revocation substitution receipt per cancelled pre-dispatch task",,,,,,,trading-optimizer-lab-org/aurora,[],,"Conditional immediate abandoned-campaign security cleanup when `full_disposition=abandoned`, including one immutable inventory/no-action-or-revocation substitution receipt per cancelled pre-dispatch task",,,,,blocked_missing_price,COST_ESTIMATE_NOT_FROZEN,,,,repository_owner,"[""repository_owner""]","[""github-user:271768688""]",sha256:14b5266364b2c255d4f5e7796970d192d20d1c1066cd9cbf1f72b02048cfb72e,"{""github-user:271768688"":1}",,,USD,{}
PREV7-0911,sha256:819a72d91dc5c1a85712d29cd81e9b675c5644c9096ad4c9b953c2af2e1dc934,"Conditional delayed destination physical cleanup, independent receipt and reconciliation-or-bounded-`DISPUTED_CLEAN` state for the abandoned branch",G9X,P0,Independent disaster-copy owner,"[""PREV7-0910"",""PREV7-0914""]",[],sha256:77fcbf54bd29b7661aaa5dae5cf82084db6e8e72d298cb680469fd651ff12fe2,provisional_git_bootstrap,,,"Conditional delayed destination physical cleanup, independent receipt and reconciliation-or-bounded-`DISPUTED_CLEAN` state for the abandoned branch",,,,,,,trading-optimizer-lab-org/aurora,[],,"Conditional delayed destination physical cleanup, independent receipt and reconciliation-or-bounded-`DISPUTED_CLEAN` state for the abandoned branch",,,,,blocked_missing_price,COST_ESTIMATE_NOT_FROZEN,,,,independent_disaster_copy_owner,"[""independent_disaster_copy_owner""]","[""github-user:271768688""]",sha256:14b5266364b2c255d4f5e7796970d192d20d1c1066cd9cbf1f72b02048cfb72e,"{""github-user:271768688"":1}",,,USD,{}
PREV7-0912,sha256:2a49128d9c55c347af8beaf629998184025fb5aafddf6a5fa9fa1b642ba4c9ab,Conditional delayed source physical cleanup and independent receipt; joint reconciliation waits for both domains in PREV7-0913,G9X,P0,Repository owner,"[""PREV7-0910"",""PREV7-0914""]",[],sha256:77fcbf54bd29b7661aaa5dae5cf82084db6e8e72d298cb680469fd651ff12fe2,provisional_git_bootstrap,,,Conditional delayed source physical cleanup and independent receipt; joint reconciliation waits for both domains in PREV7-0913,,,,,,,trading-optimizer-lab-org/aurora,[],,Conditional delayed source physical cleanup and independent receipt; joint reconciliation waits for both domains in PREV7-0913,,,,,blocked_missing_price,COST_ESTIMATE_NOT_FROZEN,,,,repository_owner,"[""repository_owner""]","[""github-user:271768688""]",sha256:14b5266364b2c255d4f5e7796970d192d20d1c1066cd9cbf1f72b02048cfb72e,"{""github-user:271768688"":1}",,,USD,{}
PREV7-0913,sha256:714a438fab2fffe903b54666dd89ee5658eb804ff37b9d5c58f4126d75903282,"Final selected-campaign-branch reconciler: verifies normal or abandoned substitution receipts; normal completion requires every billing domain reconciled or pre-authorized `NO_INVOICE_EXPECTED_CLEAN`, while a dispute emits nonterminal `CAMPAIGN_DISPUTED_CLEAN` and keeps the task active; only the abandoned branch may close through its approved bounded financial exception",G9,P0,Licence and acceptable-use reviewer,"[""PREV7-0814"",""PREV7-0903"",""PREV7-0906"",""PREV7-0907"",""PREV7-0911"",""PREV7-0912""]",[],sha256:77fcbf54bd29b7661aaa5dae5cf82084db6e8e72d298cb680469fd651ff12fe2,provisional_git_bootstrap,,,"Final selected-campaign-branch reconciler: verifies normal or abandoned substitution receipts; normal completion requires every billing domain reconciled or pre-authorized `NO_INVOICE_EXPECTED_CLEAN`, while a dispute emits nonterminal `CAMPAIGN_DISPUTED_CLEAN` and keeps the task active; only the abandoned branch may close through its approved bounded financial exception",,,,,,,trading-optimizer-lab-org/aurora,[],,"Final selected-campaign-branch reconciler: verifies normal or abandoned substitution receipts; normal completion requires every billing domain reconciled or pre-authorized `NO_INVOICE_EXPECTED_CLEAN`, while a dispute emits nonterminal `CAMPAIGN_DISPUTED_CLEAN` and keeps the task active; only the abandoned branch may close through its approved bounded financial exception",,,,,blocked_missing_price,COST_ESTIMATE_NOT_FROZEN,,,,licence_and_acceptable_use_reviewer,"[""licence_and_acceptable_use_reviewer""]","[""github-user:271768688""]",sha256:14b5266364b2c255d4f5e7796970d192d20d1c1066cd9cbf1f72b02048cfb72e,"{""github-user:271768688"":1}",,,USD,{}
PREV7-0914,sha256:133fc99b4506bcea0def2bade52025114ce4f809f984cd9d5d612e727bbb6963,"Conditional post-dispatch recovery-only dual-restore capsule and receipts, or pre-dispatch no-ciphertext alternative-completion receipt, including one immutable result/preservation substitution receipt per cancelled dispatch/result task",G9X,P0,Independent disaster-copy owner,"[""PREV7-0910""]",[],sha256:77fcbf54bd29b7661aaa5dae5cf82084db6e8e72d298cb680469fd651ff12fe2,provisional_git_bootstrap,,,"Conditional post-dispatch recovery-only dual-restore capsule and receipts, or pre-dispatch no-ciphertext alternative-completion receipt, including one immutable result/preservation substitution receipt per cancelled dispatch/result task",,,,,,,trading-optimizer-lab-org/aurora,[],,"Conditional post-dispatch recovery-only dual-restore capsule and receipts, or pre-dispatch no-ciphertext alternative-completion receipt, including one immutable result/preservation substitution receipt per cancelled dispatch/result task",,,,,blocked_missing_price,COST_ESTIMATE_NOT_FROZEN,,,,independent_disaster_copy_owner,"[""independent_disaster_copy_owner""]","[""github-user:271768688""]",sha256:14b5266364b2c255d4f5e7796970d192d20d1c1066cd9cbf1f72b02048cfb72e,"{""github-user:271768688"":1}",,,USD,{}
PREV7-1001,sha256:a1081c9c40d9a21ea9a6e40f6ecafce9164ff21b544dd4598eb260f25ba13ec5,Repository layout ADR,G10,P2,Implementer,"[""PREV7-0407""]",[],sha256:77fcbf54bd29b7661aaa5dae5cf82084db6e8e72d298cb680469fd651ff12fe2,provisional_git_bootstrap,,,Repository layout ADR,,,,,,,trading-optimizer-lab-org/aurora,[],,Repository layout ADR,,,,,blocked_missing_price,COST_ESTIMATE_NOT_FROZEN,,,,implementer,"[""implementer""]","[""github-user:271768688""]",sha256:14b5266364b2c255d4f5e7796970d192d20d1c1066cd9cbf1f72b02048cfb72e,"{""github-user:271768688"":1}",,,USD,{}
PREV7-1002,sha256:a7a90a051f6335d471b986251e0da437313bfc93ef2ead77e70f53d54456cf4c,Staged non-GTBI package modernization,G10,P2,Implementer,"[""PREV7-1001""]",[],sha256:77fcbf54bd29b7661aaa5dae5cf82084db6e8e72d298cb680469fd651ff12fe2,provisional_git_bootstrap,,,Staged non-GTBI package modernization,,,,,,,trading-optimizer-lab-org/aurora,[],,Staged non-GTBI package modernization,,,,,blocked_missing_price,COST_ESTIMATE_NOT_FROZEN,,,,implementer,"[""implementer""]","[""github-user:271768688""]",sha256:14b5266364b2c255d4f5e7796970d192d20d1c1066cd9cbf1f72b02048cfb72e,"{""github-user:271768688"":1}",,,USD,{}
PREV7-1003,sha256:c66140b3a3af62bc855f24002a7a5bb4189f85f476c8074e3bf310557e198731,"Final successful-project reconciler, with actor distinct from implementer, last-change author and repository owner: verifies every other G10 obligation and a reconciled or pre-authorized-no-invoice normal campaign-clean receipt, then alone emits project-terminal `COMPLETED_CLEAN`",G10,P0,Workflow reviewer,"[""PREV7-0913"",""PREV7-1002""]",[],sha256:77fcbf54bd29b7661aaa5dae5cf82084db6e8e72d298cb680469fd651ff12fe2,provisional_git_bootstrap,,,"Final successful-project reconciler, with actor distinct from implementer, last-change author and repository owner: verifies every other G10 obligation and a reconciled or pre-authorized-no-invoice normal campaign-clean receipt, then alone emits project-terminal `COMPLETED_CLEAN`",,,,,,,trading-optimizer-lab-org/aurora,[],,"Final successful-project reconciler, with actor distinct from implementer, last-change author and repository owner: verifies every other G10 obligation and a reconciled or pre-authorized-no-invoice normal campaign-clean receipt, then alone emits project-terminal `COMPLETED_CLEAN`",,,,,blocked_missing_price,COST_ESTIMATE_NOT_FROZEN,,,,workflow_reviewer,"[""workflow_reviewer""]","[""github-user:271768688""]",sha256:14b5266364b2c255d4f5e7796970d192d20d1c1066cd9cbf1f72b02048cfb72e,"{""github-user:271768688"":1}",,,USD,{}
