source_id,source_type,quality_weight,name,url,key_idea,used_for
quallamaggie_stair_step_breakout,practitioner,2,Qullamaggie - 3 timeless setups / breakout stair steps,https://qullamaggie.com/my-3-timeless-setups-that-have-made-me-tens-of-millions/,"Leading stocks often move 20-50%+, pull back/consolidate with higher lows/tightening range, then break out while riding rising 10/20/50-day moving averages.","prior run-up, pullback/consolidation, MA surfing, breakout/reclaim entries, short swing exits"
quallamaggie_ep_proxy,practitioner,2,Qullamaggie - Episodic Pivot,https://qullamaggie.com/how-to-master-a-setup-episodic-pivots/,Large gap/upside surprise plus exceptional volume can mark the start of large multi-month moves; daily OHLCV can only approximate the catalyst.,"gap-up volume shock proxy, gap continuation and post-gap pullback/reclaim templates"
minervini_vcp_traderlion,practitioner,2,TraderLion - Volatility Contraction Pattern,https://traderlion.com/technical-analysis/volatility-contraction-pattern/,"VCP seeks strong uptrends where pullbacks and volume contract, indicating reduced supply before a breakout/pivot.","VCP, volume dry-up, ATR/range contraction, tight pivot breakout and anticipation entries"
minervini_trend_template_public,practitioner,2,Public Minervini trend-template summaries,https://www.chartmill.com/documentation/stock-screener/technical-analysis-trading-strategies/496-Mark-Minervini-Trend-Template-A-Step-by-Step-Guide-for-Beginners,"Stage-2 leadership filter: price above key moving averages, MA alignment, rising 200-day average, price near highs and above lows.",stage2_strict trend profile and leader filters
ibd_cup_handle_buy_point,practitioner,2,Investor’s Business Daily - cup/handle and buy points,https://www.investors.com/how-to-invest/investors-corner/amazon-stock-chart-patterns/,"Cup/handle and base breakouts generally need prior uptrend, acceptable base depth, buy point near resistance, and volume expansion.","cup-handle proxy, flat base proxy, breakout volume thresholds"
ibd_sell_rules,practitioner,2,Investor’s Business Daily - sell rules,https://www.investors.com/how-to-invest/when-to-sell-stocks/,"Defensive sell discipline includes 7%-8% loss cutting, profit-taking rules, and moving-average based sell signals.","fixed stops, offensive take-profit levels, MA exits, market-protection exits"
ibd_50_day_line_sell,practitioner,2,Investor’s Business Daily - 50-day moving-average buy/sell signals,https://www.investors.com/how-to-invest/investors-corner/what-is-the-50-day-moving-average-when-to-buy-or-sell-growth-stocks/,The 50-day moving average is used as support/resistance; decisive breaks in heavy volume are defensive signals.,"MA50 support bounces, 50-day failure exits, volume-confirmed failure exits"
brock_lakonishok_lebaron_1992,academic,3,"Brock, Lakonishok & LeBaron 1992 - Simple Technical Trading Rules",https://ideas.repec.org/a/bla/jfinan/v47y1992i5p1731-64.html,"Moving-average and trading-range-break rules showed statistical support in a long Dow sample, with buy signals followed by higher and less volatile returns.","moving-average timing, trading-range breakouts, price-channel templates"
han_yang_zhou_2013_ma_timing,academic,3,"Han, Yang & Zhou 2013 - Cross-sectional profitability of technical analysis",https://www.cambridge.org/core/journals/journal-of-financial-and-quantitative-analysis/article/abs/new-anomaly-the-crosssectional-profitability-of-technical-analysis/B9E41049F2E55B4F274D46E72ECA8E29,"Moving-average timing applied to sorted portfolios outperformed buy-and-hold, especially in high-volatility portfolios.","MA timing filters, high-volatility leader variants, MA exits"
jegadeesh_titman_1993_momentum,academic,3,Jegadeesh & Titman 1993 - Returns to Buying Winners and Selling Losers,https://onlinelibrary.wiley.com/doi/abs/10.1111/j.1540-6261.1993.tb04702.x,Intermediate-horizon past winners tended to keep outperforming past losers over subsequent holding periods.,6-month/12-month momentum leader filters and prior run-up filters
moskowitz_ooi_pedersen_2012_tsmom,academic,3,"Moskowitz, Ooi & Pedersen - Time Series Momentum",https://papers.ssrn.com/sol3/papers.cfm?abstract_id=2089463,Return persistence over 1-12 months was documented across liquid futures markets; long/cash translation uses positive own-trend filters.,"time-series momentum re-entry, own-return positive filters, market-regime momentum"
george_hwang_2004_52w_high,academic,3,George & Hwang 2004 - 52-week high and momentum investing,https://onlinelibrary.wiley.com/doi/abs/10.1111/j.1540-6261.2004.00695.x,Closeness to the 52-week high contains momentum information and can anchor investor underreaction.,"52-week high pullback/reclaim, near-high leader filters"
connors_rsi2_chartschool,indicator_doc,3,StockCharts ChartSchool - RSI(2),https://chartschool.stockcharts.com/table-of-contents/trading-strategies-and-models/trading-strategies/rsi-2,"RSI(2) is used to identify short-term oversold conditions in an uptrend, commonly filtered by the 200-day moving average.","RSI2/RSI3 pullback rebound in uptrends, short mean-reversion exits"
bollinger_squeeze_chartschool,indicator_doc,3,StockCharts ChartSchool - Bollinger Band Squeeze,https://chartschool.stockcharts.com/table-of-contents/trading-strategies-and-models/trading-strategies/bollinger-band-squeeze,Low volatility / narrowed bands can precede expansion; upside break after squeeze marks potential advance.,Bollinger squeeze breakout and lower-band reclaim templates
adx_chartschool,indicator_doc,3,StockCharts ChartSchool - ADX,https://chartschool.stockcharts.com/table-of-contents/technical-indicators-and-overlays/technical-indicators/average-directional-index-adx,ADX measures trend strength; +DI greater than -DI gives bullish directional context.,ADX trend-strength confirmation and DI reversal templates
chandelier_exit_chartschool,indicator_doc,3,StockCharts ChartSchool - Chandelier Exit,https://chartschool.stockcharts.com/table-of-contents/technical-indicators-and-overlays/technical-overlays/chandelier-exit,Chandelier Exit is an ATR-based trailing stop designed to stay in a trend while protecting gains.,ATR-based trailing exits and runner profiles
atr_trailing_stop_chartschool,indicator_doc,3,StockCharts ChartSchool - ATR Trailing Stops,https://chartschool.stockcharts.com/table-of-contents/technical-indicators-and-overlays/technical-indicators/atr-trailing-stops,ATR trailing stops adapt to changing volatility and provide dynamic exit levels.,ATR trailing stops and volatility-adjusted stop-losses
keltner_channel_chartschool,indicator_doc,3,StockCharts ChartSchool - Keltner Channels,https://chartschool.stockcharts.com/table-of-contents/technical-indicators-and-overlays/technical-overlays/keltner-channels,"Keltner Channels can identify trend direction, breakouts and pullback zones using ATR bands.",Keltner pullback/reclaim templates and channel breakouts
reddit_swing_pullbacks_2026,community_reddit,1,Reddit r/swingtrading - momentum entries on pullbacks,https://www.reddit.com/r/swingtrading/comments/1sy4oxs/momentum_stock_entries_on_pullbacks_frustration/,Community discussion emphasizes entering high-RS/high-momentum leaders on orderly pullbacks to 10/20 EMA rather than chasing extended tops.,EMA pullback/value-zone microfamilies; idea-mining only
reddit_trend_following_pullback_bot,community_reddit,1,Reddit r/swingtrading - trend-following pullback bot,https://www.reddit.com/r/swingtrading/comments/1seu2jy/i_built_a_trendfollowing_pullback_bot/,"Systematic bot logic uses EMA9>EMA20>EMA50, ADX, price near 20EMA, low-volume pullback, and rejection of panic candles.","value-zone pullbacks, candle anatomy and volume dry-up filters; idea-mining only"
reddit_qullamaggie_ama_2025,community_reddit,1,Reddit r/qullamaggie AMA - momentum traders,https://www.reddit.com/r/qullamaggie/comments/1odsqh1/we_are_three_momentum_traders_triple_digit/,"Community practitioners describe big prior move, pullback, MA riding, tightness, breakout and high ADR, with heavy dependence on uptrending market windows.","momentum continuation, high ADR controls, market-regime emphasis; idea-mining only"
reddit_realdaytrading_rs_state,community_reddit,1,Reddit r/RealDayTrading - RS as state/condition,https://www.reddit.com/r/RealDayTrading/comments/sc39td/two_questions_about_trading_with_relative_strength/,"Relative strength versus SPY is framed as a stock state/condition, not a complete entry trigger; combine it with entry/exits and market context.","RS as filter, not standalone trigger; idea-mining only"
reddit_momentum_setups_2026,community_reddit,1,Reddit r/swingtrading - 2026 Q-style momentum setups,https://www.reddit.com/r/swingtrading/comments/1r7m0bd/3_momentum_setups_im_watching_february_17_2026/,"Example screen combines top recent returns, prior 30%+ advance, tight base, decreasing volume, key EMAs, high RS, and hostile-market cash filter.",top percentile recent-return leader variants and hostile market filter; idea-mining only
x_momentum_pullback_snippets_2026,community_x,1,X/Twitter indexed snippets - Qullamaggie-style pullback/volume-dryup themes,https://x.com/search?q=Qullamaggie%20pullback%20volume%20dry%20up%2010%2020%20EMA,"Indexed X snippets repeatedly mention prior power move, 10%-20% pullback, volume dry-up, 10/20 EMA surfing and relative strength.",sanity check that social practitioner language matches the Q-style templates; idea-mining only
x_rs_market_context_snippets_2026,community_x,1,X/Twitter indexed snippets - relative strength and green-light markets,https://x.com/search?q=relative%20strength%20SPY%20pullback%20swing%20trading,"Indexed X snippets emphasize relative strength vs SPY, avoiding red-light markets, and using 10/20/21 EMA pullbacks.",RS + market-regime overlays; idea-mining only
