"signal","category","baseline_group","strict_historical_classification","current_free_data_feasibility","current_route_quality","primary_free_sources","current_remaining_blocker","strict_score_eligible","official_formula_url","source_checked_at"
"AbnormalAccruals","Accounting","strict_93_unfinished","multiple_sources_required","free_route_documented","reconstructed_current_not_compustat_exact","sec_edgar|sec_financial_statement_datasets|sec_financial_statement_notes|twelve_data_basic|openfigi","implementation_pit_identity_coverage_and_fidelity_pending","false","https://raw.githubusercontent.com/OpenSourceAP/CrossSection/8db892442c2c3a3779b0f1eac4370d3655be15a1/Signals/pyCode/Predictors/ZZ2_AbnormalAccruals_AbnormalAccrualsPercent.py","2026-08-09"
"Accruals","Accounting","current_proxy_unvalidated","multiple_sources_required","free_route_documented","reconstructed_current_not_compustat_exact","sec_edgar|sec_financial_statement_datasets|sec_financial_statement_notes|twelve_data_basic|openfigi","implementation_pit_identity_coverage_and_fidelity_pending","false","https://raw.githubusercontent.com/OpenSourceAP/CrossSection/8db892442c2c3a3779b0f1eac4370d3655be15a1/Signals/pyCode/Predictors/Accruals.py","2026-08-09"
"AccrualsBM","Accounting","strict_93_unfinished","multiple_sources_required","free_route_documented","reconstructed_current_not_compustat_exact","sec_edgar|sec_financial_statement_datasets|sec_financial_statement_notes|twelve_data_basic|openfigi","implementation_pit_identity_coverage_and_fidelity_pending","false","https://raw.githubusercontent.com/OpenSourceAP/CrossSection/8db892442c2c3a3779b0f1eac4370d3655be15a1/Signals/pyCode/Predictors/AccrualsBM.py","2026-08-09"
"Activism1","13F","statistically_excluded_or_not_selected","multiple_sources_required","free_route_documented","official_structured_plus_identity_mapping","sec_13f|sec_edgar|finra_equity_short_interest|twelve_data_basic|openfigi","implementation_pit_identity_coverage_and_fidelity_pending","false","https://raw.githubusercontent.com/OpenSourceAP/CrossSection/8db892442c2c3a3779b0f1eac4370d3655be15a1/Signals/pyCode/Predictors/ZZ1_Activism1_Activism2.py","2026-08-09"
"Activism2","13F","statistically_excluded_or_not_selected","multiple_sources_required","free_route_documented","official_structured_plus_identity_mapping","sec_13f|sec_edgar|finra_equity_short_interest|twelve_data_basic|openfigi","implementation_pit_identity_coverage_and_fidelity_pending","false","https://raw.githubusercontent.com/OpenSourceAP/CrossSection/8db892442c2c3a3779b0f1eac4370d3655be15a1/Signals/pyCode/Predictors/ZZ1_Activism1_Activism2.py","2026-08-09"
"AdExp","Accounting","current_proxy_unvalidated","multiple_sources_required","free_route_documented","reconstructed_current_not_compustat_exact","sec_edgar|sec_financial_statement_datasets|sec_financial_statement_notes|twelve_data_basic|openfigi","implementation_pit_identity_coverage_and_fidelity_pending","false","https://raw.githubusercontent.com/OpenSourceAP/CrossSection/8db892442c2c3a3779b0f1eac4370d3655be15a1/Signals/pyCode/Predictors/AdExp.py","2026-08-09"
"AgeIPO","Event","strict_93_unfinished","source_access_unverified","free_route_documented","filing_event_reconstruction","sec_edgar|twelve_data_basic|field_ritter_ipo","implementation_pit_identity_coverage_and_fidelity_pending","false","https://raw.githubusercontent.com/OpenSourceAP/CrossSection/8db892442c2c3a3779b0f1eac4370d3655be15a1/Signals/pyCode/Predictors/AgeIPO.py","2026-08-09"
"AM","Accounting","current_proxy_unvalidated","multiple_sources_required","free_route_documented","reconstructed_current_not_compustat_exact","sec_edgar|sec_financial_statement_datasets|sec_financial_statement_notes|twelve_data_basic|openfigi","implementation_pit_identity_coverage_and_fidelity_pending","false","https://raw.githubusercontent.com/OpenSourceAP/CrossSection/8db892442c2c3a3779b0f1eac4370d3655be15a1/Signals/pyCode/Predictors/AM.py","2026-08-09"
"AnalystRevision","Analyst","current_proxy_unvalidated","historical_point_in_time_missing","free_candidate_not_authorized_or_equivalent","blocked_for_aurora","alpha_vantage_free|fmp_basic","free_terms_or_definition_do_not_support_ibes_equivalent_panel","false","https://raw.githubusercontent.com/OpenSourceAP/CrossSection/8db892442c2c3a3779b0f1eac4370d3655be15a1/Signals/pyCode/Predictors/AnalystRevision.py","2026-08-09"
"AnalystValue","Analyst","statistically_excluded_or_not_selected","historical_point_in_time_missing","free_candidate_not_authorized_or_equivalent","blocked_for_aurora","alpha_vantage_free|fmp_basic","free_terms_or_definition_do_not_support_ibes_equivalent_panel","false","https://raw.githubusercontent.com/OpenSourceAP/CrossSection/8db892442c2c3a3779b0f1eac4370d3655be15a1/Signals/pyCode/Predictors/ZZ1_AnalystValue_AOP_PredictedFE_IntrinsicValue.py","2026-08-09"
"AnnouncementReturn","Price","strict_93_unfinished","historical_point_in_time_missing","free_route_documented","market_data_equivalent_or_proxy","twelve_data_basic|kenneth_french_factors|cboe_vix|sec_edgar|openfigi","implementation_pit_identity_coverage_and_fidelity_pending","false","https://raw.githubusercontent.com/OpenSourceAP/CrossSection/8db892442c2c3a3779b0f1eac4370d3655be15a1/Signals/pyCode/Predictors/ZZ2_AnnouncementReturn.py","2026-08-09"
"AOP","Analyst","strict_93_unfinished","historical_point_in_time_missing","free_candidate_not_authorized_or_equivalent","blocked_for_aurora","alpha_vantage_free|fmp_basic","free_terms_or_definition_do_not_support_ibes_equivalent_panel","false","https://raw.githubusercontent.com/OpenSourceAP/CrossSection/8db892442c2c3a3779b0f1eac4370d3655be15a1/Signals/pyCode/Predictors/ZZ1_AnalystValue_AOP_PredictedFE_IntrinsicValue.py","2026-08-09"
"Beta","Price","statistically_excluded_or_not_selected","multiple_sources_required","free_route_documented","market_data_equivalent_or_proxy","twelve_data_basic|kenneth_french_factors|cboe_vix|sec_edgar|openfigi","implementation_pit_identity_coverage_and_fidelity_pending","false","https://raw.githubusercontent.com/OpenSourceAP/CrossSection/8db892442c2c3a3779b0f1eac4370d3655be15a1/Signals/pyCode/Predictors/Beta.py","2026-08-09"
"BetaFP","Price","statistically_excluded_or_not_selected","multiple_sources_required","free_route_documented","market_data_equivalent_or_proxy","twelve_data_basic|kenneth_french_factors|cboe_vix|sec_edgar|openfigi","implementation_pit_identity_coverage_and_fidelity_pending","false","https://raw.githubusercontent.com/OpenSourceAP/CrossSection/8db892442c2c3a3779b0f1eac4370d3655be15a1/Signals/pyCode/Predictors/ZZ2_BetaFP.py","2026-08-09"
"BetaLiquidityPS","Price","strict_93_unfinished","multiple_sources_required","free_route_documented","market_data_equivalent_or_proxy","twelve_data_basic|kenneth_french_factors|cboe_vix|sec_edgar|openfigi","implementation_pit_identity_coverage_and_fidelity_pending","false","https://raw.githubusercontent.com/OpenSourceAP/CrossSection/8db892442c2c3a3779b0f1eac4370d3655be15a1/Signals/pyCode/Predictors/BetaLiquidityPS.py","2026-08-09"
"BetaTailRisk","Price","strict_93_unfinished","multiple_sources_required","free_route_documented","market_data_equivalent_or_proxy","twelve_data_basic|kenneth_french_factors|cboe_vix|sec_edgar|openfigi","implementation_pit_identity_coverage_and_fidelity_pending","false","https://raw.githubusercontent.com/OpenSourceAP/CrossSection/8db892442c2c3a3779b0f1eac4370d3655be15a1/Signals/pyCode/Predictors/BetaTailRisk.py","2026-08-09"
"betaVIX","Price","strict_93_unfinished","historical_point_in_time_missing","free_route_documented","market_data_equivalent_or_proxy","twelve_data_basic|kenneth_french_factors|cboe_vix|sec_edgar|openfigi","implementation_pit_identity_coverage_and_fidelity_pending","false","https://raw.githubusercontent.com/OpenSourceAP/CrossSection/8db892442c2c3a3779b0f1eac4370d3655be15a1/Signals/pyCode/Predictors/ZZ2_betaVIX.py","2026-08-09"
"BidAskSpread","Trading","statistically_excluded_or_not_selected","multiple_sources_required","free_route_documented","market_data_equivalent_or_proxy","twelve_data_basic|finra_equity_short_interest|sec_edgar|openfigi","implementation_pit_identity_coverage_and_fidelity_pending","false","https://raw.githubusercontent.com/OpenSourceAP/CrossSection/8db892442c2c3a3779b0f1eac4370d3655be15a1/Signals/pyCode/Predictors/BidAskSpread.py","2026-08-09"
"BM","Accounting","current_proxy_unvalidated","multiple_sources_required","free_route_documented","reconstructed_current_not_compustat_exact","sec_edgar|sec_financial_statement_datasets|sec_financial_statement_notes|twelve_data_basic|openfigi","implementation_pit_identity_coverage_and_fidelity_pending","false","https://raw.githubusercontent.com/OpenSourceAP/CrossSection/8db892442c2c3a3779b0f1eac4370d3655be15a1/Signals/pyCode/Predictors/BM.py","2026-08-09"
"BMdec","Accounting","strict_93_unfinished","multiple_sources_required","free_route_documented","reconstructed_current_not_compustat_exact","sec_edgar|sec_financial_statement_datasets|sec_financial_statement_notes|twelve_data_basic|openfigi","implementation_pit_identity_coverage_and_fidelity_pending","false","https://raw.githubusercontent.com/OpenSourceAP/CrossSection/8db892442c2c3a3779b0f1eac4370d3655be15a1/Signals/pyCode/Predictors/BMdec.py","2026-08-09"
"BookLeverage","Accounting","current_proxy_unvalidated","multiple_sources_required","free_route_documented","reconstructed_current_not_compustat_exact","sec_edgar|sec_financial_statement_datasets|sec_financial_statement_notes|twelve_data_basic|openfigi","implementation_pit_identity_coverage_and_fidelity_pending","false","https://raw.githubusercontent.com/OpenSourceAP/CrossSection/8db892442c2c3a3779b0f1eac4370d3655be15a1/Signals/pyCode/Predictors/BookLeverage.py","2026-08-09"
"BPEBM","Accounting","strict_93_unfinished","multiple_sources_required","free_route_documented","reconstructed_current_not_compustat_exact","sec_edgar|sec_financial_statement_datasets|sec_financial_statement_notes|twelve_data_basic|openfigi","implementation_pit_identity_coverage_and_fidelity_pending","false","https://raw.githubusercontent.com/OpenSourceAP/CrossSection/8db892442c2c3a3779b0f1eac4370d3655be15a1/Signals/pyCode/Predictors/ZZ1_EBM_BPEBM.py","2026-08-09"
"BrandInvest","Accounting","strict_93_unfinished","multiple_sources_required","free_route_documented","reconstructed_current_not_compustat_exact","sec_edgar|sec_financial_statement_datasets|sec_financial_statement_notes|twelve_data_basic|openfigi","implementation_pit_identity_coverage_and_fidelity_pending","false","https://raw.githubusercontent.com/OpenSourceAP/CrossSection/8db892442c2c3a3779b0f1eac4370d3655be15a1/Signals/pyCode/Predictors/BrandInvest.py","2026-08-09"
"Cash","Accounting","current_proxy_unvalidated","multiple_sources_required","free_route_documented","reconstructed_current_not_compustat_exact","sec_edgar|sec_financial_statement_datasets|sec_financial_statement_notes|twelve_data_basic|openfigi","implementation_pit_identity_coverage_and_fidelity_pending","false","https://raw.githubusercontent.com/OpenSourceAP/CrossSection/8db892442c2c3a3779b0f1eac4370d3655be15a1/Signals/pyCode/Predictors/Cash.py","2026-08-09"
"CashProd","Accounting","current_proxy_unvalidated","multiple_sources_required","free_route_documented","reconstructed_current_not_compustat_exact","sec_edgar|sec_financial_statement_datasets|sec_financial_statement_notes|twelve_data_basic|openfigi","implementation_pit_identity_coverage_and_fidelity_pending","false","https://raw.githubusercontent.com/OpenSourceAP/CrossSection/8db892442c2c3a3779b0f1eac4370d3655be15a1/Signals/pyCode/Predictors/CashProd.py","2026-08-09"
"CBOperProf","Accounting","strict_93_unfinished","multiple_sources_required","free_route_documented","reconstructed_current_not_compustat_exact","sec_edgar|sec_financial_statement_datasets|sec_financial_statement_notes|twelve_data_basic|openfigi","implementation_pit_identity_coverage_and_fidelity_pending","false","https://raw.githubusercontent.com/OpenSourceAP/CrossSection/8db892442c2c3a3779b0f1eac4370d3655be15a1/Signals/pyCode/Predictors/CBOperProf.py","2026-08-09"
"CF","Accounting","current_proxy_unvalidated","multiple_sources_required","free_route_documented","reconstructed_current_not_compustat_exact","sec_edgar|sec_financial_statement_datasets|sec_financial_statement_notes|twelve_data_basic|openfigi","implementation_pit_identity_coverage_and_fidelity_pending","false","https://raw.githubusercontent.com/OpenSourceAP/CrossSection/8db892442c2c3a3779b0f1eac4370d3655be15a1/Signals/pyCode/Predictors/CF.py","2026-08-09"
"cfp","Accounting","current_proxy_unvalidated","multiple_sources_required","free_route_documented","reconstructed_current_not_compustat_exact","sec_edgar|sec_financial_statement_datasets|sec_financial_statement_notes|twelve_data_basic|openfigi","implementation_pit_identity_coverage_and_fidelity_pending","false","https://raw.githubusercontent.com/OpenSourceAP/CrossSection/8db892442c2c3a3779b0f1eac4370d3655be15a1/Signals/pyCode/Predictors/cfp.py","2026-08-09"
"ChangeInRecommendation","Analyst","strict_93_unfinished","historical_point_in_time_missing","free_candidate_not_authorized_or_equivalent","blocked_for_aurora","alpha_vantage_free|fmp_basic","free_terms_or_definition_do_not_support_ibes_equivalent_panel","false","https://raw.githubusercontent.com/OpenSourceAP/CrossSection/8db892442c2c3a3779b0f1eac4370d3655be15a1/Signals/pyCode/Predictors/ChangeInRecommendation.py","2026-08-09"
"ChAssetTurnover","Accounting","current_proxy_unvalidated","multiple_sources_required","free_route_documented","reconstructed_current_not_compustat_exact","sec_edgar|sec_financial_statement_datasets|sec_financial_statement_notes|twelve_data_basic|openfigi","implementation_pit_identity_coverage_and_fidelity_pending","false","https://raw.githubusercontent.com/OpenSourceAP/CrossSection/8db892442c2c3a3779b0f1eac4370d3655be15a1/Signals/pyCode/Predictors/ChAssetTurnover.py","2026-08-09"
"ChForecastAccrual","Analyst","current_proxy_unvalidated","historical_point_in_time_missing","free_candidate_not_authorized_or_equivalent","blocked_for_aurora","alpha_vantage_free|fmp_basic","free_terms_or_definition_do_not_support_ibes_equivalent_panel","false","https://raw.githubusercontent.com/OpenSourceAP/CrossSection/8db892442c2c3a3779b0f1eac4370d3655be15a1/Signals/pyCode/Predictors/ChForecastAccrual.py","2026-08-09"
"ChInvIA","Accounting","strict_93_unfinished","multiple_sources_required","free_route_documented","reconstructed_current_not_compustat_exact","sec_edgar|sec_financial_statement_datasets|sec_financial_statement_notes|twelve_data_basic|openfigi","implementation_pit_identity_coverage_and_fidelity_pending","false","https://raw.githubusercontent.com/OpenSourceAP/CrossSection/8db892442c2c3a3779b0f1eac4370d3655be15a1/Signals/pyCode/Predictors/ChInvIA.py","2026-08-09"
"ChNAnalyst","Analyst","statistically_excluded_or_not_selected","historical_point_in_time_missing","free_candidate_not_authorized_or_equivalent","blocked_for_aurora","alpha_vantage_free|fmp_basic","free_terms_or_definition_do_not_support_ibes_equivalent_panel","false","https://raw.githubusercontent.com/OpenSourceAP/CrossSection/8db892442c2c3a3779b0f1eac4370d3655be15a1/Signals/pyCode/Predictors/ChNAnalyst.py","2026-08-09"
"ChNNCOA","Accounting","strict_93_unfinished","multiple_sources_required","free_route_documented","reconstructed_current_not_compustat_exact","sec_edgar|sec_financial_statement_datasets|sec_financial_statement_notes|twelve_data_basic|openfigi","implementation_pit_identity_coverage_and_fidelity_pending","false","https://raw.githubusercontent.com/OpenSourceAP/CrossSection/8db892442c2c3a3779b0f1eac4370d3655be15a1/Signals/pyCode/Predictors/ChNNCOA.py","2026-08-09"
"ChTax","Accounting","current_proxy_unvalidated","multiple_sources_required","free_route_documented","reconstructed_current_not_compustat_exact","sec_edgar|sec_financial_statement_datasets|sec_financial_statement_notes|twelve_data_basic|openfigi","implementation_pit_identity_coverage_and_fidelity_pending","false","https://raw.githubusercontent.com/OpenSourceAP/CrossSection/8db892442c2c3a3779b0f1eac4370d3655be15a1/Signals/pyCode/Predictors/ChTax.py","2026-08-09"
"CitationsRD","Other","strict_93_unfinished","multiple_sources_required","free_route_documented","source_specific_reconstruction","uspto_patentsview|kpss_patent_crsp_extended|sec_edgar|openfigi","implementation_pit_identity_coverage_and_fidelity_pending","false","https://raw.githubusercontent.com/OpenSourceAP/CrossSection/8db892442c2c3a3779b0f1eac4370d3655be15a1/Signals/pyCode/Predictors/CitationsRD.py","2026-08-09"
"CompEquIss","Accounting","strict_93_unfinished","multiple_sources_required","free_route_documented","reconstructed_current_not_compustat_exact","sec_edgar|sec_financial_statement_datasets|sec_financial_statement_notes|twelve_data_basic|openfigi","implementation_pit_identity_coverage_and_fidelity_pending","false","https://raw.githubusercontent.com/OpenSourceAP/CrossSection/8db892442c2c3a3779b0f1eac4370d3655be15a1/Signals/pyCode/Predictors/CompEquIss.py","2026-08-09"
"CompositeDebtIssuance","Accounting","current_proxy_unvalidated","multiple_sources_required","free_route_documented","reconstructed_current_not_compustat_exact","sec_edgar|sec_financial_statement_datasets|sec_financial_statement_notes|twelve_data_basic|openfigi","implementation_pit_identity_coverage_and_fidelity_pending","false","https://raw.githubusercontent.com/OpenSourceAP/CrossSection/8db892442c2c3a3779b0f1eac4370d3655be15a1/Signals/pyCode/Predictors/CompositeDebtIssuance.py","2026-08-09"
"ConsRecomm","Analyst","statistically_excluded_or_not_selected","historical_point_in_time_missing","free_candidate_not_authorized_or_equivalent","blocked_for_aurora","alpha_vantage_free|fmp_basic","free_terms_or_definition_do_not_support_ibes_equivalent_panel","false","https://raw.githubusercontent.com/OpenSourceAP/CrossSection/8db892442c2c3a3779b0f1eac4370d3655be15a1/Signals/pyCode/Predictors/ConsRecomm.py","2026-08-09"
"ConvDebt","Accounting","strict_93_unfinished","multiple_sources_required","free_route_documented","reconstructed_current_not_compustat_exact","sec_edgar|sec_financial_statement_datasets|sec_financial_statement_notes|twelve_data_basic|openfigi","implementation_pit_identity_coverage_and_fidelity_pending","false","https://raw.githubusercontent.com/OpenSourceAP/CrossSection/8db892442c2c3a3779b0f1eac4370d3655be15a1/Signals/pyCode/Predictors/ConvDebt.py","2026-08-09"
"CoskewACX","Price","strict_93_unfinished","multiple_sources_required","free_route_documented","market_data_equivalent_or_proxy","twelve_data_basic|kenneth_french_factors|cboe_vix|sec_edgar|openfigi","implementation_pit_identity_coverage_and_fidelity_pending","false","https://raw.githubusercontent.com/OpenSourceAP/CrossSection/8db892442c2c3a3779b0f1eac4370d3655be15a1/Signals/pyCode/Predictors/CoskewACX.py","2026-08-09"
"Coskewness","Price","strict_93_unfinished","multiple_sources_required","free_route_documented","market_data_equivalent_or_proxy","twelve_data_basic|kenneth_french_factors|cboe_vix|sec_edgar|openfigi","implementation_pit_identity_coverage_and_fidelity_pending","false","https://raw.githubusercontent.com/OpenSourceAP/CrossSection/8db892442c2c3a3779b0f1eac4370d3655be15a1/Signals/pyCode/Predictors/Coskewness.py","2026-08-09"
"CPVolSpread","Options","current_proxy_unvalidated","historical_point_in_time_missing","free_account_candidate","current_chain_candidate","tradier_personal_api","brokerage_account_eligibility_permission_and_coverage_unverified","false","https://raw.githubusercontent.com/OpenSourceAP/CrossSection/8db892442c2c3a3779b0f1eac4370d3655be15a1/Signals/pyCode/Predictors/CPVolSpread.py","2026-08-09"
"CredRatDG","Analyst","strict_93_unfinished","no_free_authorized_source","free_proxy_only","incomplete_proxy","sec_edgar|issuer_investor_relations","complete_structured_sp_ciq_downgrade_panel_missing","false","https://raw.githubusercontent.com/OpenSourceAP/CrossSection/8db892442c2c3a3779b0f1eac4370d3655be15a1/Signals/pyCode/Predictors/CredRatDG.py","2026-08-09"
"CustomerMomentum","Other","strict_93_unfinished","no_free_authorized_source","free_route_documented","source_specific_reconstruction","sec_edgar|sec_financial_statement_notes|twelve_data_basic|openfigi","implementation_pit_identity_coverage_and_fidelity_pending","false","https://raw.githubusercontent.com/OpenSourceAP/CrossSection/8db892442c2c3a3779b0f1eac4370d3655be15a1/Signals/pyCode/Predictors/CustomerMomentum.py","2026-08-09"
"dCPVolSpread","Options","strict_93_unfinished","historical_point_in_time_missing","no_free_authorized_prior_month_iv","blocked_today","tradier_personal_api|marketdata_options_free","prior_month_expired_iv_surface_missing_or_license_incompatible","false","https://raw.githubusercontent.com/OpenSourceAP/CrossSection/8db892442c2c3a3779b0f1eac4370d3655be15a1/Signals/pyCode/Predictors/dCPVolSpread.py","2026-08-09"
"DebtIssuance","Accounting","current_proxy_unvalidated","multiple_sources_required","free_route_documented","reconstructed_current_not_compustat_exact","sec_edgar|sec_financial_statement_datasets|sec_financial_statement_notes|twelve_data_basic|openfigi","implementation_pit_identity_coverage_and_fidelity_pending","false","https://raw.githubusercontent.com/OpenSourceAP/CrossSection/8db892442c2c3a3779b0f1eac4370d3655be15a1/Signals/pyCode/Predictors/DebtIssuance.py","2026-08-09"
"DelBreadth","13F","strict_93_unfinished","historical_point_in_time_missing","free_route_documented","official_structured_plus_identity_mapping","sec_13f|sec_edgar|finra_equity_short_interest|twelve_data_basic|openfigi","implementation_pit_identity_coverage_and_fidelity_pending","false","https://raw.githubusercontent.com/OpenSourceAP/CrossSection/8db892442c2c3a3779b0f1eac4370d3655be15a1/Signals/pyCode/Predictors/DelBreadth.py","2026-08-09"
"DelCOA","Accounting","current_proxy_unvalidated","multiple_sources_required","free_route_documented","reconstructed_current_not_compustat_exact","sec_edgar|sec_financial_statement_datasets|sec_financial_statement_notes|twelve_data_basic|openfigi","implementation_pit_identity_coverage_and_fidelity_pending","false","https://raw.githubusercontent.com/OpenSourceAP/CrossSection/8db892442c2c3a3779b0f1eac4370d3655be15a1/Signals/pyCode/Predictors/DelCOA.py","2026-08-09"
"DelCOL","Accounting","current_proxy_unvalidated","multiple_sources_required","free_route_documented","reconstructed_current_not_compustat_exact","sec_edgar|sec_financial_statement_datasets|sec_financial_statement_notes|twelve_data_basic|openfigi","implementation_pit_identity_coverage_and_fidelity_pending","false","https://raw.githubusercontent.com/OpenSourceAP/CrossSection/8db892442c2c3a3779b0f1eac4370d3655be15a1/Signals/pyCode/Predictors/DelCOL.py","2026-08-09"
"DelDRC","Accounting","statistically_excluded_or_not_selected","multiple_sources_required","free_route_documented","reconstructed_current_not_compustat_exact","sec_edgar|sec_financial_statement_datasets|sec_financial_statement_notes|twelve_data_basic|openfigi","implementation_pit_identity_coverage_and_fidelity_pending","false","https://raw.githubusercontent.com/OpenSourceAP/CrossSection/8db892442c2c3a3779b0f1eac4370d3655be15a1/Signals/pyCode/Predictors/DelDRC.py","2026-08-09"
"DelEqu","Accounting","current_proxy_unvalidated","multiple_sources_required","free_route_documented","reconstructed_current_not_compustat_exact","sec_edgar|sec_financial_statement_datasets|sec_financial_statement_notes|twelve_data_basic|openfigi","implementation_pit_identity_coverage_and_fidelity_pending","false","https://raw.githubusercontent.com/OpenSourceAP/CrossSection/8db892442c2c3a3779b0f1eac4370d3655be15a1/Signals/pyCode/Predictors/DelEqu.py","2026-08-09"
"DelFINL","Accounting","current_proxy_unvalidated","multiple_sources_required","free_route_documented","reconstructed_current_not_compustat_exact","sec_edgar|sec_financial_statement_datasets|sec_financial_statement_notes|twelve_data_basic|openfigi","implementation_pit_identity_coverage_and_fidelity_pending","false","https://raw.githubusercontent.com/OpenSourceAP/CrossSection/8db892442c2c3a3779b0f1eac4370d3655be15a1/Signals/pyCode/Predictors/DelFINL.py","2026-08-09"
"DelLTI","Accounting","current_proxy_unvalidated","multiple_sources_required","free_route_documented","reconstructed_current_not_compustat_exact","sec_edgar|sec_financial_statement_datasets|sec_financial_statement_notes|twelve_data_basic|openfigi","implementation_pit_identity_coverage_and_fidelity_pending","false","https://raw.githubusercontent.com/OpenSourceAP/CrossSection/8db892442c2c3a3779b0f1eac4370d3655be15a1/Signals/pyCode/Predictors/DelLTI.py","2026-08-09"
"DelNetFin","Accounting","strict_93_unfinished","multiple_sources_required","free_route_documented","reconstructed_current_not_compustat_exact","sec_edgar|sec_financial_statement_datasets|sec_financial_statement_notes|twelve_data_basic|openfigi","implementation_pit_identity_coverage_and_fidelity_pending","false","https://raw.githubusercontent.com/OpenSourceAP/CrossSection/8db892442c2c3a3779b0f1eac4370d3655be15a1/Signals/pyCode/Predictors/DelNetFin.py","2026-08-09"
"DivInit","Event","strict_93_unfinished","proxy_only","free_route_documented","filing_event_reconstruction","sec_edgar|twelve_data_basic|field_ritter_ipo","implementation_pit_identity_coverage_and_fidelity_pending","false","https://raw.githubusercontent.com/OpenSourceAP/CrossSection/8db892442c2c3a3779b0f1eac4370d3655be15a1/Signals/pyCode/Predictors/DivInit.py","2026-08-09"
"DivOmit","Event","strict_93_unfinished","proxy_only","free_route_documented","filing_event_reconstruction","sec_edgar|twelve_data_basic|field_ritter_ipo","implementation_pit_identity_coverage_and_fidelity_pending","false","https://raw.githubusercontent.com/OpenSourceAP/CrossSection/8db892442c2c3a3779b0f1eac4370d3655be15a1/Signals/pyCode/Predictors/DivOmit.py","2026-08-09"
"DivSeason","Event","strict_93_unfinished","proxy_only","free_route_documented","filing_event_reconstruction","sec_edgar|twelve_data_basic|field_ritter_ipo","implementation_pit_identity_coverage_and_fidelity_pending","false","https://raw.githubusercontent.com/OpenSourceAP/CrossSection/8db892442c2c3a3779b0f1eac4370d3655be15a1/Signals/pyCode/Predictors/DivSeason.py","2026-08-09"
"DivYieldST","Accounting","strict_93_unfinished","proxy_only","free_route_documented","reconstructed_current_not_compustat_exact","sec_edgar|sec_financial_statement_datasets|sec_financial_statement_notes|twelve_data_basic|openfigi","implementation_pit_identity_coverage_and_fidelity_pending","false","https://raw.githubusercontent.com/OpenSourceAP/CrossSection/8db892442c2c3a3779b0f1eac4370d3655be15a1/Signals/pyCode/Predictors/DivYieldST.py","2026-08-09"
"dNoa","Accounting","strict_93_unfinished","multiple_sources_required","free_route_documented","reconstructed_current_not_compustat_exact","sec_edgar|sec_financial_statement_datasets|sec_financial_statement_notes|twelve_data_basic|openfigi","implementation_pit_identity_coverage_and_fidelity_pending","false","https://raw.githubusercontent.com/OpenSourceAP/CrossSection/8db892442c2c3a3779b0f1eac4370d3655be15a1/Signals/pyCode/Predictors/dNoa.py","2026-08-09"
"DownRecomm","Analyst","current_proxy_unvalidated","historical_point_in_time_missing","free_candidate_not_authorized_or_equivalent","blocked_for_aurora","alpha_vantage_free|fmp_basic","free_terms_or_definition_do_not_support_ibes_equivalent_panel","false","https://raw.githubusercontent.com/OpenSourceAP/CrossSection/8db892442c2c3a3779b0f1eac4370d3655be15a1/Signals/pyCode/Predictors/DownRecomm.py","2026-08-09"
"dVolCall","Options","strict_93_unfinished","historical_point_in_time_missing","no_free_authorized_prior_month_iv","blocked_today","tradier_personal_api|marketdata_options_free","prior_month_expired_iv_surface_missing_or_license_incompatible","false","https://raw.githubusercontent.com/OpenSourceAP/CrossSection/8db892442c2c3a3779b0f1eac4370d3655be15a1/Signals/pyCode/Predictors/dVolCall.py","2026-08-09"
"dVolPut","Options","statistically_excluded_or_not_selected","historical_point_in_time_missing","no_free_authorized_prior_month_iv","blocked_today","tradier_personal_api|marketdata_options_free","prior_month_expired_iv_surface_missing_or_license_incompatible","false","https://raw.githubusercontent.com/OpenSourceAP/CrossSection/8db892442c2c3a3779b0f1eac4370d3655be15a1/Signals/pyCode/Predictors/dVolPut.py","2026-08-09"
"EarningsConsistency","Accounting","strict_93_unfinished","multiple_sources_required","free_route_documented","reconstructed_current_not_compustat_exact","sec_edgar|sec_financial_statement_datasets|sec_financial_statement_notes|twelve_data_basic|openfigi","implementation_pit_identity_coverage_and_fidelity_pending","false","https://raw.githubusercontent.com/OpenSourceAP/CrossSection/8db892442c2c3a3779b0f1eac4370d3655be15a1/Signals/pyCode/Predictors/EarningsConsistency.py","2026-08-09"
"EarningsForecastDisparity","Analyst","strict_93_unfinished","historical_point_in_time_missing","free_candidate_not_authorized_or_equivalent","blocked_for_aurora","alpha_vantage_free|fmp_basic","free_terms_or_definition_do_not_support_ibes_equivalent_panel","false","https://raw.githubusercontent.com/OpenSourceAP/CrossSection/8db892442c2c3a3779b0f1eac4370d3655be15a1/Signals/pyCode/Predictors/EarningsForecastDisparity.py","2026-08-09"
"EarningsStreak","Accounting","strict_93_unfinished","historical_point_in_time_missing","free_candidate_not_authorized_or_equivalent","blocked_for_aurora","alpha_vantage_free|fmp_basic","free_terms_or_definition_do_not_support_ibes_equivalent_panel","false","https://raw.githubusercontent.com/OpenSourceAP/CrossSection/8db892442c2c3a3779b0f1eac4370d3655be15a1/Signals/pyCode/Predictors/EarningsStreak.py","2026-08-09"
"EarningsSurprise","Accounting","strict_93_unfinished","historical_point_in_time_missing","free_route_documented","reconstructed_current_not_compustat_exact","sec_edgar|sec_financial_statement_datasets|sec_financial_statement_notes|twelve_data_basic|openfigi","implementation_pit_identity_coverage_and_fidelity_pending","false","https://raw.githubusercontent.com/OpenSourceAP/CrossSection/8db892442c2c3a3779b0f1eac4370d3655be15a1/Signals/pyCode/Predictors/EarningsSurprise.py","2026-08-09"
"EarnSupBig","Accounting","strict_93_unfinished","historical_point_in_time_missing","free_route_documented","reconstructed_current_not_compustat_exact","sec_edgar|sec_financial_statement_datasets|sec_financial_statement_notes|twelve_data_basic|openfigi","implementation_pit_identity_coverage_and_fidelity_pending","false","https://raw.githubusercontent.com/OpenSourceAP/CrossSection/8db892442c2c3a3779b0f1eac4370d3655be15a1/Signals/pyCode/Predictors/EarnSupBig.py","2026-08-09"
"EBM","Accounting","strict_93_unfinished","multiple_sources_required","free_route_documented","reconstructed_current_not_compustat_exact","sec_edgar|sec_financial_statement_datasets|sec_financial_statement_notes|twelve_data_basic|openfigi","implementation_pit_identity_coverage_and_fidelity_pending","false","https://raw.githubusercontent.com/OpenSourceAP/CrossSection/8db892442c2c3a3779b0f1eac4370d3655be15a1/Signals/pyCode/Predictors/ZZ1_EBM_BPEBM.py","2026-08-09"
"EntMult","Accounting","strict_93_unfinished","multiple_sources_required","free_route_documented","reconstructed_current_not_compustat_exact","sec_edgar|sec_financial_statement_datasets|sec_financial_statement_notes|twelve_data_basic|openfigi","implementation_pit_identity_coverage_and_fidelity_pending","false","https://raw.githubusercontent.com/OpenSourceAP/CrossSection/8db892442c2c3a3779b0f1eac4370d3655be15a1/Signals/pyCode/Predictors/EntMult.py","2026-08-09"
"EP","Accounting","current_proxy_unvalidated","multiple_sources_required","free_route_documented","reconstructed_current_not_compustat_exact","sec_edgar|sec_financial_statement_datasets|sec_financial_statement_notes|twelve_data_basic|openfigi","implementation_pit_identity_coverage_and_fidelity_pending","false","https://raw.githubusercontent.com/OpenSourceAP/CrossSection/8db892442c2c3a3779b0f1eac4370d3655be15a1/Signals/pyCode/Predictors/EP.py","2026-08-09"
"EquityDuration","Accounting","strict_93_unfinished","multiple_sources_required","free_route_documented","reconstructed_current_not_compustat_exact","sec_edgar|sec_financial_statement_datasets|sec_financial_statement_notes|twelve_data_basic|openfigi","implementation_pit_identity_coverage_and_fidelity_pending","false","https://raw.githubusercontent.com/OpenSourceAP/CrossSection/8db892442c2c3a3779b0f1eac4370d3655be15a1/Signals/pyCode/Predictors/EquityDuration.py","2026-08-09"
"ExchSwitch","Event","strict_93_unfinished","historical_point_in_time_missing","free_route_documented","filing_event_reconstruction","sec_edgar|twelve_data_basic|field_ritter_ipo","implementation_pit_identity_coverage_and_fidelity_pending","false","https://raw.githubusercontent.com/OpenSourceAP/CrossSection/8db892442c2c3a3779b0f1eac4370d3655be15a1/Signals/pyCode/Predictors/ExchSwitch.py","2026-08-09"
"ExclExp","Analyst","strict_93_unfinished","historical_point_in_time_missing","free_candidate_not_authorized_or_equivalent","blocked_for_aurora","alpha_vantage_free|fmp_basic","free_terms_or_definition_do_not_support_ibes_equivalent_panel","false","https://raw.githubusercontent.com/OpenSourceAP/CrossSection/8db892442c2c3a3779b0f1eac4370d3655be15a1/Signals/pyCode/Predictors/ExclExp.py","2026-08-09"
"FEPS","Analyst","strict_93_unfinished","historical_point_in_time_missing","free_candidate_not_authorized_or_equivalent","blocked_for_aurora","alpha_vantage_free|fmp_basic","free_terms_or_definition_do_not_support_ibes_equivalent_panel","false","https://raw.githubusercontent.com/OpenSourceAP/CrossSection/8db892442c2c3a3779b0f1eac4370d3655be15a1/Signals/pyCode/Predictors/FEPS.py","2026-08-09"
"fgr5yrLag","Analyst","strict_93_unfinished","historical_point_in_time_missing","free_candidate_not_authorized_or_equivalent","blocked_for_aurora","alpha_vantage_free|fmp_basic","free_terms_or_definition_do_not_support_ibes_equivalent_panel","false","https://raw.githubusercontent.com/OpenSourceAP/CrossSection/8db892442c2c3a3779b0f1eac4370d3655be15a1/Signals/pyCode/Predictors/fgr5yrLag.py","2026-08-09"
"FirmAge","Other","statistically_excluded_or_not_selected","identifier_bridge_missing","free_route_documented","source_specific_reconstruction","sec_edgar|sec_financial_statement_notes|twelve_data_basic|openfigi","implementation_pit_identity_coverage_and_fidelity_pending","false","https://raw.githubusercontent.com/OpenSourceAP/CrossSection/8db892442c2c3a3779b0f1eac4370d3655be15a1/Signals/pyCode/Predictors/FirmAge.py","2026-08-09"
"FirmAgeMom","Price","strict_93_unfinished","multiple_sources_required","free_route_documented","market_data_equivalent_or_proxy","twelve_data_basic|kenneth_french_factors|cboe_vix|sec_edgar|openfigi","implementation_pit_identity_coverage_and_fidelity_pending","false","https://raw.githubusercontent.com/OpenSourceAP/CrossSection/8db892442c2c3a3779b0f1eac4370d3655be15a1/Signals/pyCode/Predictors/FirmAgeMom.py","2026-08-09"
"ForecastDispersion","Analyst","strict_93_unfinished","historical_point_in_time_missing","free_candidate_not_authorized_or_equivalent","blocked_for_aurora","alpha_vantage_free|fmp_basic","free_terms_or_definition_do_not_support_ibes_equivalent_panel","false","https://raw.githubusercontent.com/OpenSourceAP/CrossSection/8db892442c2c3a3779b0f1eac4370d3655be15a1/Signals/pyCode/Predictors/ForecastDispersion.py","2026-08-09"
"FR","Accounting","statistically_excluded_or_not_selected","multiple_sources_required","free_route_documented","reconstructed_current_not_compustat_exact","sec_edgar|sec_financial_statement_datasets|sec_financial_statement_notes|twelve_data_basic|openfigi","implementation_pit_identity_coverage_and_fidelity_pending","false","https://raw.githubusercontent.com/OpenSourceAP/CrossSection/8db892442c2c3a3779b0f1eac4370d3655be15a1/Signals/pyCode/Predictors/ZZ1_FR_FRbook.py","2026-08-09"
"Frontier","Accounting","strict_93_unfinished","multiple_sources_required","free_route_documented","reconstructed_current_not_compustat_exact","sec_edgar|sec_financial_statement_datasets|sec_financial_statement_notes|twelve_data_basic|openfigi","implementation_pit_identity_coverage_and_fidelity_pending","false","https://raw.githubusercontent.com/OpenSourceAP/CrossSection/8db892442c2c3a3779b0f1eac4370d3655be15a1/Signals/pyCode/Predictors/Frontier.py","2026-08-09"
"Governance","Other","strict_93_unfinished","historical_point_in_time_missing","free_reconstruction_only","low_confidence_reconstruction","sec_edgar","current_g_index_not_published_and_24_provision_extraction_unvalidated","false","https://raw.githubusercontent.com/OpenSourceAP/CrossSection/8db892442c2c3a3779b0f1eac4370d3655be15a1/Signals/pyCode/Predictors/Governance.py","2026-08-09"
"GP","Accounting","current_proxy_unvalidated","multiple_sources_required","free_route_documented","reconstructed_current_not_compustat_exact","sec_edgar|sec_financial_statement_datasets|sec_financial_statement_notes|twelve_data_basic|openfigi","implementation_pit_identity_coverage_and_fidelity_pending","false","https://raw.githubusercontent.com/OpenSourceAP/CrossSection/8db892442c2c3a3779b0f1eac4370d3655be15a1/Signals/pyCode/Predictors/GP.py","2026-08-09"
"GrLTNOA","Accounting","strict_93_unfinished","multiple_sources_required","free_route_documented","reconstructed_current_not_compustat_exact","sec_edgar|sec_financial_statement_datasets|sec_financial_statement_notes|twelve_data_basic|openfigi","implementation_pit_identity_coverage_and_fidelity_pending","false","https://raw.githubusercontent.com/OpenSourceAP/CrossSection/8db892442c2c3a3779b0f1eac4370d3655be15a1/Signals/pyCode/Predictors/GrLTNOA.py","2026-08-09"
"GrSaleToGrInv","Accounting","current_proxy_unvalidated","multiple_sources_required","free_route_documented","reconstructed_current_not_compustat_exact","sec_edgar|sec_financial_statement_datasets|sec_financial_statement_notes|twelve_data_basic|openfigi","implementation_pit_identity_coverage_and_fidelity_pending","false","https://raw.githubusercontent.com/OpenSourceAP/CrossSection/8db892442c2c3a3779b0f1eac4370d3655be15a1/Signals/pyCode/Predictors/GrSaleToGrInv.py","2026-08-09"
"GrSaleToGrOverhead","Accounting","statistically_excluded_or_not_selected","multiple_sources_required","free_route_documented","reconstructed_current_not_compustat_exact","sec_edgar|sec_financial_statement_datasets|sec_financial_statement_notes|twelve_data_basic|openfigi","implementation_pit_identity_coverage_and_fidelity_pending","false","https://raw.githubusercontent.com/OpenSourceAP/CrossSection/8db892442c2c3a3779b0f1eac4370d3655be15a1/Signals/pyCode/Predictors/GrSaleToGrOverhead.py","2026-08-09"
"Herf","Other","strict_93_unfinished","multiple_sources_required","free_route_documented","source_specific_reconstruction","sec_edgar|sec_financial_statement_notes|twelve_data_basic|openfigi","implementation_pit_identity_coverage_and_fidelity_pending","false","https://raw.githubusercontent.com/OpenSourceAP/CrossSection/8db892442c2c3a3779b0f1eac4370d3655be15a1/Signals/pyCode/Predictors/Herf.py","2026-08-09"
"HerfAsset","Other","statistically_excluded_or_not_selected","multiple_sources_required","free_route_documented","source_specific_reconstruction","sec_edgar|sec_financial_statement_notes|twelve_data_basic|openfigi","implementation_pit_identity_coverage_and_fidelity_pending","false","https://raw.githubusercontent.com/OpenSourceAP/CrossSection/8db892442c2c3a3779b0f1eac4370d3655be15a1/Signals/pyCode/Predictors/HerfAsset.py","2026-08-09"
"HerfBE","Other","strict_93_unfinished","multiple_sources_required","free_route_documented","source_specific_reconstruction","sec_edgar|sec_financial_statement_notes|twelve_data_basic|openfigi","implementation_pit_identity_coverage_and_fidelity_pending","false","https://raw.githubusercontent.com/OpenSourceAP/CrossSection/8db892442c2c3a3779b0f1eac4370d3655be15a1/Signals/pyCode/Predictors/HerfBE.py","2026-08-09"
"High52","Price","statistically_excluded_or_not_selected","multiple_sources_required","free_route_documented","market_data_equivalent_or_proxy","twelve_data_basic|kenneth_french_factors|cboe_vix|sec_edgar|openfigi","implementation_pit_identity_coverage_and_fidelity_pending","false","https://raw.githubusercontent.com/OpenSourceAP/CrossSection/8db892442c2c3a3779b0f1eac4370d3655be15a1/Signals/pyCode/Predictors/High52.py","2026-08-09"
"hire","Other","strict_93_unfinished","multiple_sources_required","free_route_documented","source_specific_reconstruction","sec_edgar|sec_financial_statement_notes|twelve_data_basic|openfigi","implementation_pit_identity_coverage_and_fidelity_pending","false","https://raw.githubusercontent.com/OpenSourceAP/CrossSection/8db892442c2c3a3779b0f1eac4370d3655be15a1/Signals/pyCode/Predictors/hire.py","2026-08-09"
"IdioVol3F","Price","strict_93_unfinished","multiple_sources_required","free_route_documented","market_data_equivalent_or_proxy","twelve_data_basic|kenneth_french_factors|cboe_vix|sec_edgar|openfigi","implementation_pit_identity_coverage_and_fidelity_pending","false","https://raw.githubusercontent.com/OpenSourceAP/CrossSection/8db892442c2c3a3779b0f1eac4370d3655be15a1/Signals/pyCode/Predictors/ZZ0_RealizedVol_IdioVol3F_ReturnSkew3F.py","2026-08-09"
"IdioVolAHT","Price","current_proxy_unvalidated","multiple_sources_required","free_route_documented","market_data_equivalent_or_proxy","twelve_data_basic|kenneth_french_factors|cboe_vix|sec_edgar|openfigi","implementation_pit_identity_coverage_and_fidelity_pending","false","https://raw.githubusercontent.com/OpenSourceAP/CrossSection/8db892442c2c3a3779b0f1eac4370d3655be15a1/Signals/pyCode/Predictors/ZZ2_IdioVolAHT.py","2026-08-09"
"IndIPO","Event","strict_93_unfinished","source_access_unverified","free_route_documented","filing_event_reconstruction","sec_edgar|twelve_data_basic|field_ritter_ipo","implementation_pit_identity_coverage_and_fidelity_pending","false","https://raw.githubusercontent.com/OpenSourceAP/CrossSection/8db892442c2c3a3779b0f1eac4370d3655be15a1/Signals/pyCode/Predictors/IndIPO.py","2026-08-09"
"IndMom","Price","current_proxy_unvalidated","multiple_sources_required","free_route_documented","market_data_equivalent_or_proxy","twelve_data_basic|kenneth_french_factors|cboe_vix|sec_edgar|openfigi","implementation_pit_identity_coverage_and_fidelity_pending","false","https://raw.githubusercontent.com/OpenSourceAP/CrossSection/8db892442c2c3a3779b0f1eac4370d3655be15a1/Signals/pyCode/Predictors/IndMom.py","2026-08-09"
"IndRetBig","Price","strict_93_unfinished","multiple_sources_required","free_route_documented","market_data_equivalent_or_proxy","twelve_data_basic|kenneth_french_factors|cboe_vix|sec_edgar|openfigi","implementation_pit_identity_coverage_and_fidelity_pending","false","https://raw.githubusercontent.com/OpenSourceAP/CrossSection/8db892442c2c3a3779b0f1eac4370d3655be15a1/Signals/pyCode/Predictors/IndRetBig.py","2026-08-09"
"IntanBM","Accounting","strict_93_unfinished","multiple_sources_required","free_route_documented","reconstructed_current_not_compustat_exact","sec_edgar|sec_financial_statement_datasets|sec_financial_statement_notes|twelve_data_basic|openfigi","implementation_pit_identity_coverage_and_fidelity_pending","false","https://raw.githubusercontent.com/OpenSourceAP/CrossSection/8db892442c2c3a3779b0f1eac4370d3655be15a1/Signals/pyCode/Predictors/ZZ1_IntanBM_IntanSP_IntanCFP_IntanEP.py","2026-08-09"
"IntanCFP","Accounting","strict_93_unfinished","multiple_sources_required","free_route_documented","reconstructed_current_not_compustat_exact","sec_edgar|sec_financial_statement_datasets|sec_financial_statement_notes|twelve_data_basic|openfigi","implementation_pit_identity_coverage_and_fidelity_pending","false","https://raw.githubusercontent.com/OpenSourceAP/CrossSection/8db892442c2c3a3779b0f1eac4370d3655be15a1/Signals/pyCode/Predictors/ZZ1_IntanBM_IntanSP_IntanCFP_IntanEP.py","2026-08-09"
"IntanEP","Accounting","strict_93_unfinished","multiple_sources_required","free_route_documented","reconstructed_current_not_compustat_exact","sec_edgar|sec_financial_statement_datasets|sec_financial_statement_notes|twelve_data_basic|openfigi","implementation_pit_identity_coverage_and_fidelity_pending","false","https://raw.githubusercontent.com/OpenSourceAP/CrossSection/8db892442c2c3a3779b0f1eac4370d3655be15a1/Signals/pyCode/Predictors/ZZ1_IntanBM_IntanSP_IntanCFP_IntanEP.py","2026-08-09"
"IntanSP","Accounting","strict_93_unfinished","multiple_sources_required","free_route_documented","reconstructed_current_not_compustat_exact","sec_edgar|sec_financial_statement_datasets|sec_financial_statement_notes|twelve_data_basic|openfigi","implementation_pit_identity_coverage_and_fidelity_pending","false","https://raw.githubusercontent.com/OpenSourceAP/CrossSection/8db892442c2c3a3779b0f1eac4370d3655be15a1/Signals/pyCode/Predictors/ZZ1_IntanBM_IntanSP_IntanCFP_IntanEP.py","2026-08-09"
"Investment","Accounting","current_proxy_unvalidated","multiple_sources_required","free_route_documented","reconstructed_current_not_compustat_exact","sec_edgar|sec_financial_statement_datasets|sec_financial_statement_notes|twelve_data_basic|openfigi","implementation_pit_identity_coverage_and_fidelity_pending","false","https://raw.githubusercontent.com/OpenSourceAP/CrossSection/8db892442c2c3a3779b0f1eac4370d3655be15a1/Signals/pyCode/Predictors/Investment.py","2026-08-09"
"InvGrowth","Accounting","current_proxy_unvalidated","multiple_sources_required","free_route_documented","reconstructed_current_not_compustat_exact","sec_edgar|sec_financial_statement_datasets|sec_financial_statement_notes|twelve_data_basic|openfigi","implementation_pit_identity_coverage_and_fidelity_pending","false","https://raw.githubusercontent.com/OpenSourceAP/CrossSection/8db892442c2c3a3779b0f1eac4370d3655be15a1/Signals/pyCode/Predictors/InvGrowth.py","2026-08-09"
"IO_ShortInterest","13F","strict_93_unfinished","historical_point_in_time_missing","free_route_documented","official_structured_plus_identity_mapping","sec_13f|sec_edgar|finra_equity_short_interest|twelve_data_basic|openfigi","implementation_pit_identity_coverage_and_fidelity_pending","false","https://raw.githubusercontent.com/OpenSourceAP/CrossSection/8db892442c2c3a3779b0f1eac4370d3655be15a1/Signals/pyCode/Predictors/IO_ShortInterest.py","2026-08-09"
"iomom_cust","Other","statistically_excluded_or_not_selected","identifier_bridge_missing","free_route_documented","source_specific_reconstruction","bea_input_output|census_naics_concordance|sec_edgar|twelve_data_basic|openfigi","implementation_pit_identity_coverage_and_fidelity_pending","false","https://raw.githubusercontent.com/OpenSourceAP/CrossSection/8db892442c2c3a3779b0f1eac4370d3655be15a1/Signals/pyCode/Predictors/ZZ1_iomom_cust__iomom_supp.py","2026-08-09"
"iomom_supp","Other","strict_93_unfinished","identifier_bridge_missing","free_route_documented","source_specific_reconstruction","bea_input_output|census_naics_concordance|sec_edgar|twelve_data_basic|openfigi","implementation_pit_identity_coverage_and_fidelity_pending","false","https://raw.githubusercontent.com/OpenSourceAP/CrossSection/8db892442c2c3a3779b0f1eac4370d3655be15a1/Signals/pyCode/Predictors/ZZ1_iomom_cust__iomom_supp.py","2026-08-09"
"Leverage","Accounting","current_proxy_unvalidated","multiple_sources_required","free_route_documented","reconstructed_current_not_compustat_exact","sec_edgar|sec_financial_statement_datasets|sec_financial_statement_notes|twelve_data_basic|openfigi","implementation_pit_identity_coverage_and_fidelity_pending","false","https://raw.githubusercontent.com/OpenSourceAP/CrossSection/8db892442c2c3a3779b0f1eac4370d3655be15a1/Signals/pyCode/Predictors/Leverage.py","2026-08-09"
"MeanRankRevGrowth","Accounting","strict_93_unfinished","multiple_sources_required","free_route_documented","reconstructed_current_not_compustat_exact","sec_edgar|sec_financial_statement_datasets|sec_financial_statement_notes|twelve_data_basic|openfigi","implementation_pit_identity_coverage_and_fidelity_pending","false","https://raw.githubusercontent.com/OpenSourceAP/CrossSection/8db892442c2c3a3779b0f1eac4370d3655be15a1/Signals/pyCode/Predictors/MeanRankRevGrowth.py","2026-08-09"
"Mom6mJunk","Price","strict_93_unfinished","multiple_sources_required","free_route_documented","market_data_equivalent_or_proxy","twelve_data_basic|kenneth_french_factors|cboe_vix|sec_edgar|openfigi","implementation_pit_identity_coverage_and_fidelity_pending","false","https://raw.githubusercontent.com/OpenSourceAP/CrossSection/8db892442c2c3a3779b0f1eac4370d3655be15a1/Signals/pyCode/Predictors/Mom6mJunk.py","2026-08-09"
"MomOffSeason11YrPlus","Price","statistically_excluded_or_not_selected","multiple_sources_required","free_route_documented","market_data_equivalent_or_proxy","twelve_data_basic|kenneth_french_factors|cboe_vix|sec_edgar|openfigi","implementation_pit_identity_coverage_and_fidelity_pending","false","https://raw.githubusercontent.com/OpenSourceAP/CrossSection/8db892442c2c3a3779b0f1eac4370d3655be15a1/Signals/pyCode/Predictors/MomOffSeason11YrPlus.py","2026-08-09"
"MomRev","Price","strict_93_unfinished","multiple_sources_required","free_route_documented","market_data_equivalent_or_proxy","twelve_data_basic|kenneth_french_factors|cboe_vix|sec_edgar|openfigi","implementation_pit_identity_coverage_and_fidelity_pending","false","https://raw.githubusercontent.com/OpenSourceAP/CrossSection/8db892442c2c3a3779b0f1eac4370d3655be15a1/Signals/pyCode/Predictors/MomRev.py","2026-08-09"
"MomVol","Price","strict_93_unfinished","multiple_sources_required","free_route_documented","market_data_equivalent_or_proxy","twelve_data_basic|kenneth_french_factors|cboe_vix|sec_edgar|openfigi","implementation_pit_identity_coverage_and_fidelity_pending","false","https://raw.githubusercontent.com/OpenSourceAP/CrossSection/8db892442c2c3a3779b0f1eac4370d3655be15a1/Signals/pyCode/Predictors/MomVol.py","2026-08-09"
"MS","Accounting","strict_93_unfinished","multiple_sources_required","free_route_documented","reconstructed_current_not_compustat_exact","sec_edgar|sec_financial_statement_datasets|sec_financial_statement_notes|twelve_data_basic|openfigi","implementation_pit_identity_coverage_and_fidelity_pending","false","https://raw.githubusercontent.com/OpenSourceAP/CrossSection/8db892442c2c3a3779b0f1eac4370d3655be15a1/Signals/pyCode/Predictors/MS.py","2026-08-09"
"NetDebtFinance","Accounting","current_proxy_unvalidated","multiple_sources_required","free_route_documented","reconstructed_current_not_compustat_exact","sec_edgar|sec_financial_statement_datasets|sec_financial_statement_notes|twelve_data_basic|openfigi","implementation_pit_identity_coverage_and_fidelity_pending","false","https://raw.githubusercontent.com/OpenSourceAP/CrossSection/8db892442c2c3a3779b0f1eac4370d3655be15a1/Signals/pyCode/Predictors/NetDebtFinance.py","2026-08-09"
"NetDebtPrice","Accounting","current_proxy_unvalidated","multiple_sources_required","free_route_documented","reconstructed_current_not_compustat_exact","sec_edgar|sec_financial_statement_datasets|sec_financial_statement_notes|twelve_data_basic|openfigi","implementation_pit_identity_coverage_and_fidelity_pending","false","https://raw.githubusercontent.com/OpenSourceAP/CrossSection/8db892442c2c3a3779b0f1eac4370d3655be15a1/Signals/pyCode/Predictors/NetDebtPrice.py","2026-08-09"
"NetEquityFinance","Accounting","current_proxy_unvalidated","multiple_sources_required","free_route_documented","reconstructed_current_not_compustat_exact","sec_edgar|sec_financial_statement_datasets|sec_financial_statement_notes|twelve_data_basic|openfigi","implementation_pit_identity_coverage_and_fidelity_pending","false","https://raw.githubusercontent.com/OpenSourceAP/CrossSection/8db892442c2c3a3779b0f1eac4370d3655be15a1/Signals/pyCode/Predictors/NetEquityFinance.py","2026-08-09"
"NetPayoutYield","Accounting","current_proxy_unvalidated","multiple_sources_required","free_route_documented","reconstructed_current_not_compustat_exact","sec_edgar|sec_financial_statement_datasets|sec_financial_statement_notes|twelve_data_basic|openfigi","implementation_pit_identity_coverage_and_fidelity_pending","false","https://raw.githubusercontent.com/OpenSourceAP/CrossSection/8db892442c2c3a3779b0f1eac4370d3655be15a1/Signals/pyCode/Predictors/NetPayoutYield.py","2026-08-09"
"NOA","Accounting","current_proxy_unvalidated","multiple_sources_required","free_route_documented","reconstructed_current_not_compustat_exact","sec_edgar|sec_financial_statement_datasets|sec_financial_statement_notes|twelve_data_basic|openfigi","implementation_pit_identity_coverage_and_fidelity_pending","false","https://raw.githubusercontent.com/OpenSourceAP/CrossSection/8db892442c2c3a3779b0f1eac4370d3655be15a1/Signals/pyCode/Predictors/NOA.py","2026-08-09"
"NumEarnIncrease","Accounting","strict_93_unfinished","historical_point_in_time_missing","free_route_documented","reconstructed_current_not_compustat_exact","sec_edgar|sec_financial_statement_datasets|sec_financial_statement_notes|twelve_data_basic|openfigi","implementation_pit_identity_coverage_and_fidelity_pending","false","https://raw.githubusercontent.com/OpenSourceAP/CrossSection/8db892442c2c3a3779b0f1eac4370d3655be15a1/Signals/pyCode/Predictors/NumEarnIncrease.py","2026-08-09"
"OperProf","Accounting","current_proxy_unvalidated","multiple_sources_required","free_route_documented","reconstructed_current_not_compustat_exact","sec_edgar|sec_financial_statement_datasets|sec_financial_statement_notes|twelve_data_basic|openfigi","implementation_pit_identity_coverage_and_fidelity_pending","false","https://raw.githubusercontent.com/OpenSourceAP/CrossSection/8db892442c2c3a3779b0f1eac4370d3655be15a1/Signals/pyCode/Predictors/OperProf.py","2026-08-09"
"OperProfRD","Accounting","statistically_excluded_or_not_selected","multiple_sources_required","free_route_documented","reconstructed_current_not_compustat_exact","sec_edgar|sec_financial_statement_datasets|sec_financial_statement_notes|twelve_data_basic|openfigi","implementation_pit_identity_coverage_and_fidelity_pending","false","https://raw.githubusercontent.com/OpenSourceAP/CrossSection/8db892442c2c3a3779b0f1eac4370d3655be15a1/Signals/pyCode/Predictors/OperProfRD.py","2026-08-09"
"OPLeverage","Accounting","current_proxy_unvalidated","multiple_sources_required","free_route_documented","reconstructed_current_not_compustat_exact","sec_edgar|sec_financial_statement_datasets|sec_financial_statement_notes|twelve_data_basic|openfigi","implementation_pit_identity_coverage_and_fidelity_pending","false","https://raw.githubusercontent.com/OpenSourceAP/CrossSection/8db892442c2c3a3779b0f1eac4370d3655be15a1/Signals/pyCode/Predictors/OPLeverage.py","2026-08-09"
"OptionVolume1","Options","current_proxy_unvalidated","historical_point_in_time_missing","free_account_candidate","current_chain_candidate","tradier_personal_api","brokerage_account_eligibility_permission_and_coverage_unverified","false","https://raw.githubusercontent.com/OpenSourceAP/CrossSection/8db892442c2c3a3779b0f1eac4370d3655be15a1/Signals/pyCode/Predictors/ZZ1_OptionVolume1_OptionVolume2.py","2026-08-09"
"OptionVolume2","Options","current_proxy_unvalidated","historical_point_in_time_missing","free_account_candidate","current_chain_candidate","tradier_personal_api","brokerage_account_eligibility_permission_and_coverage_unverified","false","https://raw.githubusercontent.com/OpenSourceAP/CrossSection/8db892442c2c3a3779b0f1eac4370d3655be15a1/Signals/pyCode/Predictors/ZZ1_OptionVolume1_OptionVolume2.py","2026-08-09"
"OrderBacklog","Accounting","strict_93_unfinished","multiple_sources_required","free_route_documented","reconstructed_current_not_compustat_exact","sec_edgar|sec_financial_statement_datasets|sec_financial_statement_notes|twelve_data_basic|openfigi","implementation_pit_identity_coverage_and_fidelity_pending","false","https://raw.githubusercontent.com/OpenSourceAP/CrossSection/8db892442c2c3a3779b0f1eac4370d3655be15a1/Signals/pyCode/Predictors/OrderBacklog.py","2026-08-09"
"OrderBacklogChg","Accounting","strict_93_unfinished","multiple_sources_required","free_route_documented","reconstructed_current_not_compustat_exact","sec_edgar|sec_financial_statement_datasets|sec_financial_statement_notes|twelve_data_basic|openfigi","implementation_pit_identity_coverage_and_fidelity_pending","false","https://raw.githubusercontent.com/OpenSourceAP/CrossSection/8db892442c2c3a3779b0f1eac4370d3655be15a1/Signals/pyCode/Predictors/OrderBacklogChg.py","2026-08-09"
"OrgCap","Accounting","strict_93_unfinished","multiple_sources_required","free_route_documented","reconstructed_current_not_compustat_exact","sec_edgar|sec_financial_statement_datasets|sec_financial_statement_notes|twelve_data_basic|openfigi","implementation_pit_identity_coverage_and_fidelity_pending","false","https://raw.githubusercontent.com/OpenSourceAP/CrossSection/8db892442c2c3a3779b0f1eac4370d3655be15a1/Signals/pyCode/Predictors/ZZ1_OrgCap_OrgCapNoAdj.py","2026-08-09"
"OScore","Accounting","strict_93_unfinished","multiple_sources_required","free_route_documented","reconstructed_current_not_compustat_exact","sec_edgar|sec_financial_statement_datasets|sec_financial_statement_notes|twelve_data_basic|openfigi","implementation_pit_identity_coverage_and_fidelity_pending","false","https://raw.githubusercontent.com/OpenSourceAP/CrossSection/8db892442c2c3a3779b0f1eac4370d3655be15a1/Signals/pyCode/Predictors/OScore.py","2026-08-09"
"PatentsRD","Other","strict_93_unfinished","multiple_sources_required","free_route_documented","source_specific_reconstruction","uspto_patentsview|kpss_patent_crsp_extended|sec_edgar|openfigi","implementation_pit_identity_coverage_and_fidelity_pending","false","https://raw.githubusercontent.com/OpenSourceAP/CrossSection/8db892442c2c3a3779b0f1eac4370d3655be15a1/Signals/pyCode/Predictors/PatentsRD.py","2026-08-09"
"PayoutYield","Accounting","current_proxy_unvalidated","multiple_sources_required","free_route_documented","reconstructed_current_not_compustat_exact","sec_edgar|sec_financial_statement_datasets|sec_financial_statement_notes|twelve_data_basic|openfigi","implementation_pit_identity_coverage_and_fidelity_pending","false","https://raw.githubusercontent.com/OpenSourceAP/CrossSection/8db892442c2c3a3779b0f1eac4370d3655be15a1/Signals/pyCode/Predictors/PayoutYield.py","2026-08-09"
"PctTotAcc","Accounting","strict_93_unfinished","multiple_sources_required","free_route_documented","reconstructed_current_not_compustat_exact","sec_edgar|sec_financial_statement_datasets|sec_financial_statement_notes|twelve_data_basic|openfigi","implementation_pit_identity_coverage_and_fidelity_pending","false","https://raw.githubusercontent.com/OpenSourceAP/CrossSection/8db892442c2c3a3779b0f1eac4370d3655be15a1/Signals/pyCode/Predictors/PctTotAcc.py","2026-08-09"
"PredictedFE","Accounting","statistically_excluded_or_not_selected","multiple_sources_required","free_candidate_not_authorized_or_equivalent","blocked_for_aurora","alpha_vantage_free|fmp_basic","free_terms_or_definition_do_not_support_ibes_equivalent_panel","false","https://raw.githubusercontent.com/OpenSourceAP/CrossSection/8db892442c2c3a3779b0f1eac4370d3655be15a1/Signals/pyCode/Predictors/ZZ1_AnalystValue_AOP_PredictedFE_IntrinsicValue.py","2026-08-09"
"PriceDelayRsq","Price","strict_93_unfinished","multiple_sources_required","free_route_documented","market_data_equivalent_or_proxy","twelve_data_basic|kenneth_french_factors|cboe_vix|sec_edgar|openfigi","implementation_pit_identity_coverage_and_fidelity_pending","false","https://raw.githubusercontent.com/OpenSourceAP/CrossSection/8db892442c2c3a3779b0f1eac4370d3655be15a1/Signals/pyCode/Predictors/ZZ2_PriceDelaySlope_PriceDelayRsq_PriceDelayTstat.py","2026-08-09"
"PriceDelaySlope","Price","statistically_excluded_or_not_selected","multiple_sources_required","free_route_documented","market_data_equivalent_or_proxy","twelve_data_basic|kenneth_french_factors|cboe_vix|sec_edgar|openfigi","implementation_pit_identity_coverage_and_fidelity_pending","false","https://raw.githubusercontent.com/OpenSourceAP/CrossSection/8db892442c2c3a3779b0f1eac4370d3655be15a1/Signals/pyCode/Predictors/ZZ2_PriceDelaySlope_PriceDelayRsq_PriceDelayTstat.py","2026-08-09"
"PriceDelayTstat","Price","statistically_excluded_or_not_selected","multiple_sources_required","free_route_documented","market_data_equivalent_or_proxy","twelve_data_basic|kenneth_french_factors|cboe_vix|sec_edgar|openfigi","implementation_pit_identity_coverage_and_fidelity_pending","false","https://raw.githubusercontent.com/OpenSourceAP/CrossSection/8db892442c2c3a3779b0f1eac4370d3655be15a1/Signals/pyCode/Predictors/ZZ2_PriceDelaySlope_PriceDelayRsq_PriceDelayTstat.py","2026-08-09"
"ProbInformedTrading","Trading","strict_93_unfinished","historical_point_in_time_missing","free_proxy_only","incomplete_proxy","finra_short_sale_volume|single_venue_public_data","consolidated_classified_intraday_trade_panel_missing","false","https://raw.githubusercontent.com/OpenSourceAP/CrossSection/8db892442c2c3a3779b0f1eac4370d3655be15a1/Signals/pyCode/Predictors/ProbInformedTrading.py","2026-08-09"
"PS","Accounting","strict_93_unfinished","multiple_sources_required","free_route_documented","reconstructed_current_not_compustat_exact","sec_edgar|sec_financial_statement_datasets|sec_financial_statement_notes|twelve_data_basic|openfigi","implementation_pit_identity_coverage_and_fidelity_pending","false","https://raw.githubusercontent.com/OpenSourceAP/CrossSection/8db892442c2c3a3779b0f1eac4370d3655be15a1/Signals/pyCode/Predictors/PS.py","2026-08-09"
"RD","Accounting","current_proxy_unvalidated","multiple_sources_required","free_route_documented","reconstructed_current_not_compustat_exact","sec_edgar|sec_financial_statement_datasets|sec_financial_statement_notes|twelve_data_basic|openfigi","implementation_pit_identity_coverage_and_fidelity_pending","false","https://raw.githubusercontent.com/OpenSourceAP/CrossSection/8db892442c2c3a3779b0f1eac4370d3655be15a1/Signals/pyCode/Predictors/RD.py","2026-08-09"
"RDAbility","Accounting","statistically_excluded_or_not_selected","multiple_sources_required","free_route_documented","reconstructed_current_not_compustat_exact","sec_edgar|sec_financial_statement_datasets|sec_financial_statement_notes|twelve_data_basic|openfigi","implementation_pit_identity_coverage_and_fidelity_pending","false","https://raw.githubusercontent.com/OpenSourceAP/CrossSection/8db892442c2c3a3779b0f1eac4370d3655be15a1/Signals/pyCode/Predictors/RDAbility.py","2026-08-09"
"RDcap","Accounting","current_proxy_unvalidated","multiple_sources_required","free_route_documented","reconstructed_current_not_compustat_exact","sec_edgar|sec_financial_statement_datasets|sec_financial_statement_notes|twelve_data_basic|openfigi","implementation_pit_identity_coverage_and_fidelity_pending","false","https://raw.githubusercontent.com/OpenSourceAP/CrossSection/8db892442c2c3a3779b0f1eac4370d3655be15a1/Signals/pyCode/Predictors/RDcap.py","2026-08-09"
"RDIPO","Event","strict_93_unfinished","source_access_unverified","free_route_documented","filing_event_reconstruction","sec_edgar|twelve_data_basic|field_ritter_ipo","implementation_pit_identity_coverage_and_fidelity_pending","false","https://raw.githubusercontent.com/OpenSourceAP/CrossSection/8db892442c2c3a3779b0f1eac4370d3655be15a1/Signals/pyCode/Predictors/RDIPO.py","2026-08-09"
"RDS","Accounting","strict_93_unfinished","multiple_sources_required","free_route_documented","reconstructed_current_not_compustat_exact","sec_edgar|sec_financial_statement_datasets|sec_financial_statement_notes|twelve_data_basic|openfigi","implementation_pit_identity_coverage_and_fidelity_pending","false","https://raw.githubusercontent.com/OpenSourceAP/CrossSection/8db892442c2c3a3779b0f1eac4370d3655be15a1/Signals/pyCode/Predictors/RDS.py","2026-08-09"
"realestate","Accounting","statistically_excluded_or_not_selected","multiple_sources_required","free_route_documented","reconstructed_current_not_compustat_exact","sec_edgar|sec_financial_statement_datasets|sec_financial_statement_notes|twelve_data_basic|openfigi","implementation_pit_identity_coverage_and_fidelity_pending","false","https://raw.githubusercontent.com/OpenSourceAP/CrossSection/8db892442c2c3a3779b0f1eac4370d3655be15a1/Signals/pyCode/Predictors/realestate.py","2026-08-09"
"RealizedVol","Price","current_proxy_unvalidated","multiple_sources_required","free_route_documented","market_data_equivalent_or_proxy","twelve_data_basic|kenneth_french_factors|cboe_vix|sec_edgar|openfigi","implementation_pit_identity_coverage_and_fidelity_pending","false","https://raw.githubusercontent.com/OpenSourceAP/CrossSection/8db892442c2c3a3779b0f1eac4370d3655be15a1/Signals/pyCode/Predictors/ZZ0_RealizedVol_IdioVol3F_ReturnSkew3F.py","2026-08-09"
"Recomm_ShortInterest","Analyst","strict_93_unfinished","historical_point_in_time_missing","free_candidate_not_authorized_or_equivalent","blocked_for_aurora","alpha_vantage_free|fmp_basic","free_terms_or_definition_do_not_support_ibes_equivalent_panel","false","https://raw.githubusercontent.com/OpenSourceAP/CrossSection/8db892442c2c3a3779b0f1eac4370d3655be15a1/Signals/pyCode/Predictors/Recomm_ShortInterest.py","2026-08-09"
"ResidualMomentum","Price","strict_93_unfinished","multiple_sources_required","free_route_documented","market_data_equivalent_or_proxy","twelve_data_basic|kenneth_french_factors|cboe_vix|sec_edgar|openfigi","implementation_pit_identity_coverage_and_fidelity_pending","false","https://raw.githubusercontent.com/OpenSourceAP/CrossSection/8db892442c2c3a3779b0f1eac4370d3655be15a1/Signals/pyCode/Predictors/ZZ1_ResidualMomentum6m_ResidualMomentum.py","2026-08-09"
"retConglomerate","Price","strict_93_unfinished","no_free_authorized_source","free_route_documented","market_data_equivalent_or_proxy","twelve_data_basic|kenneth_french_factors|cboe_vix|sec_edgar|openfigi","implementation_pit_identity_coverage_and_fidelity_pending","false","https://raw.githubusercontent.com/OpenSourceAP/CrossSection/8db892442c2c3a3779b0f1eac4370d3655be15a1/Signals/pyCode/Predictors/retConglomerate.py","2026-08-09"
"ReturnSkew3F","Price","strict_93_unfinished","multiple_sources_required","free_route_documented","market_data_equivalent_or_proxy","twelve_data_basic|kenneth_french_factors|cboe_vix|sec_edgar|openfigi","implementation_pit_identity_coverage_and_fidelity_pending","false","https://raw.githubusercontent.com/OpenSourceAP/CrossSection/8db892442c2c3a3779b0f1eac4370d3655be15a1/Signals/pyCode/Predictors/ZZ0_RealizedVol_IdioVol3F_ReturnSkew3F.py","2026-08-09"
"REV6","Analyst","current_proxy_unvalidated","historical_point_in_time_missing","free_candidate_not_authorized_or_equivalent","blocked_for_aurora","alpha_vantage_free|fmp_basic","free_terms_or_definition_do_not_support_ibes_equivalent_panel","false","https://raw.githubusercontent.com/OpenSourceAP/CrossSection/8db892442c2c3a3779b0f1eac4370d3655be15a1/Signals/pyCode/Predictors/REV6.py","2026-08-09"
"RevenueSurprise","Accounting","strict_93_unfinished","historical_point_in_time_missing","free_route_documented","reconstructed_current_not_compustat_exact","sec_edgar|sec_financial_statement_datasets|sec_financial_statement_notes|twelve_data_basic|openfigi","implementation_pit_identity_coverage_and_fidelity_pending","false","https://raw.githubusercontent.com/OpenSourceAP/CrossSection/8db892442c2c3a3779b0f1eac4370d3655be15a1/Signals/pyCode/Predictors/RevenueSurprise.py","2026-08-09"
"RIO_Disp","13F","strict_93_unfinished","multiple_sources_required","free_candidate_not_authorized_or_equivalent","blocked_for_aurora","alpha_vantage_free|fmp_basic","free_terms_or_definition_do_not_support_ibes_equivalent_panel","false","https://raw.githubusercontent.com/OpenSourceAP/CrossSection/8db892442c2c3a3779b0f1eac4370d3655be15a1/Signals/pyCode/Predictors/ZZ1_RIO_MB_RIO_Disp_RIO_Turnover_RIO_Volatility.py","2026-08-09"
"RIO_MB","13F","strict_93_unfinished","multiple_sources_required","free_route_documented","official_structured_plus_identity_mapping","sec_13f|sec_edgar|finra_equity_short_interest|twelve_data_basic|openfigi","implementation_pit_identity_coverage_and_fidelity_pending","false","https://raw.githubusercontent.com/OpenSourceAP/CrossSection/8db892442c2c3a3779b0f1eac4370d3655be15a1/Signals/pyCode/Predictors/ZZ1_RIO_MB_RIO_Disp_RIO_Turnover_RIO_Volatility.py","2026-08-09"
"RIO_Turnover","13F","strict_93_unfinished","multiple_sources_required","free_route_documented","official_structured_plus_identity_mapping","sec_13f|sec_edgar|finra_equity_short_interest|twelve_data_basic|openfigi","implementation_pit_identity_coverage_and_fidelity_pending","false","https://raw.githubusercontent.com/OpenSourceAP/CrossSection/8db892442c2c3a3779b0f1eac4370d3655be15a1/Signals/pyCode/Predictors/ZZ1_RIO_MB_RIO_Disp_RIO_Turnover_RIO_Volatility.py","2026-08-09"
"RIO_Volatility","13F","strict_93_unfinished","multiple_sources_required","free_route_documented","official_structured_plus_identity_mapping","sec_13f|sec_edgar|finra_equity_short_interest|twelve_data_basic|openfigi","implementation_pit_identity_coverage_and_fidelity_pending","false","https://raw.githubusercontent.com/OpenSourceAP/CrossSection/8db892442c2c3a3779b0f1eac4370d3655be15a1/Signals/pyCode/Predictors/ZZ1_RIO_MB_RIO_Disp_RIO_Turnover_RIO_Volatility.py","2026-08-09"
"RIVolSpread","Options","current_proxy_unvalidated","historical_point_in_time_missing","free_account_candidate","current_chain_candidate","tradier_personal_api","brokerage_account_eligibility_permission_and_coverage_unverified","false","https://raw.githubusercontent.com/OpenSourceAP/CrossSection/8db892442c2c3a3779b0f1eac4370d3655be15a1/Signals/pyCode/Predictors/ZZ1_RIVolSpread.py","2026-08-09"
"roaq","Accounting","strict_93_unfinished","multiple_sources_required","free_route_documented","reconstructed_current_not_compustat_exact","sec_edgar|sec_financial_statement_datasets|sec_financial_statement_notes|twelve_data_basic|openfigi","implementation_pit_identity_coverage_and_fidelity_pending","false","https://raw.githubusercontent.com/OpenSourceAP/CrossSection/8db892442c2c3a3779b0f1eac4370d3655be15a1/Signals/pyCode/Predictors/roaq.py","2026-08-09"
"sfe","Analyst","current_proxy_unvalidated","historical_point_in_time_missing","free_candidate_not_authorized_or_equivalent","blocked_for_aurora","alpha_vantage_free|fmp_basic","free_terms_or_definition_do_not_support_ibes_equivalent_panel","false","https://raw.githubusercontent.com/OpenSourceAP/CrossSection/8db892442c2c3a3779b0f1eac4370d3655be15a1/Signals/pyCode/Predictors/sfe.py","2026-08-09"
"ShareIss1Y","Accounting","current_proxy_unvalidated","multiple_sources_required","free_route_documented","reconstructed_current_not_compustat_exact","sec_edgar|sec_financial_statement_datasets|sec_financial_statement_notes|twelve_data_basic|openfigi","implementation_pit_identity_coverage_and_fidelity_pending","false","https://raw.githubusercontent.com/OpenSourceAP/CrossSection/8db892442c2c3a3779b0f1eac4370d3655be15a1/Signals/pyCode/Predictors/ShareIss1Y.py","2026-08-09"
"ShareIss5Y","Accounting","current_proxy_unvalidated","multiple_sources_required","free_route_documented","reconstructed_current_not_compustat_exact","sec_edgar|sec_financial_statement_datasets|sec_financial_statement_notes|twelve_data_basic|openfigi","implementation_pit_identity_coverage_and_fidelity_pending","false","https://raw.githubusercontent.com/OpenSourceAP/CrossSection/8db892442c2c3a3779b0f1eac4370d3655be15a1/Signals/pyCode/Predictors/ShareIss5Y.py","2026-08-09"
"ShareRepurchase","Accounting","statistically_excluded_or_not_selected","multiple_sources_required","free_route_documented","reconstructed_current_not_compustat_exact","sec_edgar|sec_financial_statement_datasets|sec_financial_statement_notes|twelve_data_basic|openfigi","implementation_pit_identity_coverage_and_fidelity_pending","false","https://raw.githubusercontent.com/OpenSourceAP/CrossSection/8db892442c2c3a3779b0f1eac4370d3655be15a1/Signals/pyCode/Predictors/ShareRepurchase.py","2026-08-09"
"ShortInterest","Trading","strict_93_unfinished","historical_point_in_time_missing","free_route_documented","market_data_equivalent_or_proxy","twelve_data_basic|finra_equity_short_interest|sec_edgar|openfigi","implementation_pit_identity_coverage_and_fidelity_pending","false","https://raw.githubusercontent.com/OpenSourceAP/CrossSection/8db892442c2c3a3779b0f1eac4370d3655be15a1/Signals/pyCode/Predictors/ShortInterest.py","2026-08-09"
"sinAlgo","Other","statistically_excluded_or_not_selected","no_free_authorized_source","free_route_documented","source_specific_reconstruction","sec_edgar|sec_financial_statement_notes|twelve_data_basic|openfigi","implementation_pit_identity_coverage_and_fidelity_pending","false","https://raw.githubusercontent.com/OpenSourceAP/CrossSection/8db892442c2c3a3779b0f1eac4370d3655be15a1/Signals/pyCode/Predictors/sinAlgo.py","2026-08-09"
"Size","Price","current_proxy_unvalidated","multiple_sources_required","free_route_documented","market_data_equivalent_or_proxy","twelve_data_basic|kenneth_french_factors|cboe_vix|sec_edgar|openfigi","implementation_pit_identity_coverage_and_fidelity_pending","false","https://raw.githubusercontent.com/OpenSourceAP/CrossSection/8db892442c2c3a3779b0f1eac4370d3655be15a1/Signals/pyCode/Predictors/Size.py","2026-08-09"
"skew1","Options","current_proxy_unvalidated","historical_point_in_time_missing","free_account_candidate","current_chain_candidate","tradier_personal_api","brokerage_account_eligibility_permission_and_coverage_unverified","false","https://raw.githubusercontent.com/OpenSourceAP/CrossSection/8db892442c2c3a3779b0f1eac4370d3655be15a1/Signals/pyCode/Predictors/skew1.py","2026-08-09"
"SmileSlope","Options","current_proxy_unvalidated","historical_point_in_time_missing","free_account_candidate","current_chain_candidate","tradier_personal_api","brokerage_account_eligibility_permission_and_coverage_unverified","false","https://raw.githubusercontent.com/OpenSourceAP/CrossSection/8db892442c2c3a3779b0f1eac4370d3655be15a1/Signals/pyCode/Predictors/SmileSlope.py","2026-08-09"
"SP","Accounting","current_proxy_unvalidated","multiple_sources_required","free_route_documented","reconstructed_current_not_compustat_exact","sec_edgar|sec_financial_statement_datasets|sec_financial_statement_notes|twelve_data_basic|openfigi","implementation_pit_identity_coverage_and_fidelity_pending","false","https://raw.githubusercontent.com/OpenSourceAP/CrossSection/8db892442c2c3a3779b0f1eac4370d3655be15a1/Signals/pyCode/Predictors/SP.py","2026-08-09"
"Spinoff","Event","strict_93_unfinished","proxy_only","free_route_documented","filing_event_reconstruction","sec_edgar|twelve_data_basic|field_ritter_ipo","implementation_pit_identity_coverage_and_fidelity_pending","false","https://raw.githubusercontent.com/OpenSourceAP/CrossSection/8db892442c2c3a3779b0f1eac4370d3655be15a1/Signals/pyCode/Predictors/Spinoff.py","2026-08-09"
"std_turn","Trading","current_proxy_unvalidated","multiple_sources_required","free_route_documented","market_data_equivalent_or_proxy","twelve_data_basic|finra_equity_short_interest|sec_edgar|openfigi","implementation_pit_identity_coverage_and_fidelity_pending","false","https://raw.githubusercontent.com/OpenSourceAP/CrossSection/8db892442c2c3a3779b0f1eac4370d3655be15a1/Signals/pyCode/Predictors/std_turn.py","2026-08-09"
"SurpriseRD","Accounting","current_proxy_unvalidated","multiple_sources_required","free_route_documented","reconstructed_current_not_compustat_exact","sec_edgar|sec_financial_statement_datasets|sec_financial_statement_notes|twelve_data_basic|openfigi","implementation_pit_identity_coverage_and_fidelity_pending","false","https://raw.githubusercontent.com/OpenSourceAP/CrossSection/8db892442c2c3a3779b0f1eac4370d3655be15a1/Signals/pyCode/Predictors/SurpriseRD.py","2026-08-09"
"tang","Accounting","current_proxy_unvalidated","multiple_sources_required","free_route_documented","reconstructed_current_not_compustat_exact","sec_edgar|sec_financial_statement_datasets|sec_financial_statement_notes|twelve_data_basic|openfigi","implementation_pit_identity_coverage_and_fidelity_pending","false","https://raw.githubusercontent.com/OpenSourceAP/CrossSection/8db892442c2c3a3779b0f1eac4370d3655be15a1/Signals/pyCode/Predictors/tang.py","2026-08-09"
"Tax","Accounting","strict_93_unfinished","multiple_sources_required","free_route_documented","reconstructed_current_not_compustat_exact","sec_edgar|sec_financial_statement_datasets|sec_financial_statement_notes|twelve_data_basic|openfigi","implementation_pit_identity_coverage_and_fidelity_pending","false","https://raw.githubusercontent.com/OpenSourceAP/CrossSection/8db892442c2c3a3779b0f1eac4370d3655be15a1/Signals/pyCode/Predictors/Tax.py","2026-08-09"
"TotalAccruals","Accounting","current_proxy_unvalidated","multiple_sources_required","free_route_documented","reconstructed_current_not_compustat_exact","sec_edgar|sec_financial_statement_datasets|sec_financial_statement_notes|twelve_data_basic|openfigi","implementation_pit_identity_coverage_and_fidelity_pending","false","https://raw.githubusercontent.com/OpenSourceAP/CrossSection/8db892442c2c3a3779b0f1eac4370d3655be15a1/Signals/pyCode/Predictors/TotalAccruals.py","2026-08-09"
"TrendFactor","Price","current_proxy_unvalidated","multiple_sources_required","free_route_documented","market_data_equivalent_or_proxy","twelve_data_basic|kenneth_french_factors|cboe_vix|sec_edgar|openfigi","implementation_pit_identity_coverage_and_fidelity_pending","false","https://raw.githubusercontent.com/OpenSourceAP/CrossSection/8db892442c2c3a3779b0f1eac4370d3655be15a1/Signals/pyCode/Predictors/TrendFactor.py","2026-08-09"
"UpRecomm","Analyst","current_proxy_unvalidated","historical_point_in_time_missing","free_candidate_not_authorized_or_equivalent","blocked_for_aurora","alpha_vantage_free|fmp_basic","free_terms_or_definition_do_not_support_ibes_equivalent_panel","false","https://raw.githubusercontent.com/OpenSourceAP/CrossSection/8db892442c2c3a3779b0f1eac4370d3655be15a1/Signals/pyCode/Predictors/UpRecomm.py","2026-08-09"
"VarCF","Accounting","statistically_excluded_or_not_selected","multiple_sources_required","free_route_documented","reconstructed_current_not_compustat_exact","sec_edgar|sec_financial_statement_datasets|sec_financial_statement_notes|twelve_data_basic|openfigi","implementation_pit_identity_coverage_and_fidelity_pending","false","https://raw.githubusercontent.com/OpenSourceAP/CrossSection/8db892442c2c3a3779b0f1eac4370d3655be15a1/Signals/pyCode/Predictors/VarCF.py","2026-08-09"
"VolMkt","Trading","statistically_excluded_or_not_selected","multiple_sources_required","free_route_documented","market_data_equivalent_or_proxy","twelve_data_basic|finra_equity_short_interest|sec_edgar|openfigi","implementation_pit_identity_coverage_and_fidelity_pending","false","https://raw.githubusercontent.com/OpenSourceAP/CrossSection/8db892442c2c3a3779b0f1eac4370d3655be15a1/Signals/pyCode/Predictors/VolMkt.py","2026-08-09"
"VolSD","Trading","current_proxy_unvalidated","multiple_sources_required","free_route_documented","market_data_equivalent_or_proxy","twelve_data_basic|finra_equity_short_interest|sec_edgar|openfigi","implementation_pit_identity_coverage_and_fidelity_pending","false","https://raw.githubusercontent.com/OpenSourceAP/CrossSection/8db892442c2c3a3779b0f1eac4370d3655be15a1/Signals/pyCode/Predictors/VolSD.py","2026-08-09"
"VolumeTrend","Trading","current_proxy_unvalidated","multiple_sources_required","free_route_documented","market_data_equivalent_or_proxy","twelve_data_basic|finra_equity_short_interest|sec_edgar|openfigi","implementation_pit_identity_coverage_and_fidelity_pending","false","https://raw.githubusercontent.com/OpenSourceAP/CrossSection/8db892442c2c3a3779b0f1eac4370d3655be15a1/Signals/pyCode/Predictors/VolumeTrend.py","2026-08-09"
"XFIN","Accounting","current_proxy_unvalidated","multiple_sources_required","free_route_documented","reconstructed_current_not_compustat_exact","sec_edgar|sec_financial_statement_datasets|sec_financial_statement_notes|twelve_data_basic|openfigi","implementation_pit_identity_coverage_and_fidelity_pending","false","https://raw.githubusercontent.com/OpenSourceAP/CrossSection/8db892442c2c3a3779b0f1eac4370d3655be15a1/Signals/pyCode/Predictors/XFIN.py","2026-08-09"
"zerotrade12M","Trading","strict_93_unfinished","multiple_sources_required","free_route_documented","market_data_equivalent_or_proxy","twelve_data_basic|finra_equity_short_interest|sec_edgar|openfigi","implementation_pit_identity_coverage_and_fidelity_pending","false","https://raw.githubusercontent.com/OpenSourceAP/CrossSection/8db892442c2c3a3779b0f1eac4370d3655be15a1/Signals/pyCode/Predictors/ZZ1_zerotrade_zerotradeAlt1_zerotradeAlt12.py","2026-08-09"
"zerotrade1M","Trading","strict_93_unfinished","multiple_sources_required","free_route_documented","market_data_equivalent_or_proxy","twelve_data_basic|finra_equity_short_interest|sec_edgar|openfigi","implementation_pit_identity_coverage_and_fidelity_pending","false","https://raw.githubusercontent.com/OpenSourceAP/CrossSection/8db892442c2c3a3779b0f1eac4370d3655be15a1/Signals/pyCode/Predictors/ZZ1_zerotrade_zerotradeAlt1_zerotradeAlt12.py","2026-08-09"
"zerotrade6M","Trading","strict_93_unfinished","multiple_sources_required","free_route_documented","market_data_equivalent_or_proxy","twelve_data_basic|finra_equity_short_interest|sec_edgar|openfigi","implementation_pit_identity_coverage_and_fidelity_pending","false","https://raw.githubusercontent.com/OpenSourceAP/CrossSection/8db892442c2c3a3779b0f1eac4370d3655be15a1/Signals/pyCode/Predictors/ZZ1_zerotrade_zerotradeAlt1_zerotradeAlt12.py","2026-08-09"
