signal,category,official_formula_url,official_formula_sha256,required_inputs,source_used,source_url,license_terms,minimum_history,data_acquired,current_value_calculated,current_value_count,effective_date,available_at,coverage,fidelity,tests_executed,github_run,source_evidence_run,artifact,status,remaining_blocker,strict_score_eligible
AM,Accounting,https://raw.githubusercontent.com/OpenSourceAP/CrossSection/8db892442c2c3a3779b0f1eac4370d3655be15a1/Signals/pyCode/Predictors/AM.py,5c66c0e4e0cfcf3ecb68ca6a28d707600500462a8065694d161ab0be380ad750,,,,,not_yet_frozen,False,False,0,,,0.0,unavailable,tests/test_openap_149_acquisition.py,https://github.com/trading-optimizer-lab-org/aurora/actions/runs/31333187227,https://github.com/trading-optimizer-lab-org/aurora/actions/runs/30995267332,openap-149-acquisition-extract-results,blocked_source_failure,implementation_pit_identity_coverage_and_fidelity_pending,False
AbnormalAccruals,Accounting,https://raw.githubusercontent.com/OpenSourceAP/CrossSection/8db892442c2c3a3779b0f1eac4370d3655be15a1/Signals/pyCode/Predictors/ZZ2_AbnormalAccruals_AbnormalAccrualsPercent.py,3bcd221d7e4099dc71a5760ee086c7a4d0159673840f817b22c2df42415936e4,income|operating_cash_flow|assets|revenue|gross_ppe|sic,sec_edgar,https://www.sec.gov/files/company_tickers_exchange.json,SEC public data; automated access subject to SEC fair-access policy,formula-specific annual lookback; see pinned OpenAP source,True,True,110,2026-03-31T00:00:00+00:00,2026-05-19T20:08:16+00:00,0.04704875962360992,reconstructed,tests/test_openap_149_acquisition.py,https://github.com/trading-optimizer-lab-org/aurora/actions/runs/31333187227,https://github.com/trading-optimizer-lab-org/aurora/actions/runs/30995267332,openap-149-acquisition-extract-results,current_signal_computed,strict_validation_and_fidelity_gates_pending,False
Accruals,Accounting,https://raw.githubusercontent.com/OpenSourceAP/CrossSection/8db892442c2c3a3779b0f1eac4370d3655be15a1/Signals/pyCode/Predictors/Accruals.py,847b1889c54b1c913f94a63647611a98ae908cc33e6364fa7ac2adf5b62d916c,,,,,not_yet_frozen,False,False,0,,,0.0,unavailable,tests/test_openap_149_acquisition.py,https://github.com/trading-optimizer-lab-org/aurora/actions/runs/31333187227,https://github.com/trading-optimizer-lab-org/aurora/actions/runs/30995267332,openap-149-acquisition-extract-results,blocked_source_failure,implementation_pit_identity_coverage_and_fidelity_pending,False
AccrualsBM,Accounting,https://raw.githubusercontent.com/OpenSourceAP/CrossSection/8db892442c2c3a3779b0f1eac4370d3655be15a1/Signals/pyCode/Predictors/AccrualsBM.py,3d2504ee7c6da044cfb9cbe5da5abc6d2e126a917b22b65333bcd28cde08c1fa,accruals|book_equity|market_equity,,,,formula-specific annual lookback; see pinned OpenAP source,False,False,0,,,0.0,unavailable,tests/test_openap_149_acquisition.py,https://github.com/trading-optimizer-lab-org/aurora/actions/runs/31333187227,https://github.com/trading-optimizer-lab-org/aurora/actions/runs/30995267332,openap-149-acquisition-extract-results,blocked_fidelity,unapproved_current_source:sec_edgar|yahoo_public,False
Activism1,13F,https://raw.githubusercontent.com/OpenSourceAP/CrossSection/8db892442c2c3a3779b0f1eac4370d3655be15a1/Signals/pyCode/Predictors/ZZ1_Activism1_Activism2.py,51efe23e7e46262cb3228fd9a2288863b8653640081af8752443c7e9c7ecbb90,,,,,not_yet_frozen,False,False,0,,,0.0,unavailable,tests/test_openap_149_acquisition.py,https://github.com/trading-optimizer-lab-org/aurora/actions/runs/31333187227,https://github.com/trading-optimizer-lab-org/aurora/actions/runs/30995267332,openap-149-acquisition-extract-results,blocked_source_failure,implementation_pit_identity_coverage_and_fidelity_pending,False
Activism2,13F,https://raw.githubusercontent.com/OpenSourceAP/CrossSection/8db892442c2c3a3779b0f1eac4370d3655be15a1/Signals/pyCode/Predictors/ZZ1_Activism1_Activism2.py,51efe23e7e46262cb3228fd9a2288863b8653640081af8752443c7e9c7ecbb90,,,,,not_yet_frozen,False,False,0,,,0.0,unavailable,tests/test_openap_149_acquisition.py,https://github.com/trading-optimizer-lab-org/aurora/actions/runs/31333187227,https://github.com/trading-optimizer-lab-org/aurora/actions/runs/30995267332,openap-149-acquisition-extract-results,blocked_source_failure,implementation_pit_identity_coverage_and_fidelity_pending,False
AdExp,Accounting,https://raw.githubusercontent.com/OpenSourceAP/CrossSection/8db892442c2c3a3779b0f1eac4370d3655be15a1/Signals/pyCode/Predictors/AdExp.py,2e813c7e054aecddfe759d1b9c136c88ffb62755408f4ecc3697e870033aa82e,,,,,not_yet_frozen,False,False,0,,,0.0,unavailable,tests/test_openap_149_acquisition.py,https://github.com/trading-optimizer-lab-org/aurora/actions/runs/31333187227,https://github.com/trading-optimizer-lab-org/aurora/actions/runs/30995267332,openap-149-acquisition-extract-results,blocked_source_failure,implementation_pit_identity_coverage_and_fidelity_pending,False
AgeIPO,Event,https://raw.githubusercontent.com/OpenSourceAP/CrossSection/8db892442c2c3a3779b0f1eac4370d3655be15a1/Signals/pyCode/Predictors/AgeIPO.py,e3e6bb214aab63d92c5cbe278462c016d588ab61383cdea8c637b9c12f3f30b3,first_listing_date,,,,formula-specific monthly lookback; see pinned OpenAP source,False,False,0,,,0.0,unavailable,tests/test_openap_149_acquisition.py,https://github.com/trading-optimizer-lab-org/aurora/actions/runs/31333187227,https://github.com/trading-optimizer-lab-org/aurora/actions/runs/30995267332,openap-149-acquisition-extract-results,blocked_fidelity,unapproved_current_source:yahoo_public,False
AnnouncementReturn,Price,https://raw.githubusercontent.com/OpenSourceAP/CrossSection/8db892442c2c3a3779b0f1eac4370d3655be15a1/Signals/pyCode/Predictors/ZZ2_AnnouncementReturn.py,07bbe95a08f0b0492dd4f33f42bb33dde3ab18bab5d89813fda58b7b7d97b635,earnings_announcement_timestamp|daily_returns,,,,formula-specific quarterly lookback; see pinned OpenAP source,False,False,0,,,0.0,unavailable,tests/test_openap_149_acquisition.py,https://github.com/trading-optimizer-lab-org/aurora/actions/runs/31333187227,https://github.com/trading-optimizer-lab-org/aurora/actions/runs/30995267332,openap-149-acquisition-extract-results,blocked_fidelity,unapproved_current_source:kenneth_french|sec_edgar|yahoo_public,False
BM,Accounting,https://raw.githubusercontent.com/OpenSourceAP/CrossSection/8db892442c2c3a3779b0f1eac4370d3655be15a1/Signals/pyCode/Predictors/BM.py,b852ede9b0b5cb9da89e752ca4c5348ed96380a923357fa9e7dd5274a9a5d946,,,,,not_yet_frozen,False,False,0,,,0.0,unavailable,tests/test_openap_149_acquisition.py,https://github.com/trading-optimizer-lab-org/aurora/actions/runs/31333187227,https://github.com/trading-optimizer-lab-org/aurora/actions/runs/30995267332,openap-149-acquisition-extract-results,blocked_source_failure,implementation_pit_identity_coverage_and_fidelity_pending,False
BMdec,Accounting,https://raw.githubusercontent.com/OpenSourceAP/CrossSection/8db892442c2c3a3779b0f1eac4370d3655be15a1/Signals/pyCode/Predictors/BMdec.py,111bb8df1db87d92fb55ec4c070dc157281655afe80d9f54796ee4572f533d06,book_equity|december_market_equity,,,,formula-specific annual lookback; see pinned OpenAP source,False,False,0,,,0.0,unavailable,tests/test_openap_149_acquisition.py,https://github.com/trading-optimizer-lab-org/aurora/actions/runs/31333187227,https://github.com/trading-optimizer-lab-org/aurora/actions/runs/30995267332,openap-149-acquisition-extract-results,blocked_fidelity,unapproved_current_source:sec_edgar|yahoo_public,False
BPEBM,Accounting,https://raw.githubusercontent.com/OpenSourceAP/CrossSection/8db892442c2c3a3779b0f1eac4370d3655be15a1/Signals/pyCode/Predictors/ZZ1_EBM_BPEBM.py,2fc3537cf2b935b4ec1204dc7966c0fe475683a7a47a9df74b5837b80dddf9c6,book_equity|preferred_stock|deferred_charges|market_equity,,,,formula-specific annual lookback; see pinned OpenAP source,False,False,0,,,0.0,unavailable,tests/test_openap_149_acquisition.py,https://github.com/trading-optimizer-lab-org/aurora/actions/runs/31333187227,https://github.com/trading-optimizer-lab-org/aurora/actions/runs/30995267332,openap-149-acquisition-extract-results,blocked_source_failure,implementation_pit_identity_coverage_and_fidelity_pending,False
Beta,Price,https://raw.githubusercontent.com/OpenSourceAP/CrossSection/8db892442c2c3a3779b0f1eac4370d3655be15a1/Signals/pyCode/Predictors/Beta.py,6929bf9f18bf8b0a36a6b79bca80cdb1b485c461ad574ef103eda4736c8a1be3,,,,,not_yet_frozen,False,False,0,,,0.0,unavailable,tests/test_openap_149_acquisition.py,https://github.com/trading-optimizer-lab-org/aurora/actions/runs/31333187227,https://github.com/trading-optimizer-lab-org/aurora/actions/runs/30995267332,openap-149-acquisition-extract-results,blocked_source_failure,implementation_pit_identity_coverage_and_fidelity_pending,False
BetaFP,Price,https://raw.githubusercontent.com/OpenSourceAP/CrossSection/8db892442c2c3a3779b0f1eac4370d3655be15a1/Signals/pyCode/Predictors/ZZ2_BetaFP.py,8aa7d340f706d19a73331b1fddbf5e06e59e141e85bf89056e049870421e2241,,,,,not_yet_frozen,False,False,0,,,0.0,unavailable,tests/test_openap_149_acquisition.py,https://github.com/trading-optimizer-lab-org/aurora/actions/runs/31333187227,https://github.com/trading-optimizer-lab-org/aurora/actions/runs/30995267332,openap-149-acquisition-extract-results,blocked_source_failure,implementation_pit_identity_coverage_and_fidelity_pending,False
BetaLiquidityPS,Price,https://raw.githubusercontent.com/OpenSourceAP/CrossSection/8db892442c2c3a3779b0f1eac4370d3655be15a1/Signals/pyCode/Predictors/BetaLiquidityPS.py,dfdae867eeab94286f89be9ee39d36ad9523cd992d2c755170430db2d29750f4,monthly_returns|risk_free|fama_french_factors|pastor_stambaugh_innovation,,,,formula-specific monthly lookback; see pinned OpenAP source,False,False,0,,,0.0,unavailable,tests/test_openap_149_acquisition.py,https://github.com/trading-optimizer-lab-org/aurora/actions/runs/31333187227,https://github.com/trading-optimizer-lab-org/aurora/actions/runs/30995267332,openap-149-acquisition-extract-results,blocked_fidelity,unapproved_current_source:kenneth_french|pastor_stambaugh|yahoo_public,False
BetaTailRisk,Price,https://raw.githubusercontent.com/OpenSourceAP/CrossSection/8db892442c2c3a3779b0f1eac4370d3655be15a1/Signals/pyCode/Predictors/BetaTailRisk.py,05a6814113c1e2d7e7513c5831fe73fa9e891c441ab549cbbbd61e418b6c959b,monthly_returns|market_tail_factor,,,,formula-specific monthly lookback; see pinned OpenAP source,False,False,0,,,0.0,unavailable,tests/test_openap_149_acquisition.py,https://github.com/trading-optimizer-lab-org/aurora/actions/runs/31333187227,https://github.com/trading-optimizer-lab-org/aurora/actions/runs/30995267332,openap-149-acquisition-extract-results,blocked_fidelity,unapproved_current_source:yahoo_public,False
BidAskSpread,Trading,https://raw.githubusercontent.com/OpenSourceAP/CrossSection/8db892442c2c3a3779b0f1eac4370d3655be15a1/Signals/pyCode/Predictors/BidAskSpread.py,ec53918eccd8117256dfc55acdaac97b784a9b47a396809a7db04def88490039,,,,,not_yet_frozen,False,False,0,,,0.0,unavailable,tests/test_openap_149_acquisition.py,https://github.com/trading-optimizer-lab-org/aurora/actions/runs/31333187227,https://github.com/trading-optimizer-lab-org/aurora/actions/runs/30995267332,openap-149-acquisition-extract-results,blocked_source_failure,implementation_pit_identity_coverage_and_fidelity_pending,False
BookLeverage,Accounting,https://raw.githubusercontent.com/OpenSourceAP/CrossSection/8db892442c2c3a3779b0f1eac4370d3655be15a1/Signals/pyCode/Predictors/BookLeverage.py,af34ed6680a162075ec28554f8ddc485eef35ffbc06783b09431fdfbb01c9298,,,,,not_yet_frozen,False,False,0,,,0.0,unavailable,tests/test_openap_149_acquisition.py,https://github.com/trading-optimizer-lab-org/aurora/actions/runs/31333187227,https://github.com/trading-optimizer-lab-org/aurora/actions/runs/30995267332,openap-149-acquisition-extract-results,blocked_source_failure,implementation_pit_identity_coverage_and_fidelity_pending,False
BrandInvest,Accounting,https://raw.githubusercontent.com/OpenSourceAP/CrossSection/8db892442c2c3a3779b0f1eac4370d3655be15a1/Signals/pyCode/Predictors/BrandInvest.py,63cc0edf8e8abd5c447e230e2272038e4b0d0eb5b6d25068835902dcfae8e88e,advertising_expense|accumulated_brand_capital,sec_edgar,https://www.sec.gov/files/company_tickers_exchange.json,SEC public data; automated access subject to SEC fair-access policy,formula-specific annual lookback; see pinned OpenAP source,True,True,494,2025-12-31T00:00:00+00:00,2026-05-11T20:12:33+00:00,0.21129170230966637,reconstructed,tests/test_openap_149_acquisition.py,https://github.com/trading-optimizer-lab-org/aurora/actions/runs/31333187227,https://github.com/trading-optimizer-lab-org/aurora/actions/runs/30995267332,openap-149-acquisition-extract-results,current_signal_computed,strict_validation_and_fidelity_gates_pending,False
CBOperProf,Accounting,https://raw.githubusercontent.com/OpenSourceAP/CrossSection/8db892442c2c3a3779b0f1eac4370d3655be15a1/Signals/pyCode/Predictors/CBOperProf.py,a29fa3480d82888146ab3b740a80b2196e07393d36cb9b3121dcdbe62102a96d,revenue|cogs|sga|interest_expense|book_equity|sic,sec_edgar,https://www.sec.gov/files/company_tickers_exchange.json,SEC public data; automated access subject to SEC fair-access policy,formula-specific annual lookback; see pinned OpenAP source,True,True,450,2026-07-03T00:00:00+00:00,2026-07-31T01:22:20+00:00,0.1924721984602224,unvalidated_proxy,tests/test_openap_149_acquisition.py,https://github.com/trading-optimizer-lab-org/aurora/actions/runs/31333187227,https://github.com/trading-optimizer-lab-org/aurora/actions/runs/30995267332,openap-149-acquisition-extract-results,current_signal_computed,strict_validation_and_fidelity_gates_pending,False
CF,Accounting,https://raw.githubusercontent.com/OpenSourceAP/CrossSection/8db892442c2c3a3779b0f1eac4370d3655be15a1/Signals/pyCode/Predictors/CF.py,09532e1ce762f64f4b225c5f4bd00b48ae40de55003da0295b1ae617585f1296,,,,,not_yet_frozen,False,False,0,,,0.0,unavailable,tests/test_openap_149_acquisition.py,https://github.com/trading-optimizer-lab-org/aurora/actions/runs/31333187227,https://github.com/trading-optimizer-lab-org/aurora/actions/runs/30995267332,openap-149-acquisition-extract-results,blocked_source_failure,implementation_pit_identity_coverage_and_fidelity_pending,False
Cash,Accounting,https://raw.githubusercontent.com/OpenSourceAP/CrossSection/8db892442c2c3a3779b0f1eac4370d3655be15a1/Signals/pyCode/Predictors/Cash.py,7e9f046dd3ebe3581b57ede655a9f1ba68340dcbf53167ed6fe0030e746ecab2,,,,,not_yet_frozen,False,False,0,,,0.0,unavailable,tests/test_openap_149_acquisition.py,https://github.com/trading-optimizer-lab-org/aurora/actions/runs/31333187227,https://github.com/trading-optimizer-lab-org/aurora/actions/runs/30995267332,openap-149-acquisition-extract-results,blocked_source_failure,implementation_pit_identity_coverage_and_fidelity_pending,False
CashProd,Accounting,https://raw.githubusercontent.com/OpenSourceAP/CrossSection/8db892442c2c3a3779b0f1eac4370d3655be15a1/Signals/pyCode/Predictors/CashProd.py,2541484ba36d9869221987b2a5ec015f3dd9aa5ce4406f8a0ffea56173ce1983,,,,,not_yet_frozen,False,False,0,,,0.0,unavailable,tests/test_openap_149_acquisition.py,https://github.com/trading-optimizer-lab-org/aurora/actions/runs/31333187227,https://github.com/trading-optimizer-lab-org/aurora/actions/runs/30995267332,openap-149-acquisition-extract-results,blocked_source_failure,implementation_pit_identity_coverage_and_fidelity_pending,False
ChAssetTurnover,Accounting,https://raw.githubusercontent.com/OpenSourceAP/CrossSection/8db892442c2c3a3779b0f1eac4370d3655be15a1/Signals/pyCode/Predictors/ChAssetTurnover.py,f584e17a303ce790c6515eff040535a3fd86201129e415e504bce36c499bb651,,,,,not_yet_frozen,False,False,0,,,0.0,unavailable,tests/test_openap_149_acquisition.py,https://github.com/trading-optimizer-lab-org/aurora/actions/runs/31333187227,https://github.com/trading-optimizer-lab-org/aurora/actions/runs/30995267332,openap-149-acquisition-extract-results,blocked_source_failure,implementation_pit_identity_coverage_and_fidelity_pending,False
ChInvIA,Accounting,https://raw.githubusercontent.com/OpenSourceAP/CrossSection/8db892442c2c3a3779b0f1eac4370d3655be15a1/Signals/pyCode/Predictors/ChInvIA.py,09d5b9ae1836066d80de96b77352632246eafe30bbefb59fdf2c635291d90388,capex_history|sic_history,,,,formula-specific annual lookback; see pinned OpenAP source,False,False,0,,,0.0,unavailable,tests/test_openap_149_acquisition.py,https://github.com/trading-optimizer-lab-org/aurora/actions/runs/31333187227,https://github.com/trading-optimizer-lab-org/aurora/actions/runs/30995267332,openap-149-acquisition-extract-results,blocked_fidelity,unapproved_current_source:sec_edgar|yahoo_public,False
ChNNCOA,Accounting,https://raw.githubusercontent.com/OpenSourceAP/CrossSection/8db892442c2c3a3779b0f1eac4370d3655be15a1/Signals/pyCode/Predictors/ChNNCOA.py,a7051153f0a6297a50a26219089af19f4312bfb5a204fdde34d08fd7d990fd1e,noncurrent_operating_assets|noncurrent_operating_liabilities,sec_edgar,https://www.sec.gov/files/company_tickers_exchange.json,SEC public data; automated access subject to SEC fair-access policy,formula-specific annual lookback; see pinned OpenAP source,True,True,9,2025-12-31T00:00:00+00:00,2026-03-30T21:34:47+00:00,0.003849443969204448,reconstructed,tests/test_openap_149_acquisition.py,https://github.com/trading-optimizer-lab-org/aurora/actions/runs/31333187227,https://github.com/trading-optimizer-lab-org/aurora/actions/runs/30995267332,openap-149-acquisition-extract-results,current_signal_computed,strict_validation_and_fidelity_gates_pending,False
ChTax,Accounting,https://raw.githubusercontent.com/OpenSourceAP/CrossSection/8db892442c2c3a3779b0f1eac4370d3655be15a1/Signals/pyCode/Predictors/ChTax.py,04a5a239bed7f24ca9b0503b033eb0a7c579202da5f4144af2bfd718afc3ebda,,,,,not_yet_frozen,False,False,0,,,0.0,unavailable,tests/test_openap_149_acquisition.py,https://github.com/trading-optimizer-lab-org/aurora/actions/runs/31333187227,https://github.com/trading-optimizer-lab-org/aurora/actions/runs/30995267332,openap-149-acquisition-extract-results,blocked_source_failure,implementation_pit_identity_coverage_and_fidelity_pending,False
CitationsRD,Other,https://raw.githubusercontent.com/OpenSourceAP/CrossSection/8db892442c2c3a3779b0f1eac4370d3655be15a1/Signals/pyCode/Predictors/CitationsRD.py,5bb1160828898b763362fbee42785fc88257a5c84bf26132df58f472b45de9cf,five_year_subcategory_scaled_patent_citations|rd_expense|gvkey_permno_identity,,,,formula-specific annual lookback; see pinned OpenAP source,False,False,0,,,0.0,unavailable,tests/test_openap_149_acquisition.py,https://github.com/trading-optimizer-lab-org/aurora/actions/runs/31333187227,https://github.com/trading-optimizer-lab-org/aurora/actions/runs/30995267332,openap-149-acquisition-extract-results,blocked_source_failure,implementation_pit_identity_coverage_and_fidelity_pending,False
CompEquIss,Accounting,https://raw.githubusercontent.com/OpenSourceAP/CrossSection/8db892442c2c3a3779b0f1eac4370d3655be15a1/Signals/pyCode/Predictors/CompEquIss.py,d87a14114fbd43039f32c71bec6c42d017fedaf0130f8f1d58cc227f899b808b,market_equity_history|stock_return_history,,,,formula-specific annual lookback; see pinned OpenAP source,False,False,0,,,0.0,unavailable,tests/test_openap_149_acquisition.py,https://github.com/trading-optimizer-lab-org/aurora/actions/runs/31333187227,https://github.com/trading-optimizer-lab-org/aurora/actions/runs/30995267332,openap-149-acquisition-extract-results,blocked_fidelity,unapproved_current_source:sec_edgar|yahoo_public,False
CompositeDebtIssuance,Accounting,https://raw.githubusercontent.com/OpenSourceAP/CrossSection/8db892442c2c3a3779b0f1eac4370d3655be15a1/Signals/pyCode/Predictors/CompositeDebtIssuance.py,0ed0dacaca27d2d67a98f1793a6827702a7e73b631491a1195008ba012f68665,,,,,not_yet_frozen,False,False,0,,,0.0,unavailable,tests/test_openap_149_acquisition.py,https://github.com/trading-optimizer-lab-org/aurora/actions/runs/31333187227,https://github.com/trading-optimizer-lab-org/aurora/actions/runs/30995267332,openap-149-acquisition-extract-results,blocked_source_failure,implementation_pit_identity_coverage_and_fidelity_pending,False
ConvDebt,Accounting,https://raw.githubusercontent.com/OpenSourceAP/CrossSection/8db892442c2c3a3779b0f1eac4370d3655be15a1/Signals/pyCode/Predictors/ConvDebt.py,71b49dbf704bfc00260084f27442eec35fe26f82200c0c32d767a0ef34a2bcab,convertible_debt,,,,formula-specific annual lookback; see pinned OpenAP source,False,False,0,,,0.0,unavailable,tests/test_openap_149_acquisition.py,https://github.com/trading-optimizer-lab-org/aurora/actions/runs/31333187227,https://github.com/trading-optimizer-lab-org/aurora/actions/runs/30995267332,openap-149-acquisition-extract-results,blocked_source_failure,implementation_pit_identity_coverage_and_fidelity_pending,False
CoskewACX,Price,https://raw.githubusercontent.com/OpenSourceAP/CrossSection/8db892442c2c3a3779b0f1eac4370d3655be15a1/Signals/pyCode/Predictors/CoskewACX.py,81cff4979e62361a896a5b61b61a9778b7abf67c14a51bb2ef3bfebc7b273998,daily_stock_returns|value_weighted_market_returns,,,,formula-specific monthly lookback; see pinned OpenAP source,False,False,0,,,0.0,unavailable,tests/test_openap_149_acquisition.py,https://github.com/trading-optimizer-lab-org/aurora/actions/runs/31333187227,https://github.com/trading-optimizer-lab-org/aurora/actions/runs/30995267332,openap-149-acquisition-extract-results,blocked_fidelity,unapproved_current_source:kenneth_french|yahoo_public,False
Coskewness,Price,https://raw.githubusercontent.com/OpenSourceAP/CrossSection/8db892442c2c3a3779b0f1eac4370d3655be15a1/Signals/pyCode/Predictors/Coskewness.py,1deefcb70f9a3fbb9fec2816de5035f159e57790c0f23354e1047465f1082979,monthly_stock_returns|market_excess_returns,,,,formula-specific monthly lookback; see pinned OpenAP source,False,False,0,,,0.0,unavailable,tests/test_openap_149_acquisition.py,https://github.com/trading-optimizer-lab-org/aurora/actions/runs/31333187227,https://github.com/trading-optimizer-lab-org/aurora/actions/runs/30995267332,openap-149-acquisition-extract-results,blocked_fidelity,unapproved_current_source:kenneth_french|yahoo_public,False
CustomerMomentum,Other,https://raw.githubusercontent.com/OpenSourceAP/CrossSection/8db892442c2c3a3779b0f1eac4370d3655be15a1/Signals/pyCode/Predictors/CustomerMomentum.py,ea3f920fa3df6d261daf55de57b261083e7f853f7e18930cce8af2d5dc1168ce,customer_supplier_links|customer_returns,,,,formula-specific monthly lookback; see pinned OpenAP source,False,False,0,,,0.0,unavailable,tests/test_openap_149_acquisition.py,https://github.com/trading-optimizer-lab-org/aurora/actions/runs/31333187227,https://github.com/trading-optimizer-lab-org/aurora/actions/runs/30995267332,openap-149-acquisition-extract-results,blocked_source_failure,implementation_pit_identity_coverage_and_fidelity_pending,False
DebtIssuance,Accounting,https://raw.githubusercontent.com/OpenSourceAP/CrossSection/8db892442c2c3a3779b0f1eac4370d3655be15a1/Signals/pyCode/Predictors/DebtIssuance.py,be86cb9cf972fd41905e45bbab7505dd99da88c0e888a47604998beb102f0816,,,,,not_yet_frozen,False,False,0,,,0.0,unavailable,tests/test_openap_149_acquisition.py,https://github.com/trading-optimizer-lab-org/aurora/actions/runs/31333187227,https://github.com/trading-optimizer-lab-org/aurora/actions/runs/30995267332,openap-149-acquisition-extract-results,blocked_source_failure,implementation_pit_identity_coverage_and_fidelity_pending,False
DelBreadth,13F,https://raw.githubusercontent.com/OpenSourceAP/CrossSection/8db892442c2c3a3779b0f1eac4370d3655be15a1/Signals/pyCode/Predictors/DelBreadth.py,4b4c7c45dcbcf5eb564f7d9af222616fdf8d97130e798d1fdfcc41eb5c2a239f,institutional_holdings_history|cusip_ticker_mapping,openfigi|sec_13f,https://www.sec.gov/files/structureddata/data/form-13f-data-sets/01mar2026-31may2026_form13f.zip|https://api.openfigi.com/v3/mapping,OpenFIGI free API terms and rate limits | SEC public filing data; SEC fair-access policy,formula-specific quarterly lookback; see pinned OpenAP source,True,True,1586,2026-03-31T00:00:00+00:00,2026-05-29T00:00:00+00:00,0.6783575705731394,reconstructed,tests/test_openap_149_acquisition.py,https://github.com/trading-optimizer-lab-org/aurora/actions/runs/31333187227,https://github.com/trading-optimizer-lab-org/aurora/actions/runs/30995267332,openap-149-acquisition-extract-results,current_signal_computed,strict_validation_and_fidelity_gates_pending,False
DelCOA,Accounting,https://raw.githubusercontent.com/OpenSourceAP/CrossSection/8db892442c2c3a3779b0f1eac4370d3655be15a1/Signals/pyCode/Predictors/DelCOA.py,b9d0732718ba6879fafcd966913db75cbfdc4295d97f7b077b660e24a60d9d09,,,,,not_yet_frozen,False,False,0,,,0.0,unavailable,tests/test_openap_149_acquisition.py,https://github.com/trading-optimizer-lab-org/aurora/actions/runs/31333187227,https://github.com/trading-optimizer-lab-org/aurora/actions/runs/30995267332,openap-149-acquisition-extract-results,blocked_source_failure,implementation_pit_identity_coverage_and_fidelity_pending,False
DelCOL,Accounting,https://raw.githubusercontent.com/OpenSourceAP/CrossSection/8db892442c2c3a3779b0f1eac4370d3655be15a1/Signals/pyCode/Predictors/DelCOL.py,b3b263ac8ac1cd7c01bf54bbb0e9f160205f474ef091ebfa5b798777d817dcce,,,,,not_yet_frozen,False,False,0,,,0.0,unavailable,tests/test_openap_149_acquisition.py,https://github.com/trading-optimizer-lab-org/aurora/actions/runs/31333187227,https://github.com/trading-optimizer-lab-org/aurora/actions/runs/30995267332,openap-149-acquisition-extract-results,blocked_source_failure,implementation_pit_identity_coverage_and_fidelity_pending,False
DelDRC,Accounting,https://raw.githubusercontent.com/OpenSourceAP/CrossSection/8db892442c2c3a3779b0f1eac4370d3655be15a1/Signals/pyCode/Predictors/DelDRC.py,b2a07c603cd53e3201db79bc7358209c552babe2e41a1695ae9ab716f0bea808,,,,,not_yet_frozen,False,False,0,,,0.0,unavailable,tests/test_openap_149_acquisition.py,https://github.com/trading-optimizer-lab-org/aurora/actions/runs/31333187227,https://github.com/trading-optimizer-lab-org/aurora/actions/runs/30995267332,openap-149-acquisition-extract-results,blocked_source_failure,implementation_pit_identity_coverage_and_fidelity_pending,False
DelEqu,Accounting,https://raw.githubusercontent.com/OpenSourceAP/CrossSection/8db892442c2c3a3779b0f1eac4370d3655be15a1/Signals/pyCode/Predictors/DelEqu.py,a040398b319e60cba5bfa8438f24411e39ed8d06a4166b78fc107ba772e2e720,,,,,not_yet_frozen,False,False,0,,,0.0,unavailable,tests/test_openap_149_acquisition.py,https://github.com/trading-optimizer-lab-org/aurora/actions/runs/31333187227,https://github.com/trading-optimizer-lab-org/aurora/actions/runs/30995267332,openap-149-acquisition-extract-results,blocked_source_failure,implementation_pit_identity_coverage_and_fidelity_pending,False
DelFINL,Accounting,https://raw.githubusercontent.com/OpenSourceAP/CrossSection/8db892442c2c3a3779b0f1eac4370d3655be15a1/Signals/pyCode/Predictors/DelFINL.py,96f66ea157938cf8b7583c4b0dcd3bd230e105d28aa8bd455f78fef99d3b4c85,,,,,not_yet_frozen,False,False,0,,,0.0,unavailable,tests/test_openap_149_acquisition.py,https://github.com/trading-optimizer-lab-org/aurora/actions/runs/31333187227,https://github.com/trading-optimizer-lab-org/aurora/actions/runs/30995267332,openap-149-acquisition-extract-results,blocked_source_failure,implementation_pit_identity_coverage_and_fidelity_pending,False
DelLTI,Accounting,https://raw.githubusercontent.com/OpenSourceAP/CrossSection/8db892442c2c3a3779b0f1eac4370d3655be15a1/Signals/pyCode/Predictors/DelLTI.py,8955523b4a82e04fe113cbc723e56f8e7f2046c4b06fef9ecf1a96efc3baa422,,,,,not_yet_frozen,False,False,0,,,0.0,unavailable,tests/test_openap_149_acquisition.py,https://github.com/trading-optimizer-lab-org/aurora/actions/runs/31333187227,https://github.com/trading-optimizer-lab-org/aurora/actions/runs/30995267332,openap-149-acquisition-extract-results,blocked_source_failure,implementation_pit_identity_coverage_and_fidelity_pending,False
DelNetFin,Accounting,https://raw.githubusercontent.com/OpenSourceAP/CrossSection/8db892442c2c3a3779b0f1eac4370d3655be15a1/Signals/pyCode/Predictors/DelNetFin.py,1830473d43cb94fcca0bf59d9c8f0403fc77a3617a96f517402fbe73e47344fa,financial_assets|financial_liabilities,sec_edgar,https://www.sec.gov/files/company_tickers_exchange.json,SEC public data; automated access subject to SEC fair-access policy,formula-specific annual lookback; see pinned OpenAP source,True,True,2338,2026-06-30T00:00:00+00:00,2026-07-30T20:04:13+00:00,1.0,unvalidated_proxy,tests/test_openap_149_acquisition.py,https://github.com/trading-optimizer-lab-org/aurora/actions/runs/31333187227,https://github.com/trading-optimizer-lab-org/aurora/actions/runs/30995267332,openap-149-acquisition-extract-results,current_signal_computed,strict_validation_and_fidelity_gates_pending,False
DivInit,Event,https://raw.githubusercontent.com/OpenSourceAP/CrossSection/8db892442c2c3a3779b0f1eac4370d3655be15a1/Signals/pyCode/Predictors/DivInit.py,e0c4f285ef43006b43d86a25c16ef06d6ae9546ad1355bcdfad8f57dbdc02540,dividend_history,,,,formula-specific monthly lookback; see pinned OpenAP source,False,False,0,,,0.0,unavailable,tests/test_openap_149_acquisition.py,https://github.com/trading-optimizer-lab-org/aurora/actions/runs/31333187227,https://github.com/trading-optimizer-lab-org/aurora/actions/runs/30995267332,openap-149-acquisition-extract-results,blocked_fidelity,unapproved_current_source:yahoo_public,False
DivOmit,Event,https://raw.githubusercontent.com/OpenSourceAP/CrossSection/8db892442c2c3a3779b0f1eac4370d3655be15a1/Signals/pyCode/Predictors/DivOmit.py,58c9383e66f2ba59f46921486ee3874d8a61c809a32b6228bc13db89e5a0395f,dividend_history,,,,formula-specific monthly lookback; see pinned OpenAP source,False,False,0,,,0.0,unavailable,tests/test_openap_149_acquisition.py,https://github.com/trading-optimizer-lab-org/aurora/actions/runs/31333187227,https://github.com/trading-optimizer-lab-org/aurora/actions/runs/30995267332,openap-149-acquisition-extract-results,blocked_fidelity,unapproved_current_source:yahoo_public,False
DivSeason,Event,https://raw.githubusercontent.com/OpenSourceAP/CrossSection/8db892442c2c3a3779b0f1eac4370d3655be15a1/Signals/pyCode/Predictors/DivSeason.py,4442c8175d61e0237371bb7524a6c610332d9cd437be597390b0f518c9d5b2b9,dividend_history,,,,formula-specific monthly lookback; see pinned OpenAP source,False,False,0,,,0.0,unavailable,tests/test_openap_149_acquisition.py,https://github.com/trading-optimizer-lab-org/aurora/actions/runs/31333187227,https://github.com/trading-optimizer-lab-org/aurora/actions/runs/30995267332,openap-149-acquisition-extract-results,blocked_fidelity,unapproved_current_source:yahoo_public,False
DivYieldST,Accounting,https://raw.githubusercontent.com/OpenSourceAP/CrossSection/8db892442c2c3a3779b0f1eac4370d3655be15a1/Signals/pyCode/Predictors/DivYieldST.py,d3831b7da4bfc36433dabcec9545aac8a436e0890d5523ccbf24174479fab2d0,dividend_distributions|distribution_type,,,,formula-specific monthly lookback; see pinned OpenAP source,False,False,0,,,0.0,unavailable,tests/test_openap_149_acquisition.py,https://github.com/trading-optimizer-lab-org/aurora/actions/runs/31333187227,https://github.com/trading-optimizer-lab-org/aurora/actions/runs/30995267332,openap-149-acquisition-extract-results,blocked_fidelity,unapproved_current_source:yahoo_public,False
EBM,Accounting,https://raw.githubusercontent.com/OpenSourceAP/CrossSection/8db892442c2c3a3779b0f1eac4370d3655be15a1/Signals/pyCode/Predictors/ZZ1_EBM_BPEBM.py,2fc3537cf2b935b4ec1204dc7966c0fe475683a7a47a9df74b5837b80dddf9c6,book_equity|preferred_stock|deferred_charges|market_equity,,,,formula-specific annual lookback; see pinned OpenAP source,False,False,0,,,0.0,unavailable,tests/test_openap_149_acquisition.py,https://github.com/trading-optimizer-lab-org/aurora/actions/runs/31333187227,https://github.com/trading-optimizer-lab-org/aurora/actions/runs/30995267332,openap-149-acquisition-extract-results,blocked_source_failure,implementation_pit_identity_coverage_and_fidelity_pending,False
EP,Accounting,https://raw.githubusercontent.com/OpenSourceAP/CrossSection/8db892442c2c3a3779b0f1eac4370d3655be15a1/Signals/pyCode/Predictors/EP.py,7879a38168363a50056907b7819023be609e29a4514bfc7b9bc547a3bd590a96,,,,,not_yet_frozen,False,False,0,,,0.0,unavailable,tests/test_openap_149_acquisition.py,https://github.com/trading-optimizer-lab-org/aurora/actions/runs/31333187227,https://github.com/trading-optimizer-lab-org/aurora/actions/runs/30995267332,openap-149-acquisition-extract-results,blocked_source_failure,implementation_pit_identity_coverage_and_fidelity_pending,False
EarnSupBig,Accounting,https://raw.githubusercontent.com/OpenSourceAP/CrossSection/8db892442c2c3a3779b0f1eac4370d3655be15a1/Signals/pyCode/Predictors/EarnSupBig.py,3ea24680269cbe3aded1b060728bae655676e8448a51c6fcef5aeac0e23cf20b,earnings_surprise|ff48|industry_size_breakpoint,,,,formula-specific quarterly lookback; see pinned OpenAP source,False,False,0,,,0.0,unavailable,tests/test_openap_149_acquisition.py,https://github.com/trading-optimizer-lab-org/aurora/actions/runs/31333187227,https://github.com/trading-optimizer-lab-org/aurora/actions/runs/30995267332,openap-149-acquisition-extract-results,blocked_source_failure,implementation_pit_identity_coverage_and_fidelity_pending,False
EarningsConsistency,Accounting,https://raw.githubusercontent.com/OpenSourceAP/CrossSection/8db892442c2c3a3779b0f1eac4370d3655be15a1/Signals/pyCode/Predictors/EarningsConsistency.py,f47fc929d4c0c52faccad8e04fb76bc628bbbf93a87988279edc5059def00914,quarterly_eps_history,sec_edgar,https://www.sec.gov/files/company_tickers_exchange.json,SEC public data; automated access subject to SEC fair-access policy,formula-specific quarterly lookback; see pinned OpenAP source,True,True,13,2026-05-31T00:00:00+00:00,2026-07-24T20:03:07+00:00,0.005560307955517536,unvalidated_proxy,tests/test_openap_149_acquisition.py,https://github.com/trading-optimizer-lab-org/aurora/actions/runs/31333187227,https://github.com/trading-optimizer-lab-org/aurora/actions/runs/30995267332,openap-149-acquisition-extract-results,current_signal_computed,strict_validation_and_fidelity_gates_pending,False
EarningsSurprise,Accounting,https://raw.githubusercontent.com/OpenSourceAP/CrossSection/8db892442c2c3a3779b0f1eac4370d3655be15a1/Signals/pyCode/Predictors/EarningsSurprise.py,bc5ddeb08dbff2036e5443f06b895c113a8d556ed577c9a8a8d7e23b7e52c279,quarterly_eps_history,,,,formula-specific quarterly lookback; see pinned OpenAP source,True,False,0,,,0.0,unavailable,tests/test_openap_149_acquisition.py,https://github.com/trading-optimizer-lab-org/aurora/actions/runs/31333187227,https://github.com/trading-optimizer-lab-org/aurora/actions/runs/30995267332,openap-149-acquisition-extract-results,blocked_coverage,insufficient_quarterly_history,False
EntMult,Accounting,https://raw.githubusercontent.com/OpenSourceAP/CrossSection/8db892442c2c3a3779b0f1eac4370d3655be15a1/Signals/pyCode/Predictors/EntMult.py,3959786d1f35735633a840c626f3241384cc913f5d026435a02c85c0b44161d9,enterprise_value|operating_income_before_depreciation,,,,formula-specific annual lookback; see pinned OpenAP source,False,False,0,,,0.0,unavailable,tests/test_openap_149_acquisition.py,https://github.com/trading-optimizer-lab-org/aurora/actions/runs/31333187227,https://github.com/trading-optimizer-lab-org/aurora/actions/runs/30995267332,openap-149-acquisition-extract-results,blocked_fidelity,unapproved_current_source:sec_edgar|yahoo_public,False
EquityDuration,Accounting,https://raw.githubusercontent.com/OpenSourceAP/CrossSection/8db892442c2c3a3779b0f1eac4370d3655be15a1/Signals/pyCode/Predictors/EquityDuration.py,3e4adc868044a3de5b420a8555f816557a8d02dfa3112a09f114bff4593a9997,cash_flow_forecast_inputs|book_equity|market_equity,,,,formula-specific annual lookback; see pinned OpenAP source,False,False,0,,,0.0,unavailable,tests/test_openap_149_acquisition.py,https://github.com/trading-optimizer-lab-org/aurora/actions/runs/31333187227,https://github.com/trading-optimizer-lab-org/aurora/actions/runs/30995267332,openap-149-acquisition-extract-results,blocked_fidelity,unapproved_current_source:sec_edgar|yahoo_public,False
ExchSwitch,Event,https://raw.githubusercontent.com/OpenSourceAP/CrossSection/8db892442c2c3a3779b0f1eac4370d3655be15a1/Signals/pyCode/Predictors/ExchSwitch.py,b6947fcace7abc2aa1d12f1f04bcd01a8151da7a8a4bfe15a9e56b8a294e6b5b,exchange_history,,,,formula-specific event lookback; see pinned OpenAP source,False,False,0,,,0.0,unavailable,tests/test_openap_149_acquisition.py,https://github.com/trading-optimizer-lab-org/aurora/actions/runs/31333187227,https://github.com/trading-optimizer-lab-org/aurora/actions/runs/30995267332,openap-149-acquisition-extract-results,blocked_source_failure,implementation_pit_identity_coverage_and_fidelity_pending,False
FR,Accounting,https://raw.githubusercontent.com/OpenSourceAP/CrossSection/8db892442c2c3a3779b0f1eac4370d3655be15a1/Signals/pyCode/Predictors/ZZ1_FR_FRbook.py,8dbe39c5efa2112faea3ecdb7b605b1420e7e0bd067a7b7a01a315abd34c8d0f,,,,,not_yet_frozen,False,False,0,,,0.0,unavailable,tests/test_openap_149_acquisition.py,https://github.com/trading-optimizer-lab-org/aurora/actions/runs/31333187227,https://github.com/trading-optimizer-lab-org/aurora/actions/runs/30995267332,openap-149-acquisition-extract-results,blocked_source_failure,implementation_pit_identity_coverage_and_fidelity_pending,False
FirmAge,Other,https://raw.githubusercontent.com/OpenSourceAP/CrossSection/8db892442c2c3a3779b0f1eac4370d3655be15a1/Signals/pyCode/Predictors/FirmAge.py,ba3f9c88b893d5177f7fe7d022043e9cb09c44ad157e14a008812126ce7e1d1c,,,,,not_yet_frozen,False,False,0,,,0.0,unavailable,tests/test_openap_149_acquisition.py,https://github.com/trading-optimizer-lab-org/aurora/actions/runs/31333187227,https://github.com/trading-optimizer-lab-org/aurora/actions/runs/30995267332,openap-149-acquisition-extract-results,blocked_source_failure,implementation_pit_identity_coverage_and_fidelity_pending,False
FirmAgeMom,Price,https://raw.githubusercontent.com/OpenSourceAP/CrossSection/8db892442c2c3a3779b0f1eac4370d3655be15a1/Signals/pyCode/Predictors/FirmAgeMom.py,6c031460e7c7d50643ef77123b248b6f1141bbab0d98e5e9c30fac48a344fff6,first_listing_date|six_month_momentum,,,,formula-specific monthly lookback; see pinned OpenAP source,False,False,0,,,0.0,unavailable,tests/test_openap_149_acquisition.py,https://github.com/trading-optimizer-lab-org/aurora/actions/runs/31333187227,https://github.com/trading-optimizer-lab-org/aurora/actions/runs/30995267332,openap-149-acquisition-extract-results,blocked_fidelity,unapproved_current_source:yahoo_public,False
Frontier,Accounting,https://raw.githubusercontent.com/OpenSourceAP/CrossSection/8db892442c2c3a3779b0f1eac4370d3655be15a1/Signals/pyCode/Predictors/Frontier.py,d01116d3c4bb3fd782d749828e9862ce1617a157095040d0c91ef640b0e87117,five_year_firm_characteristics|industry_dummies,,,,formula-specific monthly lookback; see pinned OpenAP source,False,False,0,,,0.0,unavailable,tests/test_openap_149_acquisition.py,https://github.com/trading-optimizer-lab-org/aurora/actions/runs/31333187227,https://github.com/trading-optimizer-lab-org/aurora/actions/runs/30995267332,openap-149-acquisition-extract-results,blocked_fidelity,unapproved_current_source:kenneth_french|sec_edgar|yahoo_public,False
GP,Accounting,https://raw.githubusercontent.com/OpenSourceAP/CrossSection/8db892442c2c3a3779b0f1eac4370d3655be15a1/Signals/pyCode/Predictors/GP.py,6a05de4a5b6ddb47a320e1d95d6392e625bfca3b50091e698be9fd866a6c8576,,,,,not_yet_frozen,False,False,0,,,0.0,unavailable,tests/test_openap_149_acquisition.py,https://github.com/trading-optimizer-lab-org/aurora/actions/runs/31333187227,https://github.com/trading-optimizer-lab-org/aurora/actions/runs/30995267332,openap-149-acquisition-extract-results,blocked_source_failure,implementation_pit_identity_coverage_and_fidelity_pending,False
GrLTNOA,Accounting,https://raw.githubusercontent.com/OpenSourceAP/CrossSection/8db892442c2c3a3779b0f1eac4370d3655be15a1/Signals/pyCode/Predictors/GrLTNOA.py,d82c228fe3f391c514dfcf1ae32b3709fdedc1c0b8173459e6ea9c3bbacb3aa1,long_term_operating_assets|long_term_operating_liabilities,sec_edgar,https://www.sec.gov/files/company_tickers_exchange.json,SEC public data; automated access subject to SEC fair-access policy,formula-specific annual lookback; see pinned OpenAP source,True,True,228,2026-05-31T00:00:00+00:00,2026-07-24T20:03:07+00:00,0.09751924721984602,reconstructed,tests/test_openap_149_acquisition.py,https://github.com/trading-optimizer-lab-org/aurora/actions/runs/31333187227,https://github.com/trading-optimizer-lab-org/aurora/actions/runs/30995267332,openap-149-acquisition-extract-results,current_signal_computed,strict_validation_and_fidelity_gates_pending,False
GrSaleToGrInv,Accounting,https://raw.githubusercontent.com/OpenSourceAP/CrossSection/8db892442c2c3a3779b0f1eac4370d3655be15a1/Signals/pyCode/Predictors/GrSaleToGrInv.py,0dd077f6ae9ab052955525ca1a53adbb06e4e4ea73c4fcbc956e8eb0574e41e6,,,,,not_yet_frozen,False,False,0,,,0.0,unavailable,tests/test_openap_149_acquisition.py,https://github.com/trading-optimizer-lab-org/aurora/actions/runs/31333187227,https://github.com/trading-optimizer-lab-org/aurora/actions/runs/30995267332,openap-149-acquisition-extract-results,blocked_source_failure,implementation_pit_identity_coverage_and_fidelity_pending,False
GrSaleToGrOverhead,Accounting,https://raw.githubusercontent.com/OpenSourceAP/CrossSection/8db892442c2c3a3779b0f1eac4370d3655be15a1/Signals/pyCode/Predictors/GrSaleToGrOverhead.py,6bdb090d093d504f36c3c9cffc0070059c061e5bbebbbc09ebcf6a45f5dac58c,,,,,not_yet_frozen,False,False,0,,,0.0,unavailable,tests/test_openap_149_acquisition.py,https://github.com/trading-optimizer-lab-org/aurora/actions/runs/31333187227,https://github.com/trading-optimizer-lab-org/aurora/actions/runs/30995267332,openap-149-acquisition-extract-results,blocked_source_failure,implementation_pit_identity_coverage_and_fidelity_pending,False
Herf,Other,https://raw.githubusercontent.com/OpenSourceAP/CrossSection/8db892442c2c3a3779b0f1eac4370d3655be15a1/Signals/pyCode/Predictors/Herf.py,28f4a01302008b65b4471cfe6b30c80ebc38dbb568591cd2d3ac518e5890b501,revenue|sic_history,sec_edgar,https://www.sec.gov/files/company_tickers_exchange.json,SEC public data; automated access subject to SEC fair-access policy,formula-specific annual lookback; see pinned OpenAP source,True,True,2253,2026-07-28T00:00:00+00:00,2026-07-30T20:04:13+00:00,0.9636441402908469,reconstructed,tests/test_openap_149_acquisition.py,https://github.com/trading-optimizer-lab-org/aurora/actions/runs/31333187227,https://github.com/trading-optimizer-lab-org/aurora/actions/runs/30995267332,openap-149-acquisition-extract-results,current_signal_computed,strict_validation_and_fidelity_gates_pending;quarantined_contract_rows=2:available_at_precedes_effective_period|effective_period_missing|available_at_missing,False
HerfAsset,Other,https://raw.githubusercontent.com/OpenSourceAP/CrossSection/8db892442c2c3a3779b0f1eac4370d3655be15a1/Signals/pyCode/Predictors/HerfAsset.py,f639cc7f73c6537788fc6bc939b68d468f913c1786c717978fee8927bb25d190,,,,,not_yet_frozen,False,False,0,,,0.0,unavailable,tests/test_openap_149_acquisition.py,https://github.com/trading-optimizer-lab-org/aurora/actions/runs/31333187227,https://github.com/trading-optimizer-lab-org/aurora/actions/runs/30995267332,openap-149-acquisition-extract-results,blocked_source_failure,implementation_pit_identity_coverage_and_fidelity_pending,False
HerfBE,Other,https://raw.githubusercontent.com/OpenSourceAP/CrossSection/8db892442c2c3a3779b0f1eac4370d3655be15a1/Signals/pyCode/Predictors/HerfBE.py,079c5782deff6d989658254a0ea1709f593d2ffc88c31adde4f85f39e133a94e,book_equity|sic_history,sec_edgar,https://www.sec.gov/files/company_tickers_exchange.json,SEC public data; automated access subject to SEC fair-access policy,formula-specific annual lookback; see pinned OpenAP source,True,True,2253,2026-07-28T00:00:00+00:00,2026-07-30T20:04:13+00:00,0.9636441402908469,unvalidated_proxy,tests/test_openap_149_acquisition.py,https://github.com/trading-optimizer-lab-org/aurora/actions/runs/31333187227,https://github.com/trading-optimizer-lab-org/aurora/actions/runs/30995267332,openap-149-acquisition-extract-results,current_signal_computed,strict_validation_and_fidelity_gates_pending;quarantined_contract_rows=2:available_at_precedes_effective_period|effective_period_missing|available_at_missing,False
High52,Price,https://raw.githubusercontent.com/OpenSourceAP/CrossSection/8db892442c2c3a3779b0f1eac4370d3655be15a1/Signals/pyCode/Predictors/High52.py,259505288768464e56184f6dfe7d09f8bffe675bfe67e951bc9870b076e7238b,,,,,not_yet_frozen,False,False,0,,,0.0,unavailable,tests/test_openap_149_acquisition.py,https://github.com/trading-optimizer-lab-org/aurora/actions/runs/31333187227,https://github.com/trading-optimizer-lab-org/aurora/actions/runs/30995267332,openap-149-acquisition-extract-results,blocked_source_failure,implementation_pit_identity_coverage_and_fidelity_pending,False
IO_ShortInterest,13F,https://raw.githubusercontent.com/OpenSourceAP/CrossSection/8db892442c2c3a3779b0f1eac4370d3655be15a1/Signals/pyCode/Predictors/IO_ShortInterest.py,716310d258802f2a9bc5cf3f02ae012b3e59908a932c75dd5a0701833e222b26,institutional_holdings|short_interest,,,,formula-specific quarterly lookback; see pinned OpenAP source,False,False,0,,,0.0,unavailable,tests/test_openap_149_acquisition.py,https://github.com/trading-optimizer-lab-org/aurora/actions/runs/31333187227,https://github.com/trading-optimizer-lab-org/aurora/actions/runs/30995267332,openap-149-acquisition-extract-results,blocked_source_failure,implementation_pit_identity_coverage_and_fidelity_pending,False
IdioVol3F,Price,https://raw.githubusercontent.com/OpenSourceAP/CrossSection/8db892442c2c3a3779b0f1eac4370d3655be15a1/Signals/pyCode/Predictors/ZZ0_RealizedVol_IdioVol3F_ReturnSkew3F.py,6705b51935883db5726d363ad8692067b3ee9c37637b3e0b54f4fcd7890e059c,daily_stock_returns|daily_fama_french_factors,,,,formula-specific monthly lookback; see pinned OpenAP source,False,False,0,,,0.0,unavailable,tests/test_openap_149_acquisition.py,https://github.com/trading-optimizer-lab-org/aurora/actions/runs/31333187227,https://github.com/trading-optimizer-lab-org/aurora/actions/runs/30995267332,openap-149-acquisition-extract-results,blocked_source_failure,implementation_pit_identity_coverage_and_fidelity_pending,False
IdioVolAHT,Price,https://raw.githubusercontent.com/OpenSourceAP/CrossSection/8db892442c2c3a3779b0f1eac4370d3655be15a1/Signals/pyCode/Predictors/ZZ2_IdioVolAHT.py,c57894a41caa3389eb83db8053445b03cfa70a75422a7ea189ad10fc2bae5994,,,,,not_yet_frozen,False,False,0,,,0.0,unavailable,tests/test_openap_149_acquisition.py,https://github.com/trading-optimizer-lab-org/aurora/actions/runs/31333187227,https://github.com/trading-optimizer-lab-org/aurora/actions/runs/30995267332,openap-149-acquisition-extract-results,blocked_source_failure,implementation_pit_identity_coverage_and_fidelity_pending,False
IndIPO,Event,https://raw.githubusercontent.com/OpenSourceAP/CrossSection/8db892442c2c3a3779b0f1eac4370d3655be15a1/Signals/pyCode/Predictors/IndIPO.py,351163e16d519066360d6f598ecbdc9779de57fe5620564f67afbd01b1c0c37b,ipo_dates|industry_history,,,,formula-specific monthly lookback; see pinned OpenAP source,False,False,0,,,0.0,unavailable,tests/test_openap_149_acquisition.py,https://github.com/trading-optimizer-lab-org/aurora/actions/runs/31333187227,https://github.com/trading-optimizer-lab-org/aurora/actions/runs/30995267332,openap-149-acquisition-extract-results,blocked_fidelity,unapproved_current_source:yahoo_public,False
IndMom,Price,https://raw.githubusercontent.com/OpenSourceAP/CrossSection/8db892442c2c3a3779b0f1eac4370d3655be15a1/Signals/pyCode/Predictors/IndMom.py,d730976fcf666e3e19759be809ee29d5e01444e1e9fa7de576b1181b65ec55fd,,,,,not_yet_frozen,False,False,0,,,0.0,unavailable,tests/test_openap_149_acquisition.py,https://github.com/trading-optimizer-lab-org/aurora/actions/runs/31333187227,https://github.com/trading-optimizer-lab-org/aurora/actions/runs/30995267332,openap-149-acquisition-extract-results,blocked_source_failure,implementation_pit_identity_coverage_and_fidelity_pending,False
IndRetBig,Price,https://raw.githubusercontent.com/OpenSourceAP/CrossSection/8db892442c2c3a3779b0f1eac4370d3655be15a1/Signals/pyCode/Predictors/IndRetBig.py,6205f427710b7141b4c2378c20c3cfe6a64decce5145d9d1f5f15b419ee019ce,stock_returns|market_equity|industry_history,,,,formula-specific monthly lookback; see pinned OpenAP source,False,False,0,,,0.0,unavailable,tests/test_openap_149_acquisition.py,https://github.com/trading-optimizer-lab-org/aurora/actions/runs/31333187227,https://github.com/trading-optimizer-lab-org/aurora/actions/runs/30995267332,openap-149-acquisition-extract-results,blocked_fidelity,unapproved_current_source:sec_edgar|yahoo_public,False
IntanBM,Accounting,https://raw.githubusercontent.com/OpenSourceAP/CrossSection/8db892442c2c3a3779b0f1eac4370d3655be15a1/Signals/pyCode/Predictors/ZZ1_IntanBM_IntanSP_IntanCFP_IntanEP.py,7a6df0b6f5dfd40ed0f45b21bba49cd79c622facba01e620232623a6c39b4d36,five_year_accounting_history|book_to_market,,,,formula-specific monthly lookback; see pinned OpenAP source,False,False,0,,,0.0,unavailable,tests/test_openap_149_acquisition.py,https://github.com/trading-optimizer-lab-org/aurora/actions/runs/31333187227,https://github.com/trading-optimizer-lab-org/aurora/actions/runs/30995267332,openap-149-acquisition-extract-results,blocked_source_failure,implementation_pit_identity_coverage_and_fidelity_pending,False
IntanCFP,Accounting,https://raw.githubusercontent.com/OpenSourceAP/CrossSection/8db892442c2c3a3779b0f1eac4370d3655be15a1/Signals/pyCode/Predictors/ZZ1_IntanBM_IntanSP_IntanCFP_IntanEP.py,7a6df0b6f5dfd40ed0f45b21bba49cd79c622facba01e620232623a6c39b4d36,five_year_accounting_history|cash_flow_to_price,,,,formula-specific monthly lookback; see pinned OpenAP source,False,False,0,,,0.0,unavailable,tests/test_openap_149_acquisition.py,https://github.com/trading-optimizer-lab-org/aurora/actions/runs/31333187227,https://github.com/trading-optimizer-lab-org/aurora/actions/runs/30995267332,openap-149-acquisition-extract-results,blocked_source_failure,implementation_pit_identity_coverage_and_fidelity_pending,False
IntanEP,Accounting,https://raw.githubusercontent.com/OpenSourceAP/CrossSection/8db892442c2c3a3779b0f1eac4370d3655be15a1/Signals/pyCode/Predictors/ZZ1_IntanBM_IntanSP_IntanCFP_IntanEP.py,7a6df0b6f5dfd40ed0f45b21bba49cd79c622facba01e620232623a6c39b4d36,five_year_accounting_history|earnings_to_price,,,,formula-specific monthly lookback; see pinned OpenAP source,False,False,0,,,0.0,unavailable,tests/test_openap_149_acquisition.py,https://github.com/trading-optimizer-lab-org/aurora/actions/runs/31333187227,https://github.com/trading-optimizer-lab-org/aurora/actions/runs/30995267332,openap-149-acquisition-extract-results,blocked_source_failure,implementation_pit_identity_coverage_and_fidelity_pending,False
IntanSP,Accounting,https://raw.githubusercontent.com/OpenSourceAP/CrossSection/8db892442c2c3a3779b0f1eac4370d3655be15a1/Signals/pyCode/Predictors/ZZ1_IntanBM_IntanSP_IntanCFP_IntanEP.py,7a6df0b6f5dfd40ed0f45b21bba49cd79c622facba01e620232623a6c39b4d36,five_year_accounting_history|sales_to_price,,,,formula-specific monthly lookback; see pinned OpenAP source,False,False,0,,,0.0,unavailable,tests/test_openap_149_acquisition.py,https://github.com/trading-optimizer-lab-org/aurora/actions/runs/31333187227,https://github.com/trading-optimizer-lab-org/aurora/actions/runs/30995267332,openap-149-acquisition-extract-results,blocked_source_failure,implementation_pit_identity_coverage_and_fidelity_pending,False
InvGrowth,Accounting,https://raw.githubusercontent.com/OpenSourceAP/CrossSection/8db892442c2c3a3779b0f1eac4370d3655be15a1/Signals/pyCode/Predictors/InvGrowth.py,177fb08aabfafd0ff460be24eb75d5180c18db4bade422cc3fefcd7802cae4fa,,,,,not_yet_frozen,False,False,0,,,0.0,unavailable,tests/test_openap_149_acquisition.py,https://github.com/trading-optimizer-lab-org/aurora/actions/runs/31333187227,https://github.com/trading-optimizer-lab-org/aurora/actions/runs/30995267332,openap-149-acquisition-extract-results,blocked_source_failure,implementation_pit_identity_coverage_and_fidelity_pending,False
Investment,Accounting,https://raw.githubusercontent.com/OpenSourceAP/CrossSection/8db892442c2c3a3779b0f1eac4370d3655be15a1/Signals/pyCode/Predictors/Investment.py,9b5b843157e7a57f67f6d8de610f165c27a69a5bf7cff8e671fef0e52a472e17,,,,,not_yet_frozen,False,False,0,,,0.0,unavailable,tests/test_openap_149_acquisition.py,https://github.com/trading-optimizer-lab-org/aurora/actions/runs/31333187227,https://github.com/trading-optimizer-lab-org/aurora/actions/runs/30995267332,openap-149-acquisition-extract-results,blocked_source_failure,implementation_pit_identity_coverage_and_fidelity_pending,False
Leverage,Accounting,https://raw.githubusercontent.com/OpenSourceAP/CrossSection/8db892442c2c3a3779b0f1eac4370d3655be15a1/Signals/pyCode/Predictors/Leverage.py,c63e0c634038e25511493d98fa9ee58099613f5d022df7bc74a33619d034e70b,,,,,not_yet_frozen,False,False,0,,,0.0,unavailable,tests/test_openap_149_acquisition.py,https://github.com/trading-optimizer-lab-org/aurora/actions/runs/31333187227,https://github.com/trading-optimizer-lab-org/aurora/actions/runs/30995267332,openap-149-acquisition-extract-results,blocked_source_failure,implementation_pit_identity_coverage_and_fidelity_pending,False
MS,Accounting,https://raw.githubusercontent.com/OpenSourceAP/CrossSection/8db892442c2c3a3779b0f1eac4370d3655be15a1/Signals/pyCode/Predictors/MS.py,7f86e390c5b94cf1445194a2924e4c41794a2e96de4ae37138631ef92e7c38bf,mohanram_nine_inputs|low_bm_filter,,,,formula-specific annual lookback; see pinned OpenAP source,False,False,0,,,0.0,unavailable,tests/test_openap_149_acquisition.py,https://github.com/trading-optimizer-lab-org/aurora/actions/runs/31333187227,https://github.com/trading-optimizer-lab-org/aurora/actions/runs/30995267332,openap-149-acquisition-extract-results,blocked_fidelity,unapproved_current_source:sec_edgar|yahoo_public,False
MeanRankRevGrowth,Accounting,https://raw.githubusercontent.com/OpenSourceAP/CrossSection/8db892442c2c3a3779b0f1eac4370d3655be15a1/Signals/pyCode/Predictors/MeanRankRevGrowth.py,f2f99d67dd7ecbd2ea1c1274d4d5f1ae5888bd3c7dcedb8d7786ecba841688e3,five_year_revenue_growth_cross_sections,sec_edgar,https://www.sec.gov/files/company_tickers_exchange.json,SEC public data; automated access subject to SEC fair-access policy,formula-specific annual lookback; see pinned OpenAP source,True,True,40,2026-05-31T00:00:00+00:00,2026-07-24T20:02:34+00:00,0.01710863986313088,reconstructed,tests/test_openap_149_acquisition.py,https://github.com/trading-optimizer-lab-org/aurora/actions/runs/31333187227,https://github.com/trading-optimizer-lab-org/aurora/actions/runs/30995267332,openap-149-acquisition-extract-results,current_signal_computed,strict_validation_and_fidelity_gates_pending,False
Mom6mJunk,Price,https://raw.githubusercontent.com/OpenSourceAP/CrossSection/8db892442c2c3a3779b0f1eac4370d3655be15a1/Signals/pyCode/Predictors/Mom6mJunk.py,8d7c326bb5b71ca6a82ef9a458da5c73bc791f540315382d8fdc5ddd091182c7,six_month_momentum|credit_rating,,,,formula-specific monthly lookback; see pinned OpenAP source,False,False,0,,,0.0,unavailable,tests/test_openap_149_acquisition.py,https://github.com/trading-optimizer-lab-org/aurora/actions/runs/31333187227,https://github.com/trading-optimizer-lab-org/aurora/actions/runs/30995267332,openap-149-acquisition-extract-results,blocked_source_failure,implementation_pit_identity_coverage_and_fidelity_pending,False
MomOffSeason11YrPlus,Price,https://raw.githubusercontent.com/OpenSourceAP/CrossSection/8db892442c2c3a3779b0f1eac4370d3655be15a1/Signals/pyCode/Predictors/MomOffSeason11YrPlus.py,e185e4a4f26a2e228572e31e8a9feda6184272f0c3b017889f18f7e28399d11a,,,,,not_yet_frozen,False,False,0,,,0.0,unavailable,tests/test_openap_149_acquisition.py,https://github.com/trading-optimizer-lab-org/aurora/actions/runs/31333187227,https://github.com/trading-optimizer-lab-org/aurora/actions/runs/30995267332,openap-149-acquisition-extract-results,blocked_source_failure,implementation_pit_identity_coverage_and_fidelity_pending,False
MomRev,Price,https://raw.githubusercontent.com/OpenSourceAP/CrossSection/8db892442c2c3a3779b0f1eac4370d3655be15a1/Signals/pyCode/Predictors/MomRev.py,c161588a8b984f4832a43c66cb32af555743b5dc068227239123f706be43df60,momentum_6m|momentum_36m,,,,formula-specific monthly lookback; see pinned OpenAP source,False,False,0,,,0.0,unavailable,tests/test_openap_149_acquisition.py,https://github.com/trading-optimizer-lab-org/aurora/actions/runs/31333187227,https://github.com/trading-optimizer-lab-org/aurora/actions/runs/30995267332,openap-149-acquisition-extract-results,blocked_fidelity,unapproved_current_source:yahoo_public,False
MomVol,Price,https://raw.githubusercontent.com/OpenSourceAP/CrossSection/8db892442c2c3a3779b0f1eac4370d3655be15a1/Signals/pyCode/Predictors/MomVol.py,b80ab3e5495590470e7c865bc55b3dee06d009d4bf1ea2e3b23dfa3073967b27,momentum|six_month_turnover,,,,formula-specific monthly lookback; see pinned OpenAP source,False,False,0,,,0.0,unavailable,tests/test_openap_149_acquisition.py,https://github.com/trading-optimizer-lab-org/aurora/actions/runs/31333187227,https://github.com/trading-optimizer-lab-org/aurora/actions/runs/30995267332,openap-149-acquisition-extract-results,blocked_fidelity,unapproved_current_source:yahoo_public,False
NOA,Accounting,https://raw.githubusercontent.com/OpenSourceAP/CrossSection/8db892442c2c3a3779b0f1eac4370d3655be15a1/Signals/pyCode/Predictors/NOA.py,0210dfc4111cb3af1a924137a780da81f664c998d43852fe3b3e4cb657e558a2,,,,,not_yet_frozen,False,False,0,,,0.0,unavailable,tests/test_openap_149_acquisition.py,https://github.com/trading-optimizer-lab-org/aurora/actions/runs/31333187227,https://github.com/trading-optimizer-lab-org/aurora/actions/runs/30995267332,openap-149-acquisition-extract-results,blocked_source_failure,implementation_pit_identity_coverage_and_fidelity_pending,False
NetDebtFinance,Accounting,https://raw.githubusercontent.com/OpenSourceAP/CrossSection/8db892442c2c3a3779b0f1eac4370d3655be15a1/Signals/pyCode/Predictors/NetDebtFinance.py,e8412606b15fe6eba89f37e301b1e8978a963d6798c8494bc34c15b14b3150d6,,,,,not_yet_frozen,False,False,0,,,0.0,unavailable,tests/test_openap_149_acquisition.py,https://github.com/trading-optimizer-lab-org/aurora/actions/runs/31333187227,https://github.com/trading-optimizer-lab-org/aurora/actions/runs/30995267332,openap-149-acquisition-extract-results,blocked_source_failure,implementation_pit_identity_coverage_and_fidelity_pending,False
NetDebtPrice,Accounting,https://raw.githubusercontent.com/OpenSourceAP/CrossSection/8db892442c2c3a3779b0f1eac4370d3655be15a1/Signals/pyCode/Predictors/NetDebtPrice.py,cb76e8dc208659a85cddaf38004c8bf4ba7e23349c2afde6b0f7904e72176442,,,,,not_yet_frozen,False,False,0,,,0.0,unavailable,tests/test_openap_149_acquisition.py,https://github.com/trading-optimizer-lab-org/aurora/actions/runs/31333187227,https://github.com/trading-optimizer-lab-org/aurora/actions/runs/30995267332,openap-149-acquisition-extract-results,blocked_source_failure,implementation_pit_identity_coverage_and_fidelity_pending,False
NetEquityFinance,Accounting,https://raw.githubusercontent.com/OpenSourceAP/CrossSection/8db892442c2c3a3779b0f1eac4370d3655be15a1/Signals/pyCode/Predictors/NetEquityFinance.py,ede836d5312897d3b4e4ba843c007b70b859f5f07790f8c50db10f8f2f9bb385,,,,,not_yet_frozen,False,False,0,,,0.0,unavailable,tests/test_openap_149_acquisition.py,https://github.com/trading-optimizer-lab-org/aurora/actions/runs/31333187227,https://github.com/trading-optimizer-lab-org/aurora/actions/runs/30995267332,openap-149-acquisition-extract-results,blocked_source_failure,implementation_pit_identity_coverage_and_fidelity_pending,False
NetPayoutYield,Accounting,https://raw.githubusercontent.com/OpenSourceAP/CrossSection/8db892442c2c3a3779b0f1eac4370d3655be15a1/Signals/pyCode/Predictors/NetPayoutYield.py,4a30a7eeee64e52bcc4c609ce5134ac873bc1cff7b7e25ace9282f7887a79afe,,,,,not_yet_frozen,False,False,0,,,0.0,unavailable,tests/test_openap_149_acquisition.py,https://github.com/trading-optimizer-lab-org/aurora/actions/runs/31333187227,https://github.com/trading-optimizer-lab-org/aurora/actions/runs/30995267332,openap-149-acquisition-extract-results,blocked_source_failure,implementation_pit_identity_coverage_and_fidelity_pending,False
NumEarnIncrease,Accounting,https://raw.githubusercontent.com/OpenSourceAP/CrossSection/8db892442c2c3a3779b0f1eac4370d3655be15a1/Signals/pyCode/Predictors/NumEarnIncrease.py,575b3ed1cdb97df48e03ad6d00d883b8d476b169178979579c59a5b312ddadf3,quarterly_income_history,sec_edgar,https://www.sec.gov/files/company_tickers_exchange.json,SEC public data; automated access subject to SEC fair-access policy,formula-specific quarterly lookback; see pinned OpenAP source,True,True,2332,2026-07-31T00:00:00+00:00,2026-08-04T00:00:00+00:00,0.9974337040205303,reconstructed,tests/test_openap_149_acquisition.py,https://github.com/trading-optimizer-lab-org/aurora/actions/runs/31333187227,https://github.com/trading-optimizer-lab-org/aurora/actions/runs/30995267332,openap-149-acquisition-extract-results,current_signal_computed,strict_validation_and_fidelity_gates_pending;quarantined_contract_rows=5:available_at_precedes_effective_period,False
OPLeverage,Accounting,https://raw.githubusercontent.com/OpenSourceAP/CrossSection/8db892442c2c3a3779b0f1eac4370d3655be15a1/Signals/pyCode/Predictors/OPLeverage.py,683200c6f2b3f48fe3da68baa1f871634b825a38a04a0058d1efc033a05089c7,,,,,not_yet_frozen,False,False,0,,,0.0,unavailable,tests/test_openap_149_acquisition.py,https://github.com/trading-optimizer-lab-org/aurora/actions/runs/31333187227,https://github.com/trading-optimizer-lab-org/aurora/actions/runs/30995267332,openap-149-acquisition-extract-results,blocked_source_failure,implementation_pit_identity_coverage_and_fidelity_pending,False
OScore,Accounting,https://raw.githubusercontent.com/OpenSourceAP/CrossSection/8db892442c2c3a3779b0f1eac4370d3655be15a1/Signals/pyCode/Predictors/OScore.py,ab970ee501bd7ab86a0a0d10b44f20c126195cf3201a1e2ed023ef90accd59d1,ohlson_inputs|gnp_deflator|industry_filter,,,,formula-specific annual lookback; see pinned OpenAP source,False,False,0,,,0.0,unavailable,tests/test_openap_149_acquisition.py,https://github.com/trading-optimizer-lab-org/aurora/actions/runs/31333187227,https://github.com/trading-optimizer-lab-org/aurora/actions/runs/30995267332,openap-149-acquisition-extract-results,blocked_fidelity,unapproved_current_source:fred_public_csv|sec_edgar,False
OperProf,Accounting,https://raw.githubusercontent.com/OpenSourceAP/CrossSection/8db892442c2c3a3779b0f1eac4370d3655be15a1/Signals/pyCode/Predictors/OperProf.py,68bef53d98e13fea98dc282bdd2a97d0bb49beaf5b59ff123a83dd03dc0bf658,,,,,not_yet_frozen,False,False,0,,,0.0,unavailable,tests/test_openap_149_acquisition.py,https://github.com/trading-optimizer-lab-org/aurora/actions/runs/31333187227,https://github.com/trading-optimizer-lab-org/aurora/actions/runs/30995267332,openap-149-acquisition-extract-results,blocked_source_failure,implementation_pit_identity_coverage_and_fidelity_pending,False
OperProfRD,Accounting,https://raw.githubusercontent.com/OpenSourceAP/CrossSection/8db892442c2c3a3779b0f1eac4370d3655be15a1/Signals/pyCode/Predictors/OperProfRD.py,b68d80ea3cc45b2fa4ce6b842f4a9c4fcbe7a1e9393a4cab456629222cdf4e72,,,,,not_yet_frozen,False,False,0,,,0.0,unavailable,tests/test_openap_149_acquisition.py,https://github.com/trading-optimizer-lab-org/aurora/actions/runs/31333187227,https://github.com/trading-optimizer-lab-org/aurora/actions/runs/30995267332,openap-149-acquisition-extract-results,blocked_source_failure,implementation_pit_identity_coverage_and_fidelity_pending,False
OrderBacklog,Accounting,https://raw.githubusercontent.com/OpenSourceAP/CrossSection/8db892442c2c3a3779b0f1eac4370d3655be15a1/Signals/pyCode/Predictors/OrderBacklog.py,a075ad1af49c8979d14037d0cd8a80adc91ebf92810010d57658fe8795c08954,order_backlog,,,,formula-specific annual lookback; see pinned OpenAP source,True,False,0,,,0.0,unavailable,tests/test_openap_149_acquisition.py,https://github.com/trading-optimizer-lab-org/aurora/actions/runs/31333187227,https://github.com/trading-optimizer-lab-org/aurora/actions/runs/30995267332,openap-149-acquisition-extract-results,blocked_coverage,missing_point_in_time_sec_inputs,False
OrderBacklogChg,Accounting,https://raw.githubusercontent.com/OpenSourceAP/CrossSection/8db892442c2c3a3779b0f1eac4370d3655be15a1/Signals/pyCode/Predictors/OrderBacklogChg.py,2e87eb4c390a81b382e2948c17c3b48b74c8628e68dcfaa120ba54d5d52251c7,order_backlog_history,,,,formula-specific annual lookback; see pinned OpenAP source,True,False,0,,,0.0,unavailable,tests/test_openap_149_acquisition.py,https://github.com/trading-optimizer-lab-org/aurora/actions/runs/31333187227,https://github.com/trading-optimizer-lab-org/aurora/actions/runs/30995267332,openap-149-acquisition-extract-results,blocked_coverage,missing_point_in_time_sec_inputs,False
OrgCap,Accounting,https://raw.githubusercontent.com/OpenSourceAP/CrossSection/8db892442c2c3a3779b0f1eac4370d3655be15a1/Signals/pyCode/Predictors/ZZ1_OrgCap_OrgCapNoAdj.py,b6bbeafe9296818b4d9e4e79d0a630b48f20c6283d9127615636e31d4343ecb1,sga_history|recursive_organization_capital,,,,formula-specific annual lookback; see pinned OpenAP source,False,False,0,,,0.0,unavailable,tests/test_openap_149_acquisition.py,https://github.com/trading-optimizer-lab-org/aurora/actions/runs/31333187227,https://github.com/trading-optimizer-lab-org/aurora/actions/runs/30995267332,openap-149-acquisition-extract-results,blocked_fidelity,unapproved_current_source:fred_public_csv|sec_edgar,False
PS,Accounting,https://raw.githubusercontent.com/OpenSourceAP/CrossSection/8db892442c2c3a3779b0f1eac4370d3655be15a1/Signals/pyCode/Predictors/PS.py,2c47a2cefe19e28b8cae289b2f57fa14dd3baf9cd960ba74f75321b99d30ac56,piotroski_nine_inputs|high_bm_filter,,,,formula-specific annual lookback; see pinned OpenAP source,False,False,0,,,0.0,unavailable,tests/test_openap_149_acquisition.py,https://github.com/trading-optimizer-lab-org/aurora/actions/runs/31333187227,https://github.com/trading-optimizer-lab-org/aurora/actions/runs/30995267332,openap-149-acquisition-extract-results,blocked_fidelity,unapproved_current_source:sec_edgar|yahoo_public,False
PatentsRD,Other,https://raw.githubusercontent.com/OpenSourceAP/CrossSection/8db892442c2c3a3779b0f1eac4370d3655be15a1/Signals/pyCode/Predictors/PatentsRD.py,3f352968a0fe03dd6892065bfbda89023ebb12e32e195d10f34acb7a86828d72,patent_counts|rd_expense|gvkey_permno_identity,,,,formula-specific annual lookback; see pinned OpenAP source,False,False,0,,,0.0,unavailable,tests/test_openap_149_acquisition.py,https://github.com/trading-optimizer-lab-org/aurora/actions/runs/31333187227,https://github.com/trading-optimizer-lab-org/aurora/actions/runs/30995267332,openap-149-acquisition-extract-results,blocked_source_failure,implementation_pit_identity_coverage_and_fidelity_pending,False
PayoutYield,Accounting,https://raw.githubusercontent.com/OpenSourceAP/CrossSection/8db892442c2c3a3779b0f1eac4370d3655be15a1/Signals/pyCode/Predictors/PayoutYield.py,d9cd4c9f27364929ac0889ed48149f6d7b509c9a6f1d0dc1cde272f2bd8229db,,,,,not_yet_frozen,False,False,0,,,0.0,unavailable,tests/test_openap_149_acquisition.py,https://github.com/trading-optimizer-lab-org/aurora/actions/runs/31333187227,https://github.com/trading-optimizer-lab-org/aurora/actions/runs/30995267332,openap-149-acquisition-extract-results,blocked_source_failure,implementation_pit_identity_coverage_and_fidelity_pending,False
PctTotAcc,Accounting,https://raw.githubusercontent.com/OpenSourceAP/CrossSection/8db892442c2c3a3779b0f1eac4370d3655be15a1/Signals/pyCode/Predictors/PctTotAcc.py,938a1d8e183c328ab9162b1412ebd1be99a90673656884f46ca3cc9a56e5ae03,operating_financing_investing_cashflows,,,,formula-specific annual lookback; see pinned OpenAP source,True,False,0,,,0.0,unavailable,tests/test_openap_149_acquisition.py,https://github.com/trading-optimizer-lab-org/aurora/actions/runs/31333187227,https://github.com/trading-optimizer-lab-org/aurora/actions/runs/30995267332,openap-149-acquisition-extract-results,blocked_coverage,missing_point_in_time_sec_inputs,False
PriceDelayRsq,Price,https://raw.githubusercontent.com/OpenSourceAP/CrossSection/8db892442c2c3a3779b0f1eac4370d3655be15a1/Signals/pyCode/Predictors/ZZ2_PriceDelaySlope_PriceDelayRsq_PriceDelayTstat.py,a003da84b08f46f78598f076c50959128016cb402a9235b4dabeb0341ac08fef,daily_stock_returns|lagged_market_returns,,,,formula-specific annual lookback; see pinned OpenAP source,False,False,0,,,0.0,unavailable,tests/test_openap_149_acquisition.py,https://github.com/trading-optimizer-lab-org/aurora/actions/runs/31333187227,https://github.com/trading-optimizer-lab-org/aurora/actions/runs/30995267332,openap-149-acquisition-extract-results,blocked_fidelity,unapproved_current_source:kenneth_french|yahoo_public,False
PriceDelaySlope,Price,https://raw.githubusercontent.com/OpenSourceAP/CrossSection/8db892442c2c3a3779b0f1eac4370d3655be15a1/Signals/pyCode/Predictors/ZZ2_PriceDelaySlope_PriceDelayRsq_PriceDelayTstat.py,a003da84b08f46f78598f076c50959128016cb402a9235b4dabeb0341ac08fef,,,,,not_yet_frozen,False,False,0,,,0.0,unavailable,tests/test_openap_149_acquisition.py,https://github.com/trading-optimizer-lab-org/aurora/actions/runs/31333187227,https://github.com/trading-optimizer-lab-org/aurora/actions/runs/30995267332,openap-149-acquisition-extract-results,blocked_source_failure,implementation_pit_identity_coverage_and_fidelity_pending,False
PriceDelayTstat,Price,https://raw.githubusercontent.com/OpenSourceAP/CrossSection/8db892442c2c3a3779b0f1eac4370d3655be15a1/Signals/pyCode/Predictors/ZZ2_PriceDelaySlope_PriceDelayRsq_PriceDelayTstat.py,a003da84b08f46f78598f076c50959128016cb402a9235b4dabeb0341ac08fef,,,,,not_yet_frozen,False,False,0,,,0.0,unavailable,tests/test_openap_149_acquisition.py,https://github.com/trading-optimizer-lab-org/aurora/actions/runs/31333187227,https://github.com/trading-optimizer-lab-org/aurora/actions/runs/30995267332,openap-149-acquisition-extract-results,blocked_source_failure,implementation_pit_identity_coverage_and_fidelity_pending,False
RD,Accounting,https://raw.githubusercontent.com/OpenSourceAP/CrossSection/8db892442c2c3a3779b0f1eac4370d3655be15a1/Signals/pyCode/Predictors/RD.py,c9b58cea6980a3570096ab08c9e1cd224bb89e5dc0cfbadc80777bbbb263edf3,,,,,not_yet_frozen,False,False,0,,,0.0,unavailable,tests/test_openap_149_acquisition.py,https://github.com/trading-optimizer-lab-org/aurora/actions/runs/31333187227,https://github.com/trading-optimizer-lab-org/aurora/actions/runs/30995267332,openap-149-acquisition-extract-results,blocked_source_failure,implementation_pit_identity_coverage_and_fidelity_pending,False
RDAbility,Accounting,https://raw.githubusercontent.com/OpenSourceAP/CrossSection/8db892442c2c3a3779b0f1eac4370d3655be15a1/Signals/pyCode/Predictors/RDAbility.py,8a8e2dd8afafde672021f22774d11dd84b4951a89510dbb5759c76ea3839cea6,,,,,not_yet_frozen,False,False,0,,,0.0,unavailable,tests/test_openap_149_acquisition.py,https://github.com/trading-optimizer-lab-org/aurora/actions/runs/31333187227,https://github.com/trading-optimizer-lab-org/aurora/actions/runs/30995267332,openap-149-acquisition-extract-results,blocked_source_failure,implementation_pit_identity_coverage_and_fidelity_pending,False
RDIPO,Event,https://raw.githubusercontent.com/OpenSourceAP/CrossSection/8db892442c2c3a3779b0f1eac4370d3655be15a1/Signals/pyCode/Predictors/RDIPO.py,a6aa23c8388f49a16f710a70835b07be21a043193169704d6ce2b37ba4d3a568,rd_expense|ipo_dates,,,,formula-specific monthly lookback; see pinned OpenAP source,False,False,0,,,0.0,unavailable,tests/test_openap_149_acquisition.py,https://github.com/trading-optimizer-lab-org/aurora/actions/runs/31333187227,https://github.com/trading-optimizer-lab-org/aurora/actions/runs/30995267332,openap-149-acquisition-extract-results,blocked_fidelity,unapproved_current_source:sec_edgar|yahoo_public,False
RDS,Accounting,https://raw.githubusercontent.com/OpenSourceAP/CrossSection/8db892442c2c3a3779b0f1eac4370d3655be15a1/Signals/pyCode/Predictors/RDS.py,4c8265ad883a3a3ff294c8017e856d4979be3943b3aa3ce5f29d5aa208c437fb,dirty_surplus_components,,,,formula-specific annual lookback; see pinned OpenAP source,False,False,0,,,0.0,unavailable,tests/test_openap_149_acquisition.py,https://github.com/trading-optimizer-lab-org/aurora/actions/runs/31333187227,https://github.com/trading-optimizer-lab-org/aurora/actions/runs/30995267332,openap-149-acquisition-extract-results,blocked_source_failure,implementation_pit_identity_coverage_and_fidelity_pending,False
RDcap,Accounting,https://raw.githubusercontent.com/OpenSourceAP/CrossSection/8db892442c2c3a3779b0f1eac4370d3655be15a1/Signals/pyCode/Predictors/RDcap.py,718758b8999aa0a4623df0d8ea5a7d16fdc5c7c85255cf5526c923167a2a4789,,,,,not_yet_frozen,False,False,0,,,0.0,unavailable,tests/test_openap_149_acquisition.py,https://github.com/trading-optimizer-lab-org/aurora/actions/runs/31333187227,https://github.com/trading-optimizer-lab-org/aurora/actions/runs/30995267332,openap-149-acquisition-extract-results,blocked_source_failure,implementation_pit_identity_coverage_and_fidelity_pending,False
RIO_MB,13F,https://raw.githubusercontent.com/OpenSourceAP/CrossSection/8db892442c2c3a3779b0f1eac4370d3655be15a1/Signals/pyCode/Predictors/ZZ1_RIO_MB_RIO_Disp_RIO_Turnover_RIO_Volatility.py,34a01df935551f7c8f19f5521084a658f5bc401d65c54c3fcabb7746438a6afa,institutional_holdings_history|cusip_ticker_mapping|book_to_market,,,,formula-specific quarterly lookback; see pinned OpenAP source,False,False,0,,,0.0,unavailable,tests/test_openap_149_acquisition.py,https://github.com/trading-optimizer-lab-org/aurora/actions/runs/31333187227,https://github.com/trading-optimizer-lab-org/aurora/actions/runs/30995267332,openap-149-acquisition-extract-results,blocked_fidelity,unapproved_current_source:openfigi_public|sec_13f|sec_edgar|yahoo_public,False
RIO_Turnover,13F,https://raw.githubusercontent.com/OpenSourceAP/CrossSection/8db892442c2c3a3779b0f1eac4370d3655be15a1/Signals/pyCode/Predictors/ZZ1_RIO_MB_RIO_Disp_RIO_Turnover_RIO_Volatility.py,34a01df935551f7c8f19f5521084a658f5bc401d65c54c3fcabb7746438a6afa,institutional_holdings_history|cusip_ticker_mapping|turnover,,,,formula-specific quarterly lookback; see pinned OpenAP source,False,False,0,,,0.0,unavailable,tests/test_openap_149_acquisition.py,https://github.com/trading-optimizer-lab-org/aurora/actions/runs/31333187227,https://github.com/trading-optimizer-lab-org/aurora/actions/runs/30995267332,openap-149-acquisition-extract-results,blocked_fidelity,unapproved_current_source:openfigi_public|sec_13f|sec_edgar|yahoo_public,False
RIO_Volatility,13F,https://raw.githubusercontent.com/OpenSourceAP/CrossSection/8db892442c2c3a3779b0f1eac4370d3655be15a1/Signals/pyCode/Predictors/ZZ1_RIO_MB_RIO_Disp_RIO_Turnover_RIO_Volatility.py,34a01df935551f7c8f19f5521084a658f5bc401d65c54c3fcabb7746438a6afa,institutional_holdings_history|cusip_ticker_mapping|volatility,,,,formula-specific quarterly lookback; see pinned OpenAP source,False,False,0,,,0.0,unavailable,tests/test_openap_149_acquisition.py,https://github.com/trading-optimizer-lab-org/aurora/actions/runs/31333187227,https://github.com/trading-optimizer-lab-org/aurora/actions/runs/30995267332,openap-149-acquisition-extract-results,blocked_fidelity,unapproved_current_source:openfigi_public|sec_13f|sec_edgar|yahoo_public,False
RealizedVol,Price,https://raw.githubusercontent.com/OpenSourceAP/CrossSection/8db892442c2c3a3779b0f1eac4370d3655be15a1/Signals/pyCode/Predictors/ZZ0_RealizedVol_IdioVol3F_ReturnSkew3F.py,6705b51935883db5726d363ad8692067b3ee9c37637b3e0b54f4fcd7890e059c,,,,,not_yet_frozen,False,False,0,,,0.0,unavailable,tests/test_openap_149_acquisition.py,https://github.com/trading-optimizer-lab-org/aurora/actions/runs/31333187227,https://github.com/trading-optimizer-lab-org/aurora/actions/runs/30995267332,openap-149-acquisition-extract-results,blocked_source_failure,implementation_pit_identity_coverage_and_fidelity_pending,False
ResidualMomentum,Price,https://raw.githubusercontent.com/OpenSourceAP/CrossSection/8db892442c2c3a3779b0f1eac4370d3655be15a1/Signals/pyCode/Predictors/ZZ1_ResidualMomentum6m_ResidualMomentum.py,1f1c9a114c36ee325bc2f679933ad5b1760ccac0816ec437246eb986c31f3143,monthly_stock_returns|fama_french_factors,,,,formula-specific monthly lookback; see pinned OpenAP source,False,False,0,,,0.0,unavailable,tests/test_openap_149_acquisition.py,https://github.com/trading-optimizer-lab-org/aurora/actions/runs/31333187227,https://github.com/trading-optimizer-lab-org/aurora/actions/runs/30995267332,openap-149-acquisition-extract-results,blocked_fidelity,unapproved_current_source:kenneth_french|yahoo_public,False
ReturnSkew3F,Price,https://raw.githubusercontent.com/OpenSourceAP/CrossSection/8db892442c2c3a3779b0f1eac4370d3655be15a1/Signals/pyCode/Predictors/ZZ0_RealizedVol_IdioVol3F_ReturnSkew3F.py,6705b51935883db5726d363ad8692067b3ee9c37637b3e0b54f4fcd7890e059c,daily_stock_returns|daily_fama_french_factors,,,,formula-specific monthly lookback; see pinned OpenAP source,False,False,0,,,0.0,unavailable,tests/test_openap_149_acquisition.py,https://github.com/trading-optimizer-lab-org/aurora/actions/runs/31333187227,https://github.com/trading-optimizer-lab-org/aurora/actions/runs/30995267332,openap-149-acquisition-extract-results,blocked_source_failure,implementation_pit_identity_coverage_and_fidelity_pending,False
RevenueSurprise,Accounting,https://raw.githubusercontent.com/OpenSourceAP/CrossSection/8db892442c2c3a3779b0f1eac4370d3655be15a1/Signals/pyCode/Predictors/RevenueSurprise.py,00b8b548e0e913bdb5d9ff9f41da8766d7494286f5de2dbacf3aaa4410dc0cbc,quarterly_revenue_per_share_history,,,,formula-specific quarterly lookback; see pinned OpenAP source,True,False,0,,,0.0,unavailable,tests/test_openap_149_acquisition.py,https://github.com/trading-optimizer-lab-org/aurora/actions/runs/31333187227,https://github.com/trading-optimizer-lab-org/aurora/actions/runs/30995267332,openap-149-acquisition-extract-results,blocked_coverage,insufficient_quarterly_history,False
SP,Accounting,https://raw.githubusercontent.com/OpenSourceAP/CrossSection/8db892442c2c3a3779b0f1eac4370d3655be15a1/Signals/pyCode/Predictors/SP.py,4645a61c5b36a42900442c05cf287b44cbe8434f7b4447945ee54c0dc1501e1b,,,,,not_yet_frozen,False,False,0,,,0.0,unavailable,tests/test_openap_149_acquisition.py,https://github.com/trading-optimizer-lab-org/aurora/actions/runs/31333187227,https://github.com/trading-optimizer-lab-org/aurora/actions/runs/30995267332,openap-149-acquisition-extract-results,blocked_source_failure,implementation_pit_identity_coverage_and_fidelity_pending,False
ShareIss1Y,Accounting,https://raw.githubusercontent.com/OpenSourceAP/CrossSection/8db892442c2c3a3779b0f1eac4370d3655be15a1/Signals/pyCode/Predictors/ShareIss1Y.py,adc05d494eb6df3cfd54652d25de00346f396d09b4d5cbb78896b18d6aae5457,,,,,not_yet_frozen,False,False,0,,,0.0,unavailable,tests/test_openap_149_acquisition.py,https://github.com/trading-optimizer-lab-org/aurora/actions/runs/31333187227,https://github.com/trading-optimizer-lab-org/aurora/actions/runs/30995267332,openap-149-acquisition-extract-results,blocked_source_failure,implementation_pit_identity_coverage_and_fidelity_pending,False
ShareIss5Y,Accounting,https://raw.githubusercontent.com/OpenSourceAP/CrossSection/8db892442c2c3a3779b0f1eac4370d3655be15a1/Signals/pyCode/Predictors/ShareIss5Y.py,6d45e71a7756058a4b8ffcbbedcbfe79ff984bf5b01f497b5f770dca1d454d26,,,,,not_yet_frozen,False,False,0,,,0.0,unavailable,tests/test_openap_149_acquisition.py,https://github.com/trading-optimizer-lab-org/aurora/actions/runs/31333187227,https://github.com/trading-optimizer-lab-org/aurora/actions/runs/30995267332,openap-149-acquisition-extract-results,blocked_source_failure,implementation_pit_identity_coverage_and_fidelity_pending,False
ShareRepurchase,Accounting,https://raw.githubusercontent.com/OpenSourceAP/CrossSection/8db892442c2c3a3779b0f1eac4370d3655be15a1/Signals/pyCode/Predictors/ShareRepurchase.py,305fdfbcab492ee39605da792a9dd234d565e09cc3816e889793559b8c1f8657,,,,,not_yet_frozen,False,False,0,,,0.0,unavailable,tests/test_openap_149_acquisition.py,https://github.com/trading-optimizer-lab-org/aurora/actions/runs/31333187227,https://github.com/trading-optimizer-lab-org/aurora/actions/runs/30995267332,openap-149-acquisition-extract-results,blocked_source_failure,implementation_pit_identity_coverage_and_fidelity_pending,False
ShortInterest,Trading,https://raw.githubusercontent.com/OpenSourceAP/CrossSection/8db892442c2c3a3779b0f1eac4370d3655be15a1/Signals/pyCode/Predictors/ShortInterest.py,25baaf9fd432a4b4805e57cddfb7cb7882eddf8ea27d3cde5b502c304d932b94,settlement_date_short_interest|shares_outstanding,,,,formula-specific monthly lookback; see pinned OpenAP source,False,False,0,,,0.0,unavailable,tests/test_openap_149_acquisition.py,https://github.com/trading-optimizer-lab-org/aurora/actions/runs/31333187227,https://github.com/trading-optimizer-lab-org/aurora/actions/runs/30995267332,openap-149-acquisition-extract-results,blocked_source_failure,implementation_pit_identity_coverage_and_fidelity_pending,False
Size,Price,https://raw.githubusercontent.com/OpenSourceAP/CrossSection/8db892442c2c3a3779b0f1eac4370d3655be15a1/Signals/pyCode/Predictors/Size.py,3741c5ca88b4869772195bb16b5094fd1fcd36bd48090c317b7fa5f1ed0be5be,,,,,not_yet_frozen,False,False,0,,,0.0,unavailable,tests/test_openap_149_acquisition.py,https://github.com/trading-optimizer-lab-org/aurora/actions/runs/31333187227,https://github.com/trading-optimizer-lab-org/aurora/actions/runs/30995267332,openap-149-acquisition-extract-results,blocked_source_failure,implementation_pit_identity_coverage_and_fidelity_pending,False
Spinoff,Event,https://raw.githubusercontent.com/OpenSourceAP/CrossSection/8db892442c2c3a3779b0f1eac4370d3655be15a1/Signals/pyCode/Predictors/Spinoff.py,8ab61e7a77f8d93bf0d53647d17efa8d27f6072d3e113c5920810ce182d1ab7b,spinoff_events,,,,formula-specific event lookback; see pinned OpenAP source,False,False,0,,,0.0,unavailable,tests/test_openap_149_acquisition.py,https://github.com/trading-optimizer-lab-org/aurora/actions/runs/31333187227,https://github.com/trading-optimizer-lab-org/aurora/actions/runs/30995267332,openap-149-acquisition-extract-results,blocked_source_failure,implementation_pit_identity_coverage_and_fidelity_pending,False
SurpriseRD,Accounting,https://raw.githubusercontent.com/OpenSourceAP/CrossSection/8db892442c2c3a3779b0f1eac4370d3655be15a1/Signals/pyCode/Predictors/SurpriseRD.py,f31997d5cae25f1492e470bcd15a827be907ca803635ae6c615ddbf78b986886,,,,,not_yet_frozen,False,False,0,,,0.0,unavailable,tests/test_openap_149_acquisition.py,https://github.com/trading-optimizer-lab-org/aurora/actions/runs/31333187227,https://github.com/trading-optimizer-lab-org/aurora/actions/runs/30995267332,openap-149-acquisition-extract-results,blocked_source_failure,implementation_pit_identity_coverage_and_fidelity_pending,False
Tax,Accounting,https://raw.githubusercontent.com/OpenSourceAP/CrossSection/8db892442c2c3a3779b0f1eac4370d3655be15a1/Signals/pyCode/Predictors/Tax.py,060ba47cb7d7e9a40634bc806e6e70f1c35cdff75896e984b857ea6fb27000f1,federal_tax|foreign_tax|deferred_tax|income,sec_edgar,https://www.sec.gov/files/company_tickers_exchange.json,SEC public data; automated access subject to SEC fair-access policy,formula-specific annual lookback; see pinned OpenAP source,True,True,2301,2026-06-30T00:00:00+00:00,2026-07-30T20:04:13+00:00,0.9841745081266039,unvalidated_proxy,tests/test_openap_149_acquisition.py,https://github.com/trading-optimizer-lab-org/aurora/actions/runs/31333187227,https://github.com/trading-optimizer-lab-org/aurora/actions/runs/30995267332,openap-149-acquisition-extract-results,current_signal_computed,strict_validation_and_fidelity_gates_pending,False
TotalAccruals,Accounting,https://raw.githubusercontent.com/OpenSourceAP/CrossSection/8db892442c2c3a3779b0f1eac4370d3655be15a1/Signals/pyCode/Predictors/TotalAccruals.py,574589faf026f7e09821bec93fe83520ce46180a8bb1cdd8e0bead082e344975,,,,,not_yet_frozen,False,False,0,,,0.0,unavailable,tests/test_openap_149_acquisition.py,https://github.com/trading-optimizer-lab-org/aurora/actions/runs/31333187227,https://github.com/trading-optimizer-lab-org/aurora/actions/runs/30995267332,openap-149-acquisition-extract-results,blocked_source_failure,implementation_pit_identity_coverage_and_fidelity_pending,False
TrendFactor,Price,https://raw.githubusercontent.com/OpenSourceAP/CrossSection/8db892442c2c3a3779b0f1eac4370d3655be15a1/Signals/pyCode/Predictors/TrendFactor.py,8280bce92bacaf1d9b848f38533fb7a2d4a3120e7598e55b990e9b09c48cddd8,,,,,not_yet_frozen,False,False,0,,,0.0,unavailable,tests/test_openap_149_acquisition.py,https://github.com/trading-optimizer-lab-org/aurora/actions/runs/31333187227,https://github.com/trading-optimizer-lab-org/aurora/actions/runs/30995267332,openap-149-acquisition-extract-results,blocked_source_failure,implementation_pit_identity_coverage_and_fidelity_pending,False
VarCF,Accounting,https://raw.githubusercontent.com/OpenSourceAP/CrossSection/8db892442c2c3a3779b0f1eac4370d3655be15a1/Signals/pyCode/Predictors/VarCF.py,88a67993274bda2490306e942605537be4752af7dd708d3181ef0b8a880123b9,,,,,not_yet_frozen,False,False,0,,,0.0,unavailable,tests/test_openap_149_acquisition.py,https://github.com/trading-optimizer-lab-org/aurora/actions/runs/31333187227,https://github.com/trading-optimizer-lab-org/aurora/actions/runs/30995267332,openap-149-acquisition-extract-results,blocked_source_failure,implementation_pit_identity_coverage_and_fidelity_pending,False
VolMkt,Trading,https://raw.githubusercontent.com/OpenSourceAP/CrossSection/8db892442c2c3a3779b0f1eac4370d3655be15a1/Signals/pyCode/Predictors/VolMkt.py,83b50bcb6849e45c105ffd2beb7a6350892d9c9d46e50470b7b137077d7d356e,,,,,not_yet_frozen,False,False,0,,,0.0,unavailable,tests/test_openap_149_acquisition.py,https://github.com/trading-optimizer-lab-org/aurora/actions/runs/31333187227,https://github.com/trading-optimizer-lab-org/aurora/actions/runs/30995267332,openap-149-acquisition-extract-results,blocked_source_failure,implementation_pit_identity_coverage_and_fidelity_pending,False
VolSD,Trading,https://raw.githubusercontent.com/OpenSourceAP/CrossSection/8db892442c2c3a3779b0f1eac4370d3655be15a1/Signals/pyCode/Predictors/VolSD.py,38e54240acc94432becf5734a49acd2cac2e5bacc3504b9ee64cfe110109a6f6,,,,,not_yet_frozen,False,False,0,,,0.0,unavailable,tests/test_openap_149_acquisition.py,https://github.com/trading-optimizer-lab-org/aurora/actions/runs/31333187227,https://github.com/trading-optimizer-lab-org/aurora/actions/runs/30995267332,openap-149-acquisition-extract-results,blocked_source_failure,implementation_pit_identity_coverage_and_fidelity_pending,False
VolumeTrend,Trading,https://raw.githubusercontent.com/OpenSourceAP/CrossSection/8db892442c2c3a3779b0f1eac4370d3655be15a1/Signals/pyCode/Predictors/VolumeTrend.py,cf3013a4c9360874a0b6f76072a5bfe741b1710f0868a6d1a3517950e10ad8d7,,,,,not_yet_frozen,False,False,0,,,0.0,unavailable,tests/test_openap_149_acquisition.py,https://github.com/trading-optimizer-lab-org/aurora/actions/runs/31333187227,https://github.com/trading-optimizer-lab-org/aurora/actions/runs/30995267332,openap-149-acquisition-extract-results,blocked_source_failure,implementation_pit_identity_coverage_and_fidelity_pending,False
XFIN,Accounting,https://raw.githubusercontent.com/OpenSourceAP/CrossSection/8db892442c2c3a3779b0f1eac4370d3655be15a1/Signals/pyCode/Predictors/XFIN.py,560138c5c24d6ad834bcbd28b5746eaf95ecbf4089adbaa7daba867204966fdd,,,,,not_yet_frozen,False,False,0,,,0.0,unavailable,tests/test_openap_149_acquisition.py,https://github.com/trading-optimizer-lab-org/aurora/actions/runs/31333187227,https://github.com/trading-optimizer-lab-org/aurora/actions/runs/30995267332,openap-149-acquisition-extract-results,blocked_source_failure,implementation_pit_identity_coverage_and_fidelity_pending,False
betaVIX,Price,https://raw.githubusercontent.com/OpenSourceAP/CrossSection/8db892442c2c3a3779b0f1eac4370d3655be15a1/Signals/pyCode/Predictors/ZZ2_betaVIX.py,1e850d7fde9a46a064c8c281bcc4243655b533cc89d4b7675e80378819e27e41,daily_vix_changes|daily_market_returns|daily_stock_returns,,,,formula-specific monthly lookback; see pinned OpenAP source,False,False,0,,,0.0,unavailable,tests/test_openap_149_acquisition.py,https://github.com/trading-optimizer-lab-org/aurora/actions/runs/31333187227,https://github.com/trading-optimizer-lab-org/aurora/actions/runs/30995267332,openap-149-acquisition-extract-results,blocked_fidelity,unapproved_current_source:cboe_public|kenneth_french|yahoo_public,False
cfp,Accounting,https://raw.githubusercontent.com/OpenSourceAP/CrossSection/8db892442c2c3a3779b0f1eac4370d3655be15a1/Signals/pyCode/Predictors/cfp.py,71b6f3fc630ec686409d5cc9c49d60cda5381402886bf7ea7a3f119093fe41ed,,,,,not_yet_frozen,False,False,0,,,0.0,unavailable,tests/test_openap_149_acquisition.py,https://github.com/trading-optimizer-lab-org/aurora/actions/runs/31333187227,https://github.com/trading-optimizer-lab-org/aurora/actions/runs/30995267332,openap-149-acquisition-extract-results,blocked_source_failure,implementation_pit_identity_coverage_and_fidelity_pending,False
dNoa,Accounting,https://raw.githubusercontent.com/OpenSourceAP/CrossSection/8db892442c2c3a3779b0f1eac4370d3655be15a1/Signals/pyCode/Predictors/dNoa.py,6365154204a05b8e600148e7d6954d5c0cf3d419ac16f86dd7def78470b9b1fa,current_and_lagged_net_operating_assets,sec_edgar,https://www.sec.gov/files/company_tickers_exchange.json,SEC public data; automated access subject to SEC fair-access policy,formula-specific annual lookback; see pinned OpenAP source,True,True,2316,2026-06-30T00:00:00+00:00,2026-07-30T20:04:13+00:00,0.9905902480752781,reconstructed,tests/test_openap_149_acquisition.py,https://github.com/trading-optimizer-lab-org/aurora/actions/runs/31333187227,https://github.com/trading-optimizer-lab-org/aurora/actions/runs/30995267332,openap-149-acquisition-extract-results,current_signal_computed,strict_validation_and_fidelity_gates_pending,False
hire,Other,https://raw.githubusercontent.com/OpenSourceAP/CrossSection/8db892442c2c3a3779b0f1eac4370d3655be15a1/Signals/pyCode/Predictors/hire.py,0332e593fe90c639cbda6387cdb96ba15d29f583b14824ffde60add29be0217c,employee_count_history,sec_edgar,https://www.sec.gov/files/company_tickers_exchange.json,SEC public data; automated access subject to SEC fair-access policy,formula-specific annual lookback; see pinned OpenAP source,True,True,67,2026-06-30T00:00:00+00:00,2026-07-30T14:52:29+00:00,0.028656971770744225,reconstructed,tests/test_openap_149_acquisition.py,https://github.com/trading-optimizer-lab-org/aurora/actions/runs/31333187227,https://github.com/trading-optimizer-lab-org/aurora/actions/runs/30995267332,openap-149-acquisition-extract-results,current_signal_computed,strict_validation_and_fidelity_gates_pending,False
iomom_cust,Other,https://raw.githubusercontent.com/OpenSourceAP/CrossSection/8db892442c2c3a3779b0f1eac4370d3655be15a1/Signals/pyCode/Predictors/ZZ1_iomom_cust__iomom_supp.py,b8f5ec7425ef8e3d8e12e680e73d4f3aa6912eba9cee2e0d23b7ad2ead951f51,,,,,not_yet_frozen,False,False,0,,,0.0,unavailable,tests/test_openap_149_acquisition.py,https://github.com/trading-optimizer-lab-org/aurora/actions/runs/31333187227,https://github.com/trading-optimizer-lab-org/aurora/actions/runs/30995267332,openap-149-acquisition-extract-results,blocked_source_failure,implementation_pit_identity_coverage_and_fidelity_pending,False
iomom_supp,Other,https://raw.githubusercontent.com/OpenSourceAP/CrossSection/8db892442c2c3a3779b0f1eac4370d3655be15a1/Signals/pyCode/Predictors/ZZ1_iomom_cust__iomom_supp.py,b8f5ec7425ef8e3d8e12e680e73d4f3aa6912eba9cee2e0d23b7ad2ead951f51,bea_supplier_use_table|firm_industry|industry_returns,,,,formula-specific annual lookback; see pinned OpenAP source,False,False,0,,,0.0,unavailable,tests/test_openap_149_acquisition.py,https://github.com/trading-optimizer-lab-org/aurora/actions/runs/31333187227,https://github.com/trading-optimizer-lab-org/aurora/actions/runs/30995267332,openap-149-acquisition-extract-results,blocked_source_failure,implementation_pit_identity_coverage_and_fidelity_pending,False
realestate,Accounting,https://raw.githubusercontent.com/OpenSourceAP/CrossSection/8db892442c2c3a3779b0f1eac4370d3655be15a1/Signals/pyCode/Predictors/realestate.py,83f46e96b508f2274c5da5919c24be2271b226204b6996a8baee15038740f771,,,,,not_yet_frozen,False,False,0,,,0.0,unavailable,tests/test_openap_149_acquisition.py,https://github.com/trading-optimizer-lab-org/aurora/actions/runs/31333187227,https://github.com/trading-optimizer-lab-org/aurora/actions/runs/30995267332,openap-149-acquisition-extract-results,blocked_source_failure,implementation_pit_identity_coverage_and_fidelity_pending,False
retConglomerate,Price,https://raw.githubusercontent.com/OpenSourceAP/CrossSection/8db892442c2c3a3779b0f1eac4370d3655be15a1/Signals/pyCode/Predictors/retConglomerate.py,45a9bde0427f776fba5750824ec26c1867352855ee821b9d45913e93c3d43622,business_segment_sales|segment_industries|standalone_industry_returns,,,,formula-specific annual lookback; see pinned OpenAP source,False,False,0,,,0.0,unavailable,tests/test_openap_149_acquisition.py,https://github.com/trading-optimizer-lab-org/aurora/actions/runs/31333187227,https://github.com/trading-optimizer-lab-org/aurora/actions/runs/30995267332,openap-149-acquisition-extract-results,blocked_source_failure,implementation_pit_identity_coverage_and_fidelity_pending,False
roaq,Accounting,https://raw.githubusercontent.com/OpenSourceAP/CrossSection/8db892442c2c3a3779b0f1eac4370d3655be15a1/Signals/pyCode/Predictors/roaq.py,17ef6905930c74a3c697bbe51a4bb217b0ceb0b25d4026f3608e7b36a6735559,quarterly_net_income|lagged_quarterly_assets,sec_edgar,https://www.sec.gov/files/company_tickers_exchange.json,SEC public data; automated access subject to SEC fair-access policy,formula-specific quarterly lookback; see pinned OpenAP source,True,True,2327,2026-07-31T00:00:00+00:00,2026-08-04T00:00:00+00:00,0.995295124037639,reconstructed,tests/test_openap_149_acquisition.py,https://github.com/trading-optimizer-lab-org/aurora/actions/runs/31333187227,https://github.com/trading-optimizer-lab-org/aurora/actions/runs/30995267332,openap-149-acquisition-extract-results,current_signal_computed,strict_validation_and_fidelity_gates_pending;quarantined_contract_rows=5:available_at_precedes_effective_period,False
sinAlgo,Other,https://raw.githubusercontent.com/OpenSourceAP/CrossSection/8db892442c2c3a3779b0f1eac4370d3655be15a1/Signals/pyCode/Predictors/sinAlgo.py,18c16b295bd0aab19e7e7581f31f10405fb00c48c01574862805a76d3fd4863f,,,,,not_yet_frozen,False,False,0,,,0.0,unavailable,tests/test_openap_149_acquisition.py,https://github.com/trading-optimizer-lab-org/aurora/actions/runs/31333187227,https://github.com/trading-optimizer-lab-org/aurora/actions/runs/30995267332,openap-149-acquisition-extract-results,blocked_source_failure,implementation_pit_identity_coverage_and_fidelity_pending,False
std_turn,Trading,https://raw.githubusercontent.com/OpenSourceAP/CrossSection/8db892442c2c3a3779b0f1eac4370d3655be15a1/Signals/pyCode/Predictors/std_turn.py,bddf1463c30c774360247a9afc156546ce8ed7d8f6832c46ac07ce75c3d7da52,,,,,not_yet_frozen,False,False,0,,,0.0,unavailable,tests/test_openap_149_acquisition.py,https://github.com/trading-optimizer-lab-org/aurora/actions/runs/31333187227,https://github.com/trading-optimizer-lab-org/aurora/actions/runs/30995267332,openap-149-acquisition-extract-results,blocked_source_failure,implementation_pit_identity_coverage_and_fidelity_pending,False
tang,Accounting,https://raw.githubusercontent.com/OpenSourceAP/CrossSection/8db892442c2c3a3779b0f1eac4370d3655be15a1/Signals/pyCode/Predictors/tang.py,cfdbe9c1f2d68e423c10efff085d92e747ae7f033cd9cbf4f9d136447f881681,,,,,not_yet_frozen,False,False,0,,,0.0,unavailable,tests/test_openap_149_acquisition.py,https://github.com/trading-optimizer-lab-org/aurora/actions/runs/31333187227,https://github.com/trading-optimizer-lab-org/aurora/actions/runs/30995267332,openap-149-acquisition-extract-results,blocked_source_failure,implementation_pit_identity_coverage_and_fidelity_pending,False
zerotrade12M,Trading,https://raw.githubusercontent.com/OpenSourceAP/CrossSection/8db892442c2c3a3779b0f1eac4370d3655be15a1/Signals/pyCode/Predictors/ZZ1_zerotrade_zerotradeAlt1_zerotradeAlt12.py,2d2ee47c3c695f21b114a7a13548d07eb517a08a6e0539dc2282743edf95498b,daily_zero_trade_indicator|turnover_adjustment,,,,formula-specific monthly lookback; see pinned OpenAP source,False,False,0,,,0.0,unavailable,tests/test_openap_149_acquisition.py,https://github.com/trading-optimizer-lab-org/aurora/actions/runs/31333187227,https://github.com/trading-optimizer-lab-org/aurora/actions/runs/30995267332,openap-149-acquisition-extract-results,blocked_fidelity,unapproved_current_source:sec_edgar|yahoo_public,False
zerotrade1M,Trading,https://raw.githubusercontent.com/OpenSourceAP/CrossSection/8db892442c2c3a3779b0f1eac4370d3655be15a1/Signals/pyCode/Predictors/ZZ1_zerotrade_zerotradeAlt1_zerotradeAlt12.py,2d2ee47c3c695f21b114a7a13548d07eb517a08a6e0539dc2282743edf95498b,daily_zero_trade_indicator|turnover_adjustment,,,,formula-specific monthly lookback; see pinned OpenAP source,False,False,0,,,0.0,unavailable,tests/test_openap_149_acquisition.py,https://github.com/trading-optimizer-lab-org/aurora/actions/runs/31333187227,https://github.com/trading-optimizer-lab-org/aurora/actions/runs/30995267332,openap-149-acquisition-extract-results,blocked_fidelity,unapproved_current_source:sec_edgar|yahoo_public,False
zerotrade6M,Trading,https://raw.githubusercontent.com/OpenSourceAP/CrossSection/8db892442c2c3a3779b0f1eac4370d3655be15a1/Signals/pyCode/Predictors/ZZ1_zerotrade_zerotradeAlt1_zerotradeAlt12.py,2d2ee47c3c695f21b114a7a13548d07eb517a08a6e0539dc2282743edf95498b,daily_zero_trade_indicator|turnover_adjustment,,,,formula-specific monthly lookback; see pinned OpenAP source,False,False,0,,,0.0,unavailable,tests/test_openap_149_acquisition.py,https://github.com/trading-optimizer-lab-org/aurora/actions/runs/31333187227,https://github.com/trading-optimizer-lab-org/aurora/actions/runs/30995267332,openap-149-acquisition-extract-results,blocked_fidelity,unapproved_current_source:sec_edgar|yahoo_public,False
